date	language	activeUsers	userEngagementDuration
2025-05-01	Chinese	1	0
2025-05-01	English	81	9063
2025-05-01	German	1	25
2025-05-01	Hebrew	1	81
2025-05-01	Indonesian	1	34
2025-05-01	Italian	2	343
2025-05-01	Spanish	2	11
2025-05-02	Chinese	5	307
2025-05-02	English	98	3505
2025-05-02	German	1	367
2025-05-02	Hebrew	1	37
2025-05-02	Indonesian	1	4
2025-05-02	Italian	1	509
2025-05-02	Japanese	1	176
2025-05-02	Portuguese	1	0
2025-05-02	Spanish	1	149
2025-05-02	Turkish	1	17
2025-05-03	Chinese	2	6
2025-05-03	English	37	1771
2025-05-03	German	4	67
2025-05-03	Japanese	1	0
2025-05-03	Portuguese	1	1
2025-05-03	Swedish	2	117
2025-05-04	Chinese	1	57
2025-05-04	English	45	1564
2025-05-04	German	2	702
2025-05-04	Indonesian	1	22
2025-05-04	Korean	2	0
2025-05-04	Spanish	3	429
2025-05-05	Chinese	4	262
2025-05-05	English	72	5890
2025-05-05	French	1	56
2025-05-05	German	3	1330
2025-05-05	Italian	1	358
2025-05-05	Russian	1	118
2025-05-05	Spanish	6	6682
2025-05-05	Swedish	1	0
2025-05-06	Chinese	6	5196
2025-05-06	English	73	15850
2025-05-06	French	2	1535
2025-05-06	German	4	799
2025-05-06	Indonesian	1	0
2025-05-06	Italian	2	159
2025-05-06	Korean	1	10
2025-05-06	Russian	2	616
2025-05-06	Spanish	3	381
2025-05-07	Chinese	4	180
2025-05-07	English	76	13567
2025-05-07	French	3	777
2025-05-07	German	3	258
2025-05-07	Italian	1	67
2025-05-07	Japanese	4	230
2025-05-07	Korean	3	1487
2025-05-07	Spanish	3	777
2025-05-08	Chinese	9	1436
2025-05-08	English	79	6482
2025-05-08	French	1	20
2025-05-08	German	5	83
2025-05-08	Greek	1	298
2025-05-08	Italian	1	5
2025-05-08	Japanese	1	534
2025-05-08	Korean	4	311
2025-05-08	Polish	1	15
2025-05-08	Russian	2	76
2025-05-08	Serbian	1	31
2025-05-08	Spanish	3	38
2025-05-08	Turkish	1	5
2025-05-09	Arabic	1	0
2025-05-09	Catalan	1	11
2025-05-09	Chinese	3	154
2025-05-09	English	108	4451
2025-05-09	Finnish	1	40
2025-05-09	French	3	2167
2025-05-09	German	6	454
2025-05-09	Japanese	2	0
2025-05-09	Korean	2	27
2025-05-09	Portuguese	1	29
2025-05-09	Spanish	4	1551
2025-05-10	Arabic	1	0
2025-05-10	Chinese	2	91
2025-05-10	English	38	4429
2025-05-10	French	1	308
2025-05-10	German	1	0
2025-05-10	Spanish	1	2007
2025-05-11	Chinese	3	387
2025-05-11	Croatian	1	51
2025-05-11	English	56	1892
2025-05-11	French	2	81
2025-05-11	German	6	109
2025-05-11	Korean	1	0
2025-05-11	Polish	1	6
2025-05-11	Portuguese	1	32
2025-05-11	Thai	1	57
2025-05-12	Catalan	1	8106
2025-05-12	Chinese	12	1495
2025-05-12	Dutch	1	4
2025-05-12	English	96	8219
2025-05-12	German	3	16
2025-05-12	Japanese	3	776
2025-05-12	Korean	3	7
2025-05-12	Persian	1	7
2025-05-12	Polish	1	10
2025-05-12	Spanish	4	2391
2025-05-12	Thai	1	0
2025-05-12	Turkish	1	18
2025-05-13	Chinese	4	171
2025-05-13	English	80	14823
2025-05-13	French	4	24
2025-05-13	German	5	375
2025-05-13	Japanese	1	27
2025-05-13	Korean	1	552
2025-05-13	Spanish	2	274
2025-05-13	Turkish	1	1017
2025-05-14	Chinese	10	1207
2025-05-14	English	150	17026
2025-05-14	Italian	1	154
2025-05-14	Japanese	1	927
2025-05-14	Korean	2	0
2025-05-14	Portuguese	1	27
2025-05-14	Spanish	3	371
2025-05-14	Turkish	5	170
2025-05-15	Chinese	7	847
2025-05-15	English	88	5776
2025-05-15	French	3	318
2025-05-15	German	5	1635
2025-05-15	Italian	1	92
2025-05-15	Japanese	4	823
2025-05-15	Korean	3	0
2025-05-15	Portuguese	1	202
2025-05-15	Spanish	5	685
2025-05-15	Turkish	1	0
2025-05-16	Chinese	7	1476
2025-05-16	Danish	2	200
2025-05-16	English	112	34158
2025-05-16	French	2	56
2025-05-16	German	5	251
2025-05-16	Japanese	4	12
2025-05-16	Korean	1	0
2025-05-16	Portuguese	1	116
2025-05-16	Russian	2	228
2025-05-16	Spanish	3	903
2025-05-17	Chinese	4	46
2025-05-17	Croatian	1	72
2025-05-17	English	31	1496
2025-05-17	German	1	0
2025-05-17	Japanese	2	4
2025-05-17	Korean	2	1
2025-05-17	Spanish	2	51
2025-05-18	Chinese	4	2373
2025-05-18	Dutch	1	101
2025-05-18	English	25	708
2025-05-18	German	2	18
2025-05-18	Japanese	1	0
2025-05-18	Korean	2	0
2025-05-18	Spanish	1	0
2025-05-19	Chinese	10	3792
2025-05-19	English	104	4560
2025-05-19	German	6	1705
2025-05-19	Japanese	1	39
2025-05-19	Korean	1	0
2025-05-19	Polish	3	47
2025-05-19	Portuguese	1	9
2025-05-19	Spanish	3	56
2025-05-20	Chinese	8	2700
2025-05-20	English	153	4950
2025-05-20	French	1	19
2025-05-20	German	4	669
2025-05-20	Japanese	4	117
2025-05-20	Korean	2	22
2025-05-20	Portuguese	2	287
2025-05-20	Spanish	2	167
2025-05-21	Chinese	16	6849
2025-05-21	Czech	1	62
2025-05-21	English	172	4864
2025-05-21	French	1	4
2025-05-21	German	3	42
2025-05-21	Japanese	3	128
2025-05-21	Korean	1	0
2025-05-21	Russian	1	866
2025-05-21	Serbian	1	37
2025-05-21	Spanish	1	21
2025-05-22	Chinese	8	9892
2025-05-22	Dutch	1	13
2025-05-22	English	91	387374
2025-05-22	German	2	38
2025-05-22	Japanese	2	292
2025-05-22	Portuguese	1	688
2025-05-22	Spanish	1	50
2025-05-22	Swedish	1	29
2025-05-23	Chinese	3	4241
2025-05-23	English	83	2655
2025-05-23	German	1	166
2025-05-23	Italian	1	22
2025-05-23	Japanese	2	214
2025-05-23	Korean	2	44
2025-05-23	Spanish	1	56
2025-05-24	Chinese	2	206
2025-05-24	English	55	2126
2025-05-24	French	1	3
2025-05-24	Greek	2	115
2025-05-24	Indonesian	1	0
2025-05-24	Japanese	1	36
2025-05-24	Portuguese	1	4
2025-05-24	Spanish	1	5
2025-05-24	Ukrainian	1	38
2025-05-25	Chinese	5	999
2025-05-25	English	75	2966
2025-05-25	German	2	573
2025-05-25	Greek	1	69
2025-05-25	Korean	1	5
2025-05-25	Turkish	1	279
2025-05-26	Chinese	10	3529
2025-05-26	Dutch	1	96
2025-05-26	English	62	8103
2025-05-26	French	1	794
2025-05-26	German	1	0
2025-05-26	Japanese	2	61
2025-05-26	Polish	2	71
2025-05-26	Portuguese	1	117
2025-05-27	Chinese	6	259
2025-05-27	English	115	19470
2025-05-27	German	4	595
2025-05-27	Hungarian	2	36
2025-05-27	Japanese	1	0
2025-05-27	Spanish	3	185
2025-05-28	Chinese	10	3224
2025-05-28	English	67	19504
2025-05-28	French	2	109
2025-05-28	German	2	268
2025-05-28	Japanese	3	352
2025-05-28	Slovenian	1	10
2025-05-28	Spanish	1	127
2025-05-28	Turkish	1	24
2025-05-29	Chinese	10	2199
2025-05-29	English	202	5014
2025-05-29	German	1	41
2025-05-29	Japanese	1	0
2025-05-29	Portuguese	1	15
2025-05-29	Russian	1	5
2025-05-29	Spanish	1	63
2025-05-30	Arabic	1	44
2025-05-30	Chinese	3	9
2025-05-30	English	54	6296
2025-05-30	Japanese	1	63
2025-05-30	Spanish	2	146
2025-05-31	Chinese	2	1
2025-05-31	English	51	1365
2025-05-31	French	1	64
2025-05-31	German	1	98
2025-05-31	Japanese	1	54
2025-05-31	Norwegian Bokmål	1	37
2025-05-31	Portuguese	1	0
2025-05-31	Spanish	1	0
2025-05-31	Turkish	1	27
