date	hour	activeUsers	sessions	eventCount
2024-09-01	0	4	5	39
2024-09-01	1	4	5	28
2024-09-01	10	2	2	18
2024-09-01	11	6	7	83
2024-09-01	12	5	5	39
2024-09-01	13	7	7	46
2024-09-01	14	2	2	38
2024-09-01	15	7	7	71
2024-09-01	16	5	5	31
2024-09-01	17	4	4	27
2024-09-01	18	5	5	46
2024-09-01	19	4	4	33
2024-09-01	2	4	4	212
2024-09-01	20	4	4	22
2024-09-01	21	3	3	20
2024-09-01	22	2	2	16
2024-09-01	23	5	5	95
2024-09-01	3	2	2	148
2024-09-01	4	3	3	120
2024-09-01	5	1	1	9
2024-09-01	6	3	3	36
2024-09-01	7	3	3	41
2024-09-01	8	4	4	33
2024-09-01	9	3	3	25
2024-09-02	0	8	8	104
2024-09-02	1	3	3	37
2024-09-02	10	12	12	367
2024-09-02	11	8	8	316
2024-09-02	12	6	6	95
2024-09-02	13	10	10	103
2024-09-02	14	8	8	90
2024-09-02	15	10	10	114
2024-09-02	16	8	9	109
2024-09-02	17	10	10	148
2024-09-02	18	9	9	73
2024-09-02	19	6	6	54
2024-09-02	2	8	8	65
2024-09-02	20	7	7	116
2024-09-02	21	9	9	53
2024-09-02	22	4	4	32
2024-09-02	23	4	5	45
2024-09-02	3	5	6	102
2024-09-02	4	5	5	108
2024-09-02	5	5	5	190
2024-09-02	6	9	9	309
2024-09-02	7	10	12	453
2024-09-02	8	5	5	63
2024-09-02	9	11	12	289
2024-09-03	0	7	7	36
2024-09-03	1	4	5	49
2024-09-03	10	5	6	34
2024-09-03	11	13	13	83
2024-09-03	12	9	9	59
2024-09-03	13	8	8	249
2024-09-03	14	7	8	113
2024-09-03	15	9	11	68
2024-09-03	16	9	9	96
2024-09-03	17	13	14	122
2024-09-03	18	16	16	357
2024-09-03	19	13	13	205
2024-09-03	2	5	5	57
2024-09-03	20	10	11	101
2024-09-03	21	10	12	131
2024-09-03	22	10	10	164
2024-09-03	23	9	11	81
2024-09-03	3	6	6	29
2024-09-03	4	5	5	61
2024-09-03	5	3	4	74
2024-09-03	6	6	7	257
2024-09-03	7	6	6	142
2024-09-03	8	14	16	211
2024-09-03	9	7	8	49
2024-09-04	0	5	5	67
2024-09-04	1	4	4	17
2024-09-04	10	11	11	354
2024-09-04	11	17	19	218
2024-09-04	12	13	13	70
2024-09-04	13	10	10	89
2024-09-04	14	10	10	159
2024-09-04	15	14	15	289
2024-09-04	16	14	14	153
2024-09-04	17	16	16	347
2024-09-04	18	10	11	75
2024-09-04	19	9	9	72
2024-09-04	2	6	6	50
2024-09-04	20	11	12	135
2024-09-04	21	12	12	110
2024-09-04	22	14	14	545
2024-09-04	23	11	11	85
2024-09-04	3	6	6	31
2024-09-04	4	3	3	17
2024-09-04	5	7	7	157
2024-09-04	6	8	9	78
2024-09-04	7	41	41	170
2024-09-04	8	9	10	78
2024-09-04	9	6	6	30
2024-09-05	0	10	10	60
2024-09-05	1	7	7	50
2024-09-05	10	4	4	48
2024-09-05	11	8	8	96
2024-09-05	12	10	10	128
2024-09-05	13	26	28	475
2024-09-05	14	14	15	147
2024-09-05	15	8	8	70
2024-09-05	16	8	8	92
2024-09-05	17	6	7	131
2024-09-05	18	9	9	219
2024-09-05	19	7	8	98
2024-09-05	2	5	5	51
2024-09-05	20	5	6	31
2024-09-05	21	5	5	27
2024-09-05	22	3	3	18
2024-09-05	23	5	5	71
2024-09-05	3	4	4	28
2024-09-05	4	6	6	86
2024-09-05	5	4	4	28
2024-09-05	6	7	7	37
2024-09-05	7	14	14	76
2024-09-05	8	5	5	49
2024-09-05	9	7	7	41
2024-09-06	0	4	5	32
2024-09-06	1	3	3	20
2024-09-06	10	5	7	152
2024-09-06	11	13	13	197
2024-09-06	12	5	6	32
2024-09-06	13	13	13	150
2024-09-06	14	8	8	44
2024-09-06	15	11	12	134
2024-09-06	16	8	9	145
2024-09-06	17	12	12	54
2024-09-06	18	3	4	50
2024-09-06	19	5	6	33
2024-09-06	2	3	3	25
2024-09-06	20	10	11	71
2024-09-06	21	9	9	113
2024-09-06	22	6	6	71
2024-09-06	23	4	4	19
2024-09-06	3	4	4	26
2024-09-06	4	3	3	15
2024-09-06	5	3	4	30
2024-09-06	6	7	8	44
2024-09-06	7	8	8	93
2024-09-06	8	10	10	79
2024-09-06	9	6	7	94
2024-09-07	0	2	2	17
2024-09-07	1	2	2	14
2024-09-07	10	3	4	19
2024-09-07	11	19	19	76
2024-09-07	12	6	7	42
2024-09-07	13	6	6	87
2024-09-07	14	7	7	61
2024-09-07	15	6	6	35
2024-09-07	16	3	3	21
2024-09-07	17	7	7	45
2024-09-07	18	6	6	39
2024-09-07	19	5	5	30
2024-09-07	2	3	4	16
2024-09-07	20	40	40	103
2024-09-07	21	4	4	19
2024-09-07	22	4	4	22
2024-09-07	23	3	3	34
2024-09-07	3	2	2	9
2024-09-07	5	3	3	19
2024-09-07	6	2	2	17
2024-09-07	7	2	2	14
2024-09-07	8	5	5	95
2024-09-07	9	2	2	14
2024-09-08	0	3	3	17
2024-09-08	1	2	2	12
2024-09-08	10	9	4	171
2024-09-08	11	7	7	72
2024-09-08	12	7	7	94
2024-09-08	13	8	8	64
2024-09-08	14	5	5	45
2024-09-08	15	4	5	25
2024-09-08	16	4	7	38
2024-09-08	17	5	6	44
2024-09-08	18	4	4	47
2024-09-08	19	7	8	74
2024-09-08	2	18	8	338
2024-09-08	20	7	7	114
2024-09-08	21	4	4	22
2024-09-08	22	7	8	42
2024-09-08	23	5	6	36
2024-09-08	3	53	5	1503
2024-09-08	4	59	3	1684
2024-09-08	5	63	3	1822
2024-09-08	6	68	3	1939
2024-09-08	7	69	7	1938
2024-09-08	8	59	6	1686
2024-09-08	9	27	4	810
2024-09-09	0	4	5	75
2024-09-09	1	5	5	45
2024-09-09	10	10	10	70
2024-09-09	11	7	8	65
2024-09-09	12	7	7	56
2024-09-09	13	5	5	52
2024-09-09	14	11	12	177
2024-09-09	15	8	8	203
2024-09-09	16	8	8	141
2024-09-09	17	10	10	146
2024-09-09	18	8	8	104
2024-09-09	19	9	10	71
2024-09-09	2	4	4	22
2024-09-09	20	8	9	87
2024-09-09	21	6	8	95
2024-09-09	22	4	4	21
2024-09-09	23	4	4	48
2024-09-09	3	2	2	10
2024-09-09	4	6	6	17
2024-09-09	5	6	6	58
2024-09-09	6	7	7	50
2024-09-09	7	3	3	38
2024-09-09	8	6	6	72
2024-09-09	9	7	9	203
2024-09-10	0	2	2	165
2024-09-10	1	1	1	9
2024-09-10	10	3	3	16
2024-09-10	11	8	8	82
2024-09-10	12	4	4	16
2024-09-10	13	1	1	5
2024-09-10	14	3	3	29
2024-09-10	15	7	8	112
2024-09-10	16	8	8	240
2024-09-10	17	7	7	123
2024-09-10	18	7	8	56
2024-09-10	19	9	10	110
2024-09-10	2	3	3	58
2024-09-10	20	12	12	96
2024-09-10	21	7	7	54
2024-09-10	22	8	9	52
2024-09-10	23	6	6	27
2024-09-10	3	3	4	24
2024-09-10	4	1	1	27
2024-09-10	5	2	2	73
2024-09-10	7	2	2	10
2024-09-10	8	2	2	36
2024-09-10	9	9	9	46
2024-09-11	0	3	4	58
2024-09-11	1	5	5	41
2024-09-11	10	8	8	56
2024-09-11	11	7	7	42
2024-09-11	12	6	7	46
2024-09-11	13	7	7	131
2024-09-11	14	14	14	449
2024-09-11	15	7	9	387
2024-09-11	16	9	9	175
2024-09-11	17	8	10	345
2024-09-11	18	9	9	475
2024-09-11	19	6	6	96
2024-09-11	2	7	7	228
2024-09-11	20	5	5	173
2024-09-11	21	8	8	118
2024-09-11	22	2	2	9
2024-09-11	23	5	5	87
2024-09-11	3	4	4	119
2024-09-11	4	7	7	187
2024-09-11	5	7	7	202
2024-09-11	6	5	6	242
2024-09-11	7	4	4	565
2024-09-11	8	6	6	27
2024-09-11	9	4	4	52
2024-09-12	0	1	2	6
2024-09-12	1	3	4	18
2024-09-12	10	7	10	310
2024-09-12	11	9	12	319
2024-09-12	12	8	8	115
2024-09-12	13	4	4	184
2024-09-12	14	8	8	576
2024-09-12	15	10	10	285
2024-09-12	16	14	15	292
2024-09-12	17	10	11	136
2024-09-12	18	12	12	145
2024-09-12	19	8	8	94
2024-09-12	2	3	3	10
2024-09-12	20	5	5	248
2024-09-12	21	2	2	93
2024-09-12	22	6	7	122
2024-09-12	23	5	6	50
2024-09-12	3	1	1	5
2024-09-12	4	2	2	12
2024-09-12	5	1	1	17
2024-09-12	6	1	1	3
2024-09-12	7	25	26	39
2024-09-12	8	20	20	59
2024-09-12	9	5	5	97
2024-09-13	0	13	13	31
2024-09-13	1	34	33	58
2024-09-13	10	9	10	288
2024-09-13	11	6	6	62
2024-09-13	12	4	5	145
2024-09-13	13	4	4	47
2024-09-13	14	5	6	35
2024-09-13	15	7	8	403
2024-09-13	16	13	14	380
2024-09-13	17	8	9	65
2024-09-13	18	9	9	153
2024-09-13	19	7	8	157
2024-09-13	2	6	6	72
2024-09-13	20	7	8	109
2024-09-13	21	8	8	85
2024-09-13	22	6	6	39
2024-09-13	23	3	3	26
2024-09-13	3	9	9	58
2024-09-13	4	4	4	34
2024-09-13	5	6	6	56
2024-09-13	6	6	6	59
2024-09-13	7	6	7	166
2024-09-13	8	5	5	146
2024-09-13	9	9	9	254
2024-09-14	0	6	6	42
2024-09-14	1	4	4	25
2024-09-14	10	3	3	21
2024-09-14	11	4	4	34
2024-09-14	12	2	2	17
2024-09-14	13	1	1	15
2024-09-14	14	1	1	9
2024-09-14	15	7	7	32
2024-09-14	16	2	2	10
2024-09-14	17	2	2	9
2024-09-14	18	6	6	33
2024-09-14	19	4	4	21
2024-09-14	2	5	5	28
2024-09-14	20	4	4	25
2024-09-14	21	4	5	98
2024-09-14	22	4	4	47
2024-09-14	23	0	1	2
2024-09-14	3	2	2	14
2024-09-14	4	4	4	23
2024-09-14	5	18	18	35
2024-09-14	6	33	33	49
2024-09-14	7	5	5	130
2024-09-14	8	7	7	50
2024-09-14	9	5	5	40
2024-09-15	0	6	6	7
2024-09-15	13	3	3	6
2024-09-15	14	1	1	3
2024-09-15	17	5	5	80
2024-09-15	18	2	2	18
2024-09-15	19	2	2	8
2024-09-15	20	3	3	67
2024-09-15	21	6	7	32
2024-09-15	22	3	3	30
2024-09-15	23	3	3	22
2024-09-15	4	1	1	19
2024-09-15	6	3	3	11
2024-09-15	7	3	3	12
2024-09-15	8	5	6	23
2024-09-15	9	40	40	48
2024-09-16	0	2	2	16
2024-09-16	1	4	4	160
2024-09-16	10	9	9	65
2024-09-16	11	5	5	29
2024-09-16	12	5	5	30
2024-09-16	13	12	12	295
2024-09-16	14	10	10	292
2024-09-16	15	33	34	355
2024-09-16	16	26	26	58
2024-09-16	17	7	8	47
2024-09-16	18	5	5	30
2024-09-16	19	9	9	42
2024-09-16	2	6	6	177
2024-09-16	20	10	10	49
2024-09-16	21	8	9	31
2024-09-16	22	12	12	38
2024-09-16	23	7	7	42
2024-09-16	3	4	4	28
2024-09-16	4	1	1	5
2024-09-16	5	6	6	49
2024-09-16	6	8	8	56
2024-09-16	7	6	7	50
2024-09-16	8	7	9	64
2024-09-16	9	6	6	45
2024-09-17	0	5	5	50
2024-09-17	1	6	6	44
2024-09-17	10	12	13	215
2024-09-17	11	10	10	63
2024-09-17	12	10	10	88
2024-09-17	13	14	15	152
2024-09-17	14	15	15	158
2024-09-17	15	15	16	138
2024-09-17	16	12	12	65
2024-09-17	17	43	44	123
2024-09-17	18	12	12	104
2024-09-17	19	13	13	192
2024-09-17	2	7	8	45
2024-09-17	20	17	17	92
2024-09-17	21	9	9	106
2024-09-17	22	8	9	73
2024-09-17	23	9	9	128
2024-09-17	3	6	6	34
2024-09-17	4	7	7	38
2024-09-17	5	8	8	278
2024-09-17	6	7	8	47
2024-09-17	7	45	45	97
2024-09-17	8	21	21	53
2024-09-17	9	8	8	38
2024-09-18	0	11	11	144
2024-09-18	1	13	13	136
2024-09-18	10	8	8	53
2024-09-18	11	7	9	79
2024-09-18	12	6	6	84
2024-09-18	13	9	9	68
2024-09-18	14	5	7	46
2024-09-18	15	7	7	122
2024-09-18	16	10	10	217
2024-09-18	17	8	8	95
2024-09-18	18	4	5	173
2024-09-18	19	7	8	258
2024-09-18	2	9	9	54
2024-09-18	20	2	2	57
2024-09-18	21	6	6	110
2024-09-18	22	10	11	507
2024-09-18	23	6	6	57
2024-09-18	3	8	8	45
2024-09-18	4	7	7	41
2024-09-18	5	5	5	27
2024-09-18	6	6	6	27
2024-09-18	7	3	4	31
2024-09-18	8	1	1	3
2024-09-18	9	3	3	84
2024-09-19	0	4	4	17
2024-09-19	1	1	1	41
2024-09-19	10	11	11	76
2024-09-19	11	8	8	227
2024-09-19	12	10	10	86
2024-09-19	13	9	10	98
2024-09-19	14	13	14	150
2024-09-19	15	14	15	189
2024-09-19	16	17	19	188
2024-09-19	17	13	14	225
2024-09-19	18	8	8	84
2024-09-19	19	10	10	100
2024-09-19	2	6	7	44
2024-09-19	20	8	9	66
2024-09-19	21	7	7	126
2024-09-19	22	5	5	58
2024-09-19	23	7	7	92
2024-09-19	3	4	4	20
2024-09-19	4	3	3	16
2024-09-19	5	5	5	24
2024-09-19	6	5	6	75
2024-09-19	7	4	5	52
2024-09-19	8	9	9	100
2024-09-19	9	6	6	72
2024-09-20	0	9	10	131
2024-09-20	1	5	5	61
2024-09-20	10	9	9	202
2024-09-20	11	14	16	137
2024-09-20	12	8	8	71
2024-09-20	13	7	7	128
2024-09-20	14	8	8	176
2024-09-20	15	10	11	98
2024-09-20	16	8	8	149
2024-09-20	17	12	13	136
2024-09-20	18	8	8	73
2024-09-20	19	7	7	84
2024-09-20	2	9	9	80
2024-09-20	20	9	9	393
2024-09-20	21	8	8	177
2024-09-20	22	22	22	131
2024-09-20	23	35	35	233
2024-09-20	3	8	8	123
2024-09-20	4	6	6	84
2024-09-20	5	10	10	110
2024-09-20	6	6	6	73
2024-09-20	7	9	9	509
2024-09-20	8	4	4	54
2024-09-20	9	4	4	61
2024-09-21	0	5	5	79
2024-09-21	1	6	6	96
2024-09-21	10	8	8	55
2024-09-21	11	4	4	83
2024-09-21	12	6	6	56
2024-09-21	13	5	5	105
2024-09-21	14	4	4	69
2024-09-21	15	4	4	51
2024-09-21	16	4	5	32
2024-09-21	17	5	5	34
2024-09-21	18	5	5	48
2024-09-21	19	3	3	22
2024-09-21	2	5	5	130
2024-09-21	20	7	7	52
2024-09-21	21	6	6	56
2024-09-21	22	7	7	65
2024-09-21	23	2	2	16
2024-09-21	3	5	5	61
2024-09-21	4	5	6	72
2024-09-21	5	3	3	55
2024-09-21	6	6	6	73
2024-09-21	7	8	8	51
2024-09-21	8	7	7	67
2024-09-21	9	5	5	75
2024-09-22	0	4	4	60
2024-09-22	1	5	5	91
2024-09-22	10	2	2	9
2024-09-22	11	1	1	5
2024-09-22	12	4	5	23
2024-09-22	13	2	2	16
2024-09-22	14	3	3	20
2024-09-22	15	7	7	46
2024-09-22	16	2	3	26
2024-09-22	17	2	2	11
2024-09-22	18	3	3	53
2024-09-22	19	5	5	234
2024-09-22	2	6	6	82
2024-09-22	20	5	5	39
2024-09-22	21	13	13	91
2024-09-22	22	21	22	82
2024-09-22	23	9	9	26
2024-09-22	3	5	5	37
2024-09-22	4	3	3	18
2024-09-22	5	4	5	32
2024-09-22	6	4	4	22
2024-09-22	8	3	3	16
2024-09-22	9	1	1	6
2024-09-23	0	3	3	13
2024-09-23	1	11	11	47
2024-09-23	10	4	4	43
2024-09-23	11	5	5	24
2024-09-23	12	5	6	72
2024-09-23	13	5	5	31
2024-09-23	14	8	8	129
2024-09-23	15	5	5	79
2024-09-23	16	2	3	42
2024-09-23	17	3	4	76
2024-09-23	18	4	4	59
2024-09-23	19	5	6	35
2024-09-23	2	2	2	11
2024-09-23	20	4	5	18
2024-09-23	21	7	7	40
2024-09-23	22	3	3	19
2024-09-23	23	2	3	23
2024-09-23	3	17	17	24
2024-09-23	4	2	2	14
2024-09-23	5	4	4	160
2024-09-23	6	2	2	23
2024-09-23	7	4	4	30
2024-09-23	8	1	1	4
2024-09-23	9	3	3	30
2024-09-24	0	3	3	25
2024-09-24	1	7	7	72
2024-09-24	10	10	11	92
2024-09-24	11	8	8	100
2024-09-24	12	9	10	204
2024-09-24	13	6	7	50
2024-09-24	14	13	13	899
2024-09-24	15	9	9	73
2024-09-24	16	8	10	49
2024-09-24	17	6	6	34
2024-09-24	18	6	6	53
2024-09-24	19	49	49	169
2024-09-24	2	4	4	91
2024-09-24	20	10	10	99
2024-09-24	21	9	9	44
2024-09-24	22	6	6	34
2024-09-24	23	4	5	63
2024-09-24	3	8	8	232
2024-09-24	4	8	9	43
2024-09-24	5	3	3	30
2024-09-24	6	4	4	21
2024-09-24	7	7	9	176
2024-09-24	8	3	4	23
2024-09-24	9	7	8	52
2024-09-25	0	12	12	59
2024-09-25	1	6	7	36
2024-09-25	10	9	9	103
2024-09-25	11	5	5	51
2024-09-25	12	9	9	87
2024-09-25	13	6	7	49
2024-09-25	14	9	10	138
2024-09-25	15	16	16	283
2024-09-25	16	15	17	144
2024-09-25	17	9	9	58
2024-09-25	18	8	8	159
2024-09-25	19	10	10	110
2024-09-25	2	7	7	38
2024-09-25	20	11	12	157
2024-09-25	21	8	8	185
2024-09-25	22	10	10	62
2024-09-25	23	7	7	739
2024-09-25	3	5	5	33
2024-09-25	4	3	3	31
2024-09-25	5	2	2	18
2024-09-25	6	5	6	35
2024-09-25	7	7	9	282
2024-09-25	8	5	7	39
2024-09-25	9	11	12	105
2024-09-26	0	8	8	95
2024-09-26	1	6	6	107
2024-09-26	10	7	7	110
2024-09-26	11	13	15	434
2024-09-26	12	5	5	21
2024-09-26	13	9	10	105
2024-09-26	14	9	9	929
2024-09-26	15	12	12	263
2024-09-26	16	6	8	425
2024-09-26	17	6	6	82
2024-09-26	18	8	9	1274
2024-09-26	19	11	12	213
2024-09-26	2	3	3	15
2024-09-26	20	9	9	52
2024-09-26	21	6	6	34
2024-09-26	22	4	4	28
2024-09-26	23	6	6	51
2024-09-26	3	39	39	61
2024-09-26	4	4	4	21
2024-09-26	5	5	5	29
2024-09-26	6	7	7	86
2024-09-26	7	9	9	89
2024-09-26	8	7	8	47
2024-09-26	9	5	7	69
2024-09-27	0	2	3	14
2024-09-27	1	4	4	123
2024-09-27	10	8	8	82
2024-09-27	11	7	8	257
2024-09-27	12	5	6	51
2024-09-27	13	5	5	265
2024-09-27	14	12	12	95
2024-09-27	15	10	11	134
2024-09-27	16	11	13	203
2024-09-27	17	11	11	86
2024-09-27	18	10	11	76
2024-09-27	19	10	10	155
2024-09-27	2	4	4	284
2024-09-27	20	9	9	57
2024-09-27	21	9	9	61
2024-09-27	22	13	13	115
2024-09-27	23	12	12	50
2024-09-27	3	5	5	331
2024-09-27	4	6	7	51
2024-09-27	5	4	4	21
2024-09-27	6	4	4	23
2024-09-27	7	8	9	88
2024-09-27	8	7	8	47
2024-09-27	9	8	8	76
2024-09-28	0	6	7	38
2024-09-28	1	7	7	57
2024-09-28	10	6	6	185
2024-09-28	11	6	6	113
2024-09-28	12	7	7	105
2024-09-28	13	7	7	58
2024-09-28	14	5	5	135
2024-09-28	15	7	7	26
2024-09-28	16	3	3	15
2024-09-28	17	3	3	17
2024-09-28	18	4	4	29
2024-09-28	19	4	4	30
2024-09-28	2	5	5	31
2024-09-28	20	3	4	26
2024-09-28	21	3	3	24
2024-09-28	22	3	3	13
2024-09-28	23	4	4	26
2024-09-28	3	6	6	34
2024-09-28	4	5	5	31
2024-09-28	5	5	5	31
2024-09-28	6	6	6	34
2024-09-28	7	9	9	117
2024-09-28	8	47	47	91
2024-09-28	9	6	6	50
2024-09-29	0	2	3	11
2024-09-29	1	2	2	22
2024-09-29	10	1	1	5
2024-09-29	11	2	2	8
2024-09-29	12	3	3	201
2024-09-29	13	3	3	24
2024-09-29	14	1	1	5
2024-09-29	15	4	4	17
2024-09-29	16	5	5	11
2024-09-29	17	9	9	75
2024-09-29	18	3	3	26
2024-09-29	19	2	3	12
2024-09-29	2	1	1	5
2024-09-29	20	3	3	13
2024-09-29	21	4	4	25
2024-09-29	22	2	2	9
2024-09-29	23	2	2	8
2024-09-29	3	1	1	5
2024-09-29	4	5	5	45
2024-09-29	5	3	3	19
2024-09-29	6	4	4	34
2024-09-29	7	3	3	208
2024-09-29	8	3	4	41
2024-09-29	9	3	3	97
2024-09-30	0	4	4	23
2024-09-30	1	4	4	188
2024-09-30	10	7	8	47
2024-09-30	11	6	6	51
2024-09-30	12	8	8	75
2024-09-30	13	8	8	104
2024-09-30	14	8	10	293
2024-09-30	15	7	7	101
2024-09-30	16	12	13	200
2024-09-30	17	6	6	41
2024-09-30	18	10	11	175
2024-09-30	19	8	8	102
2024-09-30	2	3	3	14
2024-09-30	20	9	9	61
2024-09-30	21	5	5	265
2024-09-30	22	3	3	19
2024-09-30	23	5	5	47
2024-09-30	3	4	5	249
2024-09-30	4	5	5	59
2024-09-30	5	4	4	39
2024-09-30	6	6	7	30
2024-09-30	7	7	8	108
2024-09-30	8	8	8	278
2024-09-30	9	7	7	68
