date	sessionDefaultChannelGroup	sessions	engagedSessions	userEngagementDuration
2026-02-01	Direct	987	986	462
2026-02-01	Organic Search	83	78	1354
2026-02-01	Referral	4	4	211
2026-02-01	Unassigned	2	1	1
2026-02-02	Direct	920	919	942
2026-02-02	Organic Search	121	118	4163
2026-02-02	Referral	15	14	2131
2026-02-02	Unassigned	10	1	115
2026-02-03	Direct	940	932	5654
2026-02-03	Organic Search	174	166	9853
2026-02-03	Referral	26	25	2023
2026-02-03	Unassigned	12	0	328
2026-02-04	Direct	1289	1287	3783
2026-02-04	Organic Search	149	144	10773
2026-02-04	Referral	20	19	1186
2026-02-04	Unassigned	4	0	12
2026-02-05	Direct	993	991	6084
2026-02-05	Organic Search	151	149	6682
2026-02-05	Organic Social	1	1	81
2026-02-05	Referral	20	17	903
2026-02-05	Unassigned	9	1	478
2026-02-06	Direct	910	906	3825
2026-02-06	Organic Search	148	148	2022
2026-02-06	Referral	26	24	5337
2026-02-06	Unassigned	6	0	0
2026-02-07	Direct	1129	1128	2658
2026-02-07	Organic Search	145	145	726
2026-02-07	Referral	9	7	1415
2026-02-07	Unassigned	41	0	0
2026-02-08	Direct	1134	1134	1907
2026-02-08	Organic Search	134	132	284
2026-02-08	Referral	519	518	21168
2026-02-08	Unassigned	19	0	8
2026-02-09	Direct	1212	1210	6527
2026-02-09	Organic Search	216	213	4224
2026-02-09	Referral	21	20	755
2026-02-09	Unassigned	60	0	18
2026-02-10	Direct	1261	1256	5412
2026-02-10	Organic Search	154	149	1579
2026-02-10	Referral	38	38	252
2026-02-10	Unassigned	13	1	10
2026-02-11	Direct	1176	1174	6384
2026-02-11	Organic Search	107	101	5711
2026-02-11	Organic Social	1	1	1099
2026-02-11	Referral	21	19	87
2026-02-11	Unassigned	15	0	535
2026-02-12	Direct	1146	1145	4192
2026-02-12	Organic Search	98	95	3809
2026-02-12	Referral	21	20	468
2026-02-12	Unassigned	11	0	25
2026-02-13	Direct	948	945	6337
2026-02-13	Organic Search	62	57	3645
2026-02-13	Referral	22	19	1518
2026-02-13	Unassigned	13	0	44
2026-02-14	Direct	934	933	5801
2026-02-14	Organic Search	82	80	980
2026-02-14	Referral	9	7	496
2026-02-14	Unassigned	10	0	15
2026-02-15	Direct	1028	1028	5739
2026-02-15	Organic Search	94	92	1540
2026-02-15	Referral	3	3	12
2026-02-15	Unassigned	16	0	1606
2026-02-16	Direct	821	821	8122
2026-02-16	Organic Search	105	104	3942
2026-02-16	Referral	17	16	135
2026-02-16	Unassigned	19	0	22
2026-02-17	Direct	961	961	5094
2026-02-17	Organic Search	78	77	4116
2026-02-17	Referral	22	22	1004
2026-02-17	Unassigned	8	0	3
2026-02-18	Direct	1016	1016	6399
2026-02-18	Organic Search	98	96	2951
2026-02-18	Referral	19	18	565
2026-02-18	Unassigned	15	2	126
2026-02-19	Direct	1004	1002	6883
2026-02-19	Organic Search	78	73	3396
2026-02-19	Referral	27	27	1676
2026-02-19	Unassigned	10	0	24
2026-02-20	Direct	1151	1149	5694
2026-02-20	Organic Search	114	111	5471
2026-02-20	Referral	21	21	2005
2026-02-20	Unassigned	5	1	1
2026-02-21	Direct	1132	1131	4479
2026-02-21	Organic Search	71	70	233
2026-02-21	Referral	14	14	576
2026-02-21	Unassigned	8	0	120
2026-02-22	Direct	1219	1219	5918
2026-02-22	Organic Search	73	72	744
2026-02-22	Referral	3	3	274
2026-02-22	Unassigned	11	0	23
2026-02-23	Direct	1305	1303	8198
2026-02-23	Organic Search	125	122	4028
2026-02-23	Referral	17	15	2238
2026-02-23	Unassigned	13	0	169
2026-02-24	Direct	1640	1636	7570
2026-02-24	Organic Search	107	101	3255
2026-02-24	Organic Social	24	24	1125
2026-02-24	Referral	19	18	5766
2026-02-24	Unassigned	5	1	54
2026-02-25	Direct	1956	1953	6023
2026-02-25	Organic Search	112	107	4085
2026-02-25	Organic Social	2	2	153
2026-02-25	Referral	33	32	9566
2026-02-25	Unassigned	4	0	18
2026-02-26	Direct	1551	1548	5907
2026-02-26	Organic Search	95	90	3416
2026-02-26	Organic Social	1	1	44
2026-02-26	Referral	39	38	5000
2026-02-26	Unassigned	9	0	24
2026-02-27	Direct	2223	2221	9157
2026-02-27	Organic Search	28	28	2573
2026-02-27	Organic Social	1	1	92
2026-02-27	Referral	44	43	1033
2026-02-27	Unassigned	30	0	15
2026-02-28	Direct	2101	2100	7132
2026-02-28	Organic Search	11	11	171
2026-02-28	Referral	30	30	137
2026-02-28	Unassigned	17	0	12
