date	country	activeUsers	newUsers	sessions	engagedSessions	screenPageViews	userEngagementDuration	eventCount
2024-12-01	(not set)	1	1	1	1	1	0	3
2024-12-01	Argentina	1	0	1	1	0	21	1
2024-12-01	Brazil	1	1	1	1	28	149	39
2024-12-01	Canada	1	1	1	1	10	62	17
2024-12-01	China	5	4	9	9	22	0	43
2024-12-01	France	2	2	4	4	9	58	20
2024-12-01	Germany	3	3	3	3	83	510	120
2024-12-01	Greece	1	1	2	2	8	13	15
2024-12-01	Guadeloupe	1	1	1	1	1	0	3
2024-12-01	Israel	1	1	1	1	6	21	11
2024-12-01	Japan	0	0	1	1	1	0	2
2024-12-01	Latvia	1	1	2	1	1	0	5
2024-12-01	Poland	3	2	6	6	45	144	84
2024-12-01	Seychelles	1	1	1	1	1	0	3
2024-12-01	South Korea	2	2	2	2	2	0	6
2024-12-01	Türkiye	1	1	1	1	2	79	7
2024-12-01	Ukraine	1	1	1	1	1	23	5
2024-12-01	United Kingdom	7	5	32	32	231	595	400
2024-12-01	United States	17	9	40	40	348	1043	569
2024-12-02	(not set)	1	1	1	1	1	0	3
2024-12-02	Austria	1	0	1	1	3	2	5
2024-12-02	Canada	4	3	5	4	11	42	24
2024-12-02	China	7	4	11	10	38	173	84
2024-12-02	France	5	4	8	8	71	854	115
2024-12-02	Germany	17	9	49	48	251	757	434
2024-12-02	Hungary	1	1	2	2	19	322	30
2024-12-02	India	3	3	3	3	3	0	9
2024-12-02	Iran	1	1	1	1	1	4	4
2024-12-02	Iraq	1	1	1	1	1	7	4
2024-12-02	Israel	1	1	2	2	6	39	12
2024-12-02	Japan	1	0	3	3	5	0	9
2024-12-02	Lithuania	1	1	1	1	1	11	4
2024-12-02	Netherlands	1	0	3	3	9	0	19
2024-12-02	Paraguay	1	1	1	1	1	0	3
2024-12-02	Poland	3	2	3	3	22	48	36
2024-12-02	Portugal	1	0	5	5	33	102	51
2024-12-02	Russia	1	1	1	1	1	4	4
2024-12-02	Singapore	1	0	1	0	0	0	2
2024-12-02	South Korea	2	2	2	2	3	11	11
2024-12-02	Spain	1	0	2	2	26	64	51
2024-12-02	Switzerland	1	1	1	1	1	2	4
2024-12-02	Ukraine	1	1	1	1	36	108	50
2024-12-02	United Kingdom	15	10	41	39	424	1343	705
2024-12-02	United States	56	40	113	110	701	3150	1303
2024-12-02	Vietnam	1	1	1	1	1	0	3
2024-12-03	(not set)	1	1	1	1	1	28	4
2024-12-03	Argentina	1	1	2	2	12	76	20
2024-12-03	Australia	1	1	1	1	1	0	3
2024-12-03	Austria	1	1	1	1	10	86	17
2024-12-03	Bangladesh	1	1	1	1	1	0	3
2024-12-03	Brazil	4	3	4	3	35	101	57
2024-12-03	Canada	5	5	5	5	35	166	61
2024-12-03	China	8	5	13	13	67	362	170
2024-12-03	France	1	0	2	2	75	732	132
2024-12-03	Germany	14	9	51	49	1057	3950	1431
2024-12-03	Hungary	1	0	1	1	3	0	7
2024-12-03	India	3	3	3	3	21	95	36
2024-12-03	Italy	3	2	4	4	26	817	51
2024-12-03	Japan	5	1	6	5	25	94	46
2024-12-03	Netherlands	2	1	3	3	60	243	88
2024-12-03	New Zealand	1	1	1	1	8	27	14
2024-12-03	Panama	1	0	2	1	8	3	12
2024-12-03	Portugal	1	0	3	3	34	230	54
2024-12-03	Russia	6	5	7	7	138	733	206
2024-12-03	South Korea	3	3	4	3	45	137	67
2024-12-03	Spain	1	0	1	1	14	401	31
2024-12-03	Switzerland	1	0	1	1	4	18	9
2024-12-03	Taiwan	2	2	2	2	5	53	13
2024-12-03	United Arab Emirates	1	1	1	1	1	5	4
2024-12-03	United Kingdom	18	10	78	76	807	1850	1286
2024-12-03	United States	52	43	97	94	984	5154	1594
2024-12-03	Vietnam	1	1	1	1	1	0	3
2024-12-03	Yemen	1	1	1	1	1	0	3
2024-12-04	Australia	1	1	3	3	22	117	42
2024-12-04	Austria	1	1	1	1	14	302	23
2024-12-04	Brazil	1	1	1	1	3	13	7
2024-12-04	Canada	2	2	2	2	5	39	14
2024-12-04	China	4	2	6	4	7	15	23
2024-12-04	Colombia	1	1	1	1	15	129	24
2024-12-04	Denmark	1	0	1	1	2	0	3
2024-12-04	France	1	1	2	2	2	5	6
2024-12-04	Germany	10	4	40	38	994	1993	1246
2024-12-04	Hong Kong	3	2	3	3	4	35	11
2024-12-04	India	1	0	1	1	16	51	23
2024-12-04	Indonesia	1	1	1	1	1	8	4
2024-12-04	Israel	1	0	1	1	2	4	4
2024-12-04	Japan	0	0	1	1	1	0	2
2024-12-04	Pakistan	1	1	2	2	27	359	43
2024-12-04	Portugal	1	0	1	1	18	69	29
2024-12-04	Romania	1	1	1	1	26	72	39
2024-12-04	Russia	5	5	5	5	43	164	71
2024-12-04	South Africa	1	1	1	1	1	13	5
2024-12-04	South Korea	4	4	4	4	51	295	87
2024-12-04	Spain	2	1	3	3	66	260	85
2024-12-04	Switzerland	1	1	1	1	1	4	4
2024-12-04	Taiwan	3	2	4	4	430	3297	493
2024-12-04	Trinidad & Tobago	1	1	1	1	13	382	21
2024-12-04	United Kingdom	12	3	65	65	326	1532	628
2024-12-04	United States	35	28	76	75	419	2266	751
2024-12-05	Argentina	1	1	1	1	2	13	6
2024-12-05	Canada	2	2	2	2	2	15	7
2024-12-05	China	7	3	15	13	52	84	97
2024-12-05	Finland	1	1	1	1	26	65	38
2024-12-05	France	2	2	2	2	5	31	12
2024-12-05	Germany	11	3	50	48	315	1486	514
2024-12-05	India	2	2	2	2	14	561	24
2024-12-05	Italy	1	1	2	2	21	73	35
2024-12-05	Japan	1	0	5	4	14	2	25
2024-12-05	Lithuania	2	2	2	2	37	171	58
2024-12-05	Netherlands	1	1	2	2	10	8	17
2024-12-05	Pakistan	0	0	1	0	0	0	2
2024-12-05	Philippines	1	1	1	1	1	7	4
2024-12-05	Poland	1	1	1	1	37	62	58
2024-12-05	Portugal	0	0	1	0	0	0	2
2024-12-05	South Korea	2	1	2	2	5	35	12
2024-12-05	Spain	1	1	1	1	1	0	3
2024-12-05	Switzerland	1	1	1	1	3	7	7
2024-12-05	Taiwan	3	1	6	6	1074	7179	1134
2024-12-05	Türkiye	2	2	3	3	74	422	225
2024-12-05	United Kingdom	18	5	66	64	353	1247	663
2024-12-05	United States	36	30	95	91	474	3207	871
2024-12-06	Austria	2	2	4	4	135	680	185
2024-12-06	Canada	5	5	6	6	8	92	22
2024-12-06	China	4	3	6	5	17	93	40
2024-12-06	France	3	3	3	3	14	37	25
2024-12-06	Germany	16	9	66	66	516	2143	785
2024-12-06	Hungary	2	2	2	2	11	78	20
2024-12-06	India	7	7	7	7	9	25	27
2024-12-06	Japan	2	1	2	2	4	33	10
2024-12-06	Nepal	1	1	1	1	1	14	4
2024-12-06	Philippines	1	1	1	1	6	84	12
2024-12-06	Portugal	1	1	2	2	2	6	6
2024-12-06	Puerto Rico	1	0	1	1	30	1387	47
2024-12-06	Qatar	2	2	2	2	4	34	11
2024-12-06	Romania	2	2	2	2	34	205	53
2024-12-06	Russia	1	1	1	1	12	35	19
2024-12-06	South Korea	1	0	1	1	2	5	5
2024-12-06	Switzerland	3	3	4	4	62	1240	86
2024-12-06	Taiwan	3	1	3	3	394	1258	428
2024-12-06	United Arab Emirates	1	1	1	1	2	1	5
2024-12-06	United Kingdom	13	6	52	51	248	445	512
2024-12-06	United States	31	20	92	91	630	2654	1070
2024-12-06	Uzbekistan	1	1	1	1	6	43	13
2024-12-07	(not set)	1	1	1	1	1	16	4
2024-12-07	Brazil	1	1	1	1	46	177	66
2024-12-07	Canada	3	4	3	3	4	6	13
2024-12-07	China	36	2	37	4	12	176	72
2024-12-07	Ethiopia	1	1	1	1	8	55	14
2024-12-07	France	1	1	1	1	1	9	4
2024-12-07	Germany	4	1	38	38	110	0	195
2024-12-07	Hungary	1	1	1	1	4	48	10
2024-12-07	India	96	96	101	101	365	1849	720
2024-12-07	Iraq	1	1	1	1	6	24	11
2024-12-07	Italy	1	1	1	1	1	8	4
2024-12-07	Japan	2	1	6	6	216	2544	324
2024-12-07	Kazakhstan	1	1	1	1	25	124	38
2024-12-07	Mexico	3	3	3	3	3	17	10
2024-12-07	Netherlands	1	1	1	1	12	66	19
2024-12-07	Poland	1	1	1	1	1	0	3
2024-12-07	Russia	2	2	2	2	24	112	37
2024-12-07	Saudi Arabia	1	1	1	1	1	0	3
2024-12-07	Sweden	1	1	1	1	75	90	108
2024-12-07	Taiwan	1	1	1	1	9	361	26
2024-12-07	United Arab Emirates	1	1	1	1	1	0	3
2024-12-07	United Kingdom	9	1	45	45	250	816	490
2024-12-07	United States	17	10	58	56	315	2159	549
2024-12-07	Vietnam	1	1	1	1	1	2	4
2024-12-08	Argentina	1	1	1	1	10	63	17
2024-12-08	Austria	1	0	6	6	18	0	34
2024-12-08	Azerbaijan	1	1	1	1	8	460	14
2024-12-08	Belgium	1	1	1	1	6	7	11
2024-12-08	Canada	7	7	7	7	29	97	56
2024-12-08	Chile	1	1	1	1	5	10	8
2024-12-08	China	90	3	90	3	7	797	122
2024-12-08	France	6	5	6	6	27	96	48
2024-12-08	Germany	16	11	53	53	371	1116	533
2024-12-08	India	124	125	126	125	256	1143	662
2024-12-08	Indonesia	1	1	1	1	1	11	4
2024-12-08	Iran	2	1	3	3	19	362	42
2024-12-08	Japan	2	2	2	2	2	8	7
2024-12-08	Mexico	1	0	3	2	5	77	13
2024-12-08	Norway	1	1	1	1	1	7	4
2024-12-08	Poland	1	1	1	1	1	0	3
2024-12-08	Russia	2	2	2	2	38	286	53
2024-12-08	Saudi Arabia	1	1	1	1	6	44	11
2024-12-08	South Korea	1	1	1	1	1	0	3
2024-12-08	Spain	2	2	2	2	2	0	6
2024-12-08	Sweden	2	1	2	1	7	200	16
2024-12-08	Switzerland	1	0	1	1	3	1	8
2024-12-08	Taiwan	1	0	4	4	16	0	39
2024-12-08	United Arab Emirates	1	1	1	1	1	0	3
2024-12-08	United Kingdom	14	8	42	42	114	0	265
2024-12-08	United States	24	18	66	65	277	596	492
2024-12-09	Austria	2	0	8	8	38	63	65
2024-12-09	Brazil	1	1	4	3	25	100	41
2024-12-09	Canada	3	3	4	3	10	36	23
2024-12-09	Chile	2	2	2	2	36	295	55
2024-12-09	China	33	4	37	8	26	271	86
2024-12-09	Egypt	1	1	1	1	1	0	3
2024-12-09	Finland	1	1	1	1	39	627	68
2024-12-09	France	4	4	6	6	38	194	67
2024-12-09	Germany	15	7	68	65	420	799	627
2024-12-09	India	109	109	112	112	249	1198	617
2024-12-09	Iraq	1	1	1	1	2	13	6
2024-12-09	Ireland	1	1	1	1	1	7	4
2024-12-09	Italy	1	1	1	1	8	22	14
2024-12-09	Japan	8	5	11	11	43	340	78
2024-12-09	Netherlands	1	1	1	1	3	1	6
2024-12-09	Poland	1	1	1	1	10	24	16
2024-12-09	Portugal	2	1	14	14	51	34	87
2024-12-09	Russia	2	1	2	2	4	23	9
2024-12-09	Serbia	1	1	1	1	1	5	4
2024-12-09	Seychelles	3	3	3	3	3	0	9
2024-12-09	Sweden	1	0	1	1	1	3	3
2024-12-09	Switzerland	1	0	4	2	20	435	36
2024-12-09	Taiwan	3	2	3	3	676	2114	712
2024-12-09	Türkiye	3	3	3	3	20	27	34
2024-12-09	Ukraine	1	1	1	1	1	8	4
2024-12-09	United Kingdom	19	10	68	65	318	633	600
2024-12-09	United States	41	29	74	70	803	1949	1314
2024-12-10	Belgium	1	1	4	4	24	132	41
2024-12-10	Bosnia & Herzegovina	1	1	1	1	6	19	11
2024-12-10	Brazil	4	3	4	4	51	558	72
2024-12-10	Bulgaria	1	1	1	1	8	19	13
2024-12-10	Canada	3	2	3	3	30	120	51
2024-12-10	Chile	1	1	1	1	27	104	42
2024-12-10	China	24	2	24	2	3	95	33
2024-12-10	Dominican Republic	1	1	1	1	1	8	4
2024-12-10	France	2	1	4	4	8	63	17
2024-12-10	Georgia	1	1	1	1	26	73	41
2024-12-10	Germany	17	11	56	53	274	1011	473
2024-12-10	Hong Kong	1	1	1	1	58	334	78
2024-12-10	Hungary	1	1	1	1	6	1	11
2024-12-10	India	202	202	203	203	374	1626	1005
2024-12-10	Indonesia	1	1	1	1	33	85	53
2024-12-10	Israel	1	1	1	1	1	18	4
2024-12-10	Italy	2	2	3	3	18	63	32
2024-12-10	Japan	2	2	5	3	41	245	68
2024-12-10	Martinique	1	1	1	1	4	41	9
2024-12-10	Mexico	1	1	1	1	1	14	4
2024-12-10	Nepal	1	1	1	1	2	33	7
2024-12-10	Netherlands	3	2	3	3	44	105	70
2024-12-10	Nigeria	1	1	1	1	4	65	10
2024-12-10	Norway	1	1	2	2	33	52	51
2024-12-10	Pakistan	2	1	2	1	8	0	14
2024-12-10	Philippines	1	1	1	1	1	6	4
2024-12-10	Portugal	1	0	24	24	78	0	132
2024-12-10	Russia	2	1	4	4	15	36	27
2024-12-10	Seychelles	1	1	1	1	1	0	3
2024-12-10	Slovakia	1	1	1	1	2	0	4
2024-12-10	South Korea	2	0	3	3	151	724	200
2024-12-10	Spain	1	1	1	1	1	11	4
2024-12-10	Switzerland	1	1	1	1	15	9	21
2024-12-10	Taiwan	3	1	31	30	92	42	160
2024-12-10	Türkiye	3	3	3	3	68	228	107
2024-12-10	United Arab Emirates	2	2	3	2	2	16	9
2024-12-10	United Kingdom	9	4	34	33	115	216	249
2024-12-10	United States	37	28	53	52	305	2262	562
2024-12-11	Belgium	1	0	5	5	52	535	83
2024-12-11	Brazil	2	2	2	2	2	2	7
2024-12-11	Canada	1	1	1	1	9	219	14
2024-12-11	China	8	4	9	9	38	233	67
2024-12-11	Croatia	1	1	1	1	1	1	4
2024-12-11	Egypt	2	2	2	2	28	138	40
2024-12-11	Finland	1	1	1	1	8	13	14
2024-12-11	France	4	2	4	4	19	437	35
2024-12-11	Germany	19	11	70	67	359	539	598
2024-12-11	Hong Kong	2	0	3	3	7	10	18
2024-12-11	India	53	52	56	55	112	487	295
2024-12-11	Japan	6	3	9	7	25	222	54
2024-12-11	Netherlands	1	1	1	1	36	154	51
2024-12-11	Poland	1	1	1	1	7	24	12
2024-12-11	Portugal	3	1	7	7	31	26	54
2024-12-11	Romania	1	1	1	1	1	9	4
2024-12-11	Russia	4	2	11	11	187	3432	292
2024-12-11	Saudi Arabia	2	2	2	2	2	5	7
2024-12-11	Spain	3	3	4	3	17	138	34
2024-12-11	Sweden	2	2	2	2	29	113	43
2024-12-11	Switzerland	1	1	2	1	3	14	9
2024-12-11	Taiwan	3	1	6	6	29	95	49
2024-12-11	Thailand	1	1	1	1	6	52	11
2024-12-11	United Arab Emirates	1	1	1	1	7	36	13
2024-12-11	United Kingdom	12	5	20	18	263	1445	372
2024-12-11	United States	30	21	56	55	491	3350	918
2024-12-12	Austria	1	1	1	1	1	0	3
2024-12-12	Belgium	1	0	6	6	14	0	32
2024-12-12	Brazil	2	2	2	2	4	27	12
2024-12-12	Canada	1	1	1	1	6	44	11
2024-12-12	China	6	1	7	4	55	90	83
2024-12-12	Colombia	0	0	1	1	1	0	2
2024-12-12	Denmark	1	1	1	1	1	0	3
2024-12-12	France	2	1	3	2	34	169	61
2024-12-12	Germany	12	6	37	33	171	568	320
2024-12-12	India	33	33	33	33	71	411	191
2024-12-12	Israel	1	1	1	1	1	14	4
2024-12-12	Italy	1	0	1	1	18	204	30
2024-12-12	Japan	4	2	10	7	206	596	283
2024-12-12	Netherlands	1	1	2	2	10	3	18
2024-12-12	Norway	1	1	1	1	1	7	4
2024-12-12	Portugal	2	0	3	3	10	0	17
2024-12-12	Russia	3	1	8	7	93	544	143
2024-12-12	Seychelles	1	1	1	1	1	0	3
2024-12-12	Spain	2	0	3	3	54	337	82
2024-12-12	Taiwan	2	0	4	4	58	379	98
2024-12-12	Türkiye	1	1	1	1	9	28	16
2024-12-12	United Kingdom	15	8	38	37	340	1675	616
2024-12-12	United States	33	24	63	59	844	6381	1384
2024-12-13	Austria	1	0	1	1	6	12	11
2024-12-13	Belgium	1	0	3	3	7	0	16
2024-12-13	Brazil	1	0	1	1	5	1095	8
2024-12-13	Canada	2	2	2	2	11	50	21
2024-12-13	China	41	5	41	5	10	159	73
2024-12-13	Croatia	1	1	1	1	1	14	4
2024-12-13	Denmark	1	1	1	1	36	137	51
2024-12-13	France	2	1	2	2	7	5	14
2024-12-13	Germany	9	4	17	17	89	456	153
2024-12-13	Hong Kong	1	1	1	1	1	0	3
2024-12-13	India	20	19	20	20	41	179	102
2024-12-13	Ireland	1	1	1	1	18	105	29
2024-12-13	Japan	3	1	3	3	44	258	65
2024-12-13	Macao	1	1	1	1	1	6	4
2024-12-13	Netherlands	1	0	1	1	1	4	6
2024-12-13	Puerto Rico	1	0	2	1	34	250	47
2024-12-13	Russia	1	0	5	5	25	198	43
2024-12-13	Taiwan	3	0	3	3	13	5	22
2024-12-13	Türkiye	1	1	1	1	1	2	4
2024-12-13	United Kingdom	10	5	39	37	474	952	839
2024-12-13	United States	33	23	70	67	610	3610	1088
2024-12-14	Australia	1	1	1	1	12	61	19
2024-12-14	Belgium	1	0	1	1	1	0	4
2024-12-14	China	6	2	6	3	2	22	11
2024-12-14	Denmark	1	0	1	1	3	2	8
2024-12-14	France	1	0	1	1	4	35	9
2024-12-14	Germany	1	0	2	2	4	0	9
2024-12-14	Hungary	2	2	3	3	49	121	83
2024-12-14	India	5	4	7	7	110	891	194
2024-12-14	Italy	1	1	1	1	1	4	4
2024-12-14	Japan	1	1	2	2	2	2	6
2024-12-14	Latvia	2	1	2	2	9	58	19
2024-12-14	Lithuania	1	1	1	1	15	23	24
2024-12-14	Qatar	1	0	1	1	65	256	96
2024-12-14	Russia	1	0	10	10	33	1	54
2024-12-14	Saudi Arabia	1	1	1	1	2	29	6
2024-12-14	Spain	1	1	1	1	22	15	31
2024-12-14	Ukraine	2	2	2	2	2	0	6
2024-12-14	United Kingdom	4	0	43	39	136	8	385
2024-12-14	United States	46	38	64	63	143	166	333
2024-12-15	Brazil	1	1	1	1	33	279	52
2024-12-15	China	5	2	6	3	3	9	11
2024-12-15	Georgia	2	1	4	4	189	122	218
2024-12-15	Germany	4	2	21	21	76	136	135
2024-12-15	Hungary	1	0	2	2	6	0	14
2024-12-15	India	2	2	3	3	33	632	49
2024-12-15	Indonesia	2	2	2	2	7	51	16
2024-12-15	Israel	1	1	1	1	1	4	4
2024-12-15	Italy	1	1	1	1	11	22	17
2024-12-15	Japan	1	1	1	1	1	0	3
2024-12-15	Netherlands	1	0	1	1	16	227	23
2024-12-15	Poland	1	1	1	1	1	11	4
2024-12-15	Portugal	2	1	2	2	23	86	40
2024-12-15	Qatar	1	1	1	1	2	22	6
2024-12-15	Russia	1	0	6	6	28	74	44
2024-12-15	Singapore	1	1	1	1	7	0	11
2024-12-15	South Korea	2	2	2	2	2	0	6
2024-12-15	Spain	3	3	3	3	5	9	13
2024-12-15	Sweden	1	1	1	1	19	65	28
2024-12-15	Taiwan	1	1	1	1	96	854	128
2024-12-15	Türkiye	0	0	1	1	1	0	2
2024-12-15	United Kingdom	4	2	31	26	91	39	204
2024-12-15	United States	17	13	36	34	194	1069	356
2024-12-15	Vietnam	1	1	1	1	1	1	4
2024-12-16	Australia	1	1	2	2	19	85	29
2024-12-16	Austria	2	1	2	2	42	112	215
2024-12-16	Brazil	1	1	1	1	7	8	10
2024-12-16	Canada	3	3	3	3	27	157	45
2024-12-16	China	3	3	4	3	4	82	16
2024-12-16	Costa Rica	1	1	4	4	74	240	117
2024-12-16	Czechia	1	1	1	1	1	2	4
2024-12-16	Georgia	2	1	3	2	11	66	21
2024-12-16	Germany	10	4	34	33	183	989	311
2024-12-16	Hong Kong	2	0	2	2	34	186	56
2024-12-16	Hungary	1	0	1	1	1	0	5
2024-12-16	India	3	2	8	7	72	1527	118
2024-12-16	Italy	1	1	1	1	1	35	4
2024-12-16	Japan	2	0	3	3	5	19	9
2024-12-16	Netherlands	2	1	2	2	11	83	19
2024-12-16	Pakistan	2	2	5	5	164	721	222
2024-12-16	Russia	1	0	9	9	25	0	42
2024-12-16	Switzerland	2	0	5	5	488	2693	637
2024-12-16	Türkiye	1	1	1	1	8	31	15
2024-12-16	Ukraine	2	1	2	2	6	3	11
2024-12-16	United Kingdom	6	1	36	31	181	491	336
2024-12-16	United States	40	34	76	76	716	4352	1200
2024-12-17	China	46	1	47	2	61	589	140
2024-12-17	France	1	1	1	1	2	0	4
2024-12-17	Georgia	1	1	1	1	3	19	9
2024-12-17	Germany	7	3	19	19	90	612	157
2024-12-17	Hungary	1	0	1	1	3	0	7
2024-12-17	India	5	4	5	5	37	784	62
2024-12-17	Israel	2	2	2	2	9	96	17
2024-12-17	Japan	5	4	7	6	147	1038	207
2024-12-17	Russia	3	1	11	10	47	116	81
2024-12-17	South Korea	2	1	2	2	22	111	32
2024-12-17	Sweden	1	1	1	1	16	68	30
2024-12-17	Switzerland	2	0	14	14	45	31	84
2024-12-17	Taiwan	1	0	3	3	10	0	18
2024-12-17	Türkiye	1	1	1	1	249	768	356
2024-12-17	Ukraine	1	1	2	1	3	2	9
2024-12-17	United Kingdom	5	1	15	8	58	694	129
2024-12-17	United States	28	20	54	54	240	605	444
2024-12-18	(not set)	2	2	2	2	2	47	8
2024-12-18	Austria	1	0	1	1	5	28	8
2024-12-18	Belgium	1	1	1	1	24	75	43
2024-12-18	Canada	2	1	3	3	4	27	11
2024-12-18	Chile	3	3	3	3	90	688	137
2024-12-18	China	11	10	31	29	635	10691	977
2024-12-18	Denmark	1	1	1	1	1	6	4
2024-12-18	France	2	1	2	2	4	8	10
2024-12-18	Germany	11	7	25	25	77	169	147
2024-12-18	Greece	1	1	1	1	12	57	20
2024-12-18	Hong Kong	1	1	1	1	1	0	3
2024-12-18	Hungary	2	1	2	2	36	129	56
2024-12-18	India	3	2	5	4	33	146	54
2024-12-18	Japan	6	1	17	15	76	5533	138
2024-12-18	Poland	3	3	3	3	28	210	45
2024-12-18	Portugal	1	1	1	1	9	523	16
2024-12-18	Russia	3	2	9	9	29	38	50
2024-12-18	South Korea	1	1	1	1	4	10	8
2024-12-18	Spain	3	2	7	7	109	817	160
2024-12-18	Switzerland	1	0	18	18	54	0	98
2024-12-18	Taiwan	1	1	2	2	37	250	53
2024-12-18	United Kingdom	7	1	26	21	127	333	228
2024-12-18	United States	32	26	46	44	272	1625	489
2024-12-19	Austria	1	1	1	1	1	21	4
2024-12-19	Belgium	2	1	2	2	24	67	41
2024-12-19	Canada	3	3	3	3	31	125	51
2024-12-19	China	97	6	107	20	485	70975	753
2024-12-19	France	1	0	1	1	86	595	119
2024-12-19	Germany	9	4	22	22	84	186	145
2024-12-19	Greece	2	2	7	7	69	266	109
2024-12-19	Hungary	1	0	1	1	3	0	7
2024-12-19	India	3	2	5	2	15	46	30
2024-12-19	Italy	1	1	1	1	7	34	12
2024-12-19	Japan	3	2	6	6	9	62	23
2024-12-19	Poland	2	1	4	4	24	80	48
2024-12-19	Russia	1	1	1	1	135	143	178
2024-12-19	South Korea	2	1	2	2	2	3	7
2024-12-19	Spain	1	0	3	3	22	489	34
2024-12-19	Sweden	1	1	1	1	6	16	11
2024-12-19	Switzerland	1	0	14	14	46	0	85
2024-12-19	Taiwan	1	0	1	1	4	2	7
2024-12-19	Ukraine	2	1	2	2	4	10	9
2024-12-19	United Kingdom	9	3	29	26	120	176	240
2024-12-19	United States	23	13	57	52	441	4314	787
2024-12-20	Bangladesh	1	1	1	1	2	0	4
2024-12-20	Brazil	1	0	1	1	10	60	15
2024-12-20	Canada	2	2	2	2	2	15	8
2024-12-20	China	3	0	3	0	0	16	3
2024-12-20	France	2	1	2	2	34	192	53
2024-12-20	Germany	11	4	32	30	625	2938	839
2024-12-20	Greece	2	1	2	2	4	16	12
2024-12-20	Hong Kong	1	1	1	1	1	5	4
2024-12-20	India	1	0	1	1	12	264	19
2024-12-20	Israel	1	1	1	1	14	36	23
2024-12-20	Japan	3	3	6	6	10	86	25
2024-12-20	Netherlands	1	0	1	1	1	3	3
2024-12-20	Poland	1	0	1	1	5	20	10
2024-12-20	Singapore	2	2	2	2	17	594	30
2024-12-20	Slovakia	1	1	1	1	14	21	21
2024-12-20	South Korea	4	3	4	4	30	52	49
2024-12-20	Spain	1	1	2	2	6	4	11
2024-12-20	Sweden	1	1	10	10	70	77	135
2024-12-20	Switzerland	1	0	16	16	52	0	102
2024-12-20	Taiwan	1	0	8	8	24	0	50
2024-12-20	Ukraine	1	1	1	1	1	0	3
2024-12-20	United Kingdom	4	2	10	10	74	556	137
2024-12-20	United States	29	20	55	54	262	1641	487
2024-12-20	Vietnam	1	1	1	1	2	18	6
2024-12-21	Chile	1	1	1	1	22	113	33
2024-12-21	China	1	1	1	1	1	0	3
2024-12-21	Estonia	1	1	1	1	15	26	23
2024-12-21	France	1	1	2	1	17	51	28
2024-12-21	Germany	4	1	5	5	36	46	67
2024-12-21	Iceland	1	1	1	1	12	26	19
2024-12-21	India	3	3	4	4	8	194	21
2024-12-21	Iran	1	1	1	1	5	71	9
2024-12-21	Italy	1	1	1	1	10	46	15
2024-12-21	New Zealand	1	1	1	1	6	11	10
2024-12-21	Poland	1	1	1	1	3	4	6
2024-12-21	Singapore	3	3	4	4	15	104	33
2024-12-21	Slovakia	1	0	8	8	24	0	57
2024-12-21	Sweden	3	2	3	3	138	197	192
2024-12-21	Switzerland	2	1	9	8	27	160	59
2024-12-21	Taiwan	1	0	1	1	3	0	7
2024-12-21	United Kingdom	2	0	5	5	25	0	47
2024-12-21	United States	19	13	43	41	171	751	367
2024-12-22	China	1	1	1	1	1	0	3
2024-12-22	Egypt	1	0	1	1	1	5	4
2024-12-22	Germany	2	1	3	2	4	0	13
2024-12-22	India	5	5	5	5	77	240	124
2024-12-22	Japan	0	0	1	1	1	0	2
2024-12-22	North Macedonia	1	1	1	1	6	16	10
2024-12-22	Poland	1	1	1	1	8	114	14
2024-12-22	Russia	6	6	6	6	6	0	18
2024-12-22	Slovakia	2	1	5	5	24	109	46
2024-12-22	South Korea	1	1	1	1	1	0	3
2024-12-22	Switzerland	3	1	12	10	84	776	133
2024-12-22	Taiwan	2	0	2	2	6	0	14
2024-12-22	Türkiye	2	2	2	2	36	127	53
2024-12-22	United Kingdom	3	1	4	4	20	5	40
2024-12-22	United States	16	11	43	43	176	156	408
2024-12-23	Argentina	1	1	1	1	1	0	3
2024-12-23	Belgium	2	1	9	8	121	1089	192
2024-12-23	Brazil	1	1	1	1	13	80	22
2024-12-23	Canada	1	0	1	1	1	16	3
2024-12-23	China	37	2	41	5	24	260	79
2024-12-23	Estonia	1	1	1	1	6	51	11
2024-12-23	Germany	4	3	4	4	30	130	55
2024-12-23	India	6	6	6	6	153	591	221
2024-12-23	Japan	4	2	7	7	209	1337	323
2024-12-23	Norway	2	2	2	2	11	638	19
2024-12-23	Poland	4	4	5	5	23	67	43
2024-12-23	Singapore	1	0	2	2	6	0	12
2024-12-23	South Korea	1	1	1	1	1	0	3
2024-12-23	Sweden	1	0	1	1	3	7	6
2024-12-23	Switzerland	1	0	13	13	35	0	67
2024-12-23	Taiwan	4	2	10	9	70	242	1032
2024-12-23	United Arab Emirates	1	1	1	1	1	0	3
2024-12-23	United Kingdom	1	1	2	1	1	0	5
2024-12-23	United States	19	13	49	49	213	1906	411
2024-12-24	Belgium	1	0	7	7	69	184	110
2024-12-24	Brazil	1	1	1	1	14	42	22
2024-12-24	China	9	5	16	13	252	1213	377
2024-12-24	Croatia	1	1	3	3	24	53	39
2024-12-24	Germany	5	2	13	13	36	33	75
2024-12-24	Hong Kong	3	3	7	7	274	476	532
2024-12-24	India	1	0	1	1	1	8	3
2024-12-24	Iran	1	1	1	1	8	98	14
2024-12-24	Japan	4	3	12	10	91	755	140
2024-12-24	Norway	0	0	1	1	1	0	2
2024-12-24	Pakistan	1	1	1	1	1	5	4
2024-12-24	Singapore	1	0	2	2	6	0	14
2024-12-24	South Korea	1	1	1	1	1	4	4
2024-12-24	Spain	1	0	13	13	48	0	81
2024-12-24	Switzerland	1	0	10	10	30	0	60
2024-12-24	Taiwan	2	0	12	12	36	0	80
2024-12-24	United Kingdom	2	0	19	18	87	41	158
2024-12-24	United States	17	10	60	60	199	186	380
2024-12-25	Austria	1	0	3	3	6	27	17
2024-12-25	Belgium	1	0	3	3	4	0	10
2024-12-25	China	10	1	13	5	24	6849	58
2024-12-25	France	1	1	1	1	3	82	8
2024-12-25	Germany	2	2	4	4	6	18	16
2024-12-25	Hong Kong	1	0	1	1	6	0	11
2024-12-25	India	1	1	1	1	1	23	4
2024-12-25	Japan	6	5	18	16	117	821	202
2024-12-25	Netherlands	1	1	1	1	1	11	4
2024-12-25	Norway	1	0	3	3	4	0	9
2024-12-25	Pakistan	1	1	1	1	1	7	4
2024-12-25	Romania	0	0	1	1	1	0	2
2024-12-25	Serbia	2	2	2	2	49	214	77
2024-12-25	Singapore	1	0	3	3	9	0	22
2024-12-25	South Africa	1	1	2	2	2	0	5
2024-12-25	Switzerland	2	1	7	7	16	7	42
2024-12-25	Taiwan	1	0	5	4	434	838	499
2024-12-25	Türkiye	3	3	3	3	29	355	61
2024-12-25	Ukraine	1	1	1	1	1	1	4
2024-12-25	United Kingdom	4	2	8	8	26	81	53
2024-12-25	United States	13	9	36	35	77	69	196
2024-12-25	Uzbekistan	1	1	1	1	5	43	9
2024-12-26	Belgium	0	0	1	0	0	0	3
2024-12-26	Canada	1	1	2	2	2	0	5
2024-12-26	China	3	0	6	1	1	5	11
2024-12-26	Germany	2	2	4	4	8	42	25
2024-12-26	Hong Kong	0	0	1	1	1	0	2
2024-12-26	India	4	2	6	6	30	565	111
2024-12-26	Italy	3	2	3	3	176	447	319
2024-12-26	Serbia	0	0	1	1	1	0	2
2024-12-26	Spain	1	0	1	1	2	0	11
2024-12-26	Switzerland	1	0	2	1	3	0	8
2024-12-26	Taiwan	1	0	4	4	9	0	40
2024-12-26	Thailand	1	1	1	1	3	74	9
2024-12-26	United Kingdom	3	2	16	13	103	296	173
2024-12-26	United States	59	53	79	75	135	250	341
2024-12-27	Azerbaijan	1	1	1	1	1	4	4
2024-12-27	Canada	1	1	1	1	2	58	5
2024-12-27	China	45	2	45	2	2	141	51
2024-12-27	Colombia	0	0	1	1	1	0	2
2024-12-27	France	2	2	3	2	17	32	29
2024-12-27	Germany	3	1	5	5	8	6	18
2024-12-27	India	4	3	19	19	127	535	202
2024-12-27	Italy	2	2	2	2	4	48	10
2024-12-27	Japan	0	0	1	0	0	0	2
2024-12-27	Poland	2	2	3	3	20	112	34
2024-12-27	Singapore	1	0	4	4	12	0	24
2024-12-27	Taiwan	1	0	1	1	32	45	48
2024-12-27	Türkiye	2	2	2	2	11	55	21
2024-12-27	Ukraine	0	0	1	1	1	0	2
2024-12-27	United Kingdom	5	4	22	22	84	300	143
2024-12-27	United States	10	7	30	28	83	170	193
2024-12-28	(not set)	3	3	3	3	3	0	9
2024-12-28	Azerbaijan	1	1	2	2	29	50	45
2024-12-28	Belgium	1	0	1	1	2	0	3
2024-12-28	Brazil	1	1	1	1	1	56	4
2024-12-28	Chile	1	1	1	1	1	0	3
2024-12-28	China	9	2	9	2	2	32	13
2024-12-28	France	1	1	1	1	1	0	3
2024-12-28	Germany	6	3	15	15	38	38	74
2024-12-28	India	1	0	24	24	72	0	120
2024-12-28	Israel	1	0	2	2	104	554	128
2024-12-28	Japan	1	1	1	1	35	280	51
2024-12-28	Mexico	1	1	2	2	128	153	165
2024-12-28	Poland	1	1	1	1	11	44	21
2024-12-28	Russia	5	5	5	5	199	407	260
2024-12-28	South Korea	1	0	2	1	16	0	49
2024-12-28	Spain	1	1	1	1	13	62	21
2024-12-28	Sweden	1	1	1	1	21	121	34
2024-12-28	Switzerland	1	1	7	7	36	34	60
2024-12-28	Taiwan	2	1	12	12	32	0	74
2024-12-28	Türkiye	2	2	2	2	13	97	25
2024-12-28	Ukraine	1	1	1	1	10	89	18
2024-12-28	United Kingdom	2	1	2	2	9	25	18
2024-12-28	United States	7	3	30	30	106	118	238
2024-12-29	(not set)	1	1	1	1	1	0	3
2024-12-29	Belgium	1	1	1	1	1	0	3
2024-12-29	Brazil	1	0	1	1	30	234	58
2024-12-29	Canada	2	2	3	3	29	272	53
2024-12-29	China	24	2	24	2	4	1012	35
2024-12-29	Czechia	1	1	2	2	29	287	45
2024-12-29	France	1	1	1	1	1	2	4
2024-12-29	Germany	4	3	4	4	45	200	72
2024-12-29	India	5	4	28	28	77	6	135
2024-12-29	Ireland	2	2	4	4	102	260	142
2024-12-29	Mexico	1	0	3	3	13	25	22
2024-12-29	Russia	2	1	2	2	4	0	8
2024-12-29	Seychelles	4	4	4	4	4	0	12
2024-12-29	Singapore	1	1	1	1	1	0	3
2024-12-29	South Korea	1	1	1	1	1	0	3
2024-12-29	Sweden	1	1	1	1	1	0	3
2024-12-29	Taiwan	1	0	6	6	16	0	36
2024-12-29	Türkiye	1	1	1	1	26	28	41
2024-12-29	United Kingdom	18	18	18	18	163	846	270
2024-12-29	United States	59	56	78	78	155	239	367
2024-12-30	Austria	1	1	1	1	12	68	20
2024-12-30	China	49	2	50	4	11	301	88
2024-12-30	Germany	3	2	4	4	27	171	48
2024-12-30	Hungary	1	1	2	2	14	81	26
2024-12-30	India	3	1	7	7	17	20	32
2024-12-30	Italy	1	1	1	1	3	6	7
2024-12-30	Macao	1	1	1	1	6	20	14
2024-12-30	Nepal	1	1	1	1	1	0	3
2024-12-30	Netherlands	1	0	1	1	3	1	5
2024-12-30	Poland	2	0	2	2	22	51	36
2024-12-30	Portugal	1	1	1	1	52	916	67
2024-12-30	Russia	1	1	1	1	1	0	3
2024-12-30	Seychelles	1	1	1	1	1	0	3
2024-12-30	Singapore	1	1	1	1	1	0	3
2024-12-30	Spain	2	1	12	12	46	4	76
2024-12-30	Switzerland	3	2	4	4	17	94	35
2024-12-30	Taiwan	2	0	4	3	18	75	33
2024-12-30	Türkiye	1	1	1	1	1	48	4
2024-12-30	United Kingdom	5	4	12	12	102	218	237
2024-12-30	United States	14	11	39	37	104	25	235
2024-12-30	Vietnam	1	1	1	1	16	92	25
2024-12-31	Argentina	1	1	3	3	15	49	26
2024-12-31	Canada	1	1	1	1	7	16	13
2024-12-31	China	4	1	4	1	1	7	6
2024-12-31	Denmark	1	1	3	3	36	307	56
2024-12-31	Finland	1	1	1	1	1	2	4
2024-12-31	Germany	1	1	2	2	2	7	6
2024-12-31	Hungary	1	1	1	1	6	0	9
2024-12-31	India	6	6	9	9	52	461	99
2024-12-31	Japan	1	0	1	1	28	255	38
2024-12-31	Malaysia	1	1	1	1	3	49	7
2024-12-31	Puerto Rico	1	0	3	3	12	6	20
2024-12-31	Russia	3	3	3	3	3	0	9
2024-12-31	Serbia	1	0	1	1	1	2	6
2024-12-31	Seychelles	4	4	4	4	4	0	12
2024-12-31	Spain	2	1	15	15	41	26	72
2024-12-31	Taiwan	1	0	11	11	30	0	68
2024-12-31	Türkiye	2	2	2	2	80	1791	114
2024-12-31	United Kingdom	5	3	6	6	21	99	48
2024-12-31	United States	19	16	30	30	81	185	178
2024-12-31	Uruguay	1	1	1	1	1	33	4
