date	hostName	activeUsers	newUsers	sessions	engagedSessions	screenPageViews	userEngagementDuration	eventCount
2026-03-01		25	0	90	90	654	771	654
2026-03-01	(not set)	1	0	1	0	0	0	3
2026-03-01	129.215.197.110	2	2	2	2	2	0	6
2026-03-01	129.215.197.120	2	2	2	2	2	0	6
2026-03-01	129.215.197.143	1	1	1	1	1	0	3
2026-03-01	129.215.197.144	1	1	1	1	1	0	3
2026-03-01	981gwa2l.virtualflybrain.org	1	1	1	1	1	0	3
2026-03-01	blanik-jenkins.virtualflybrain.org	1	1	1	1	1	0	3
2026-03-01	blog.virtualflybrain.org	1	1	1	1	1	0	3
2026-03-01	buttermilk.inf.ed.ac.uk	1	1	1	1	1	0	3
2026-03-01	catmaid-fafb.virtualflybrain.org	5	5	5	5	5	0	15
2026-03-01	chat.virtualflybrain.org	1	1	1	1	1	0	3
2026-03-01	covidmemorial.virtualflybrain.org	2	2	2	2	2	3	8
2026-03-01	debug.virtualflybrain.org	1	1	1	1	1	0	3
2026-03-01	dev.virtualflybrain.org	1	1	1	1	1	0	3
2026-03-01	dill.inf.ed.ac.uk	1	1	1	1	1	0	3
2026-03-01	flybrain.inf.ed.ac.uk	18	18	18	18	18	0	54
2026-03-01	geppetto-dev.virtualflybrain.org	1	1	1	1	1	0	3
2026-03-01	herd.virtualflybrain.org	1	1	1	1	1	0	3
2026-03-01	hugo.virtualflybrain.org	1	1	1	1	1	0	3
2026-03-01	ids.virtualflybrain.org	1	1	1	1	1	0	3
2026-03-01	jupyter.virtualflybrain.org	1	1	1	1	1	0	3
2026-03-01	kbw.virtualflybrain.org	1	1	1	1	1	0	3
2026-03-01	larval.virtualflybrain.org	1	1	1	1	1	0	3
2026-03-01	m.virtualflybrain.org	13	13	13	13	13	0	39
2026-03-01	mayo.inf.ed.ac.uk	23	23	23	23	23	0	69
2026-03-01	natverse.virtualflybrain.org	1	1	1	1	1	0	3
2026-03-01	natverse1.virtualflybrain.org	1	1	1	1	1	0	3
2026-03-01	natverse3.virtualflybrain.org	1	1	1	1	1	0	3
2026-03-01	natverse5.virtualflybrain.org	4	4	4	4	4	0	12
2026-03-01	nblast.virtualflybrain.org	9	9	9	9	9	1	28
2026-03-01	olivierdemeulenaere.virtualflybrain.org	1	1	1	1	1	2	4
2026-03-01	owl-preview.virtualflybrain.org	1	1	1	1	1	0	3
2026-03-01	r.virtualflybrain.org	1	1	1	1	1	0	3
2026-03-01	raw.larval.flylight.virtualflybrain.org	14	14	14	14	14	7	44
2026-03-01	sb1.virtualflybrain.org	1	1	1	1	1	0	3
2026-03-01	sb2.virtualflybrain.org	1	1	1	1	1	0	3
2026-03-01	solr-alpha.virtualflybrain.org	1	1	1	1	1	0	3
2026-03-01	solr-dev.virtualflybrain.org	1	1	1	1	1	0	3
2026-03-01	solr.p2.virtualflybrain.org	1	1	1	1	1	0	3
2026-03-01	ubuntu.virtualflybrain.org	1	1	1	1	1	0	3
2026-03-01	v1-5.virtualflybrain.org	1	1	1	1	1	0	3
2026-03-01	v2-dev.virtualflybrain.org	3	3	3	3	9	33	21
2026-03-01	v2-preview.virtualflybrain.org	1	1	1	1	1	0	3
2026-03-01	v2.virtualflybrain.org	1008	988	1071	1067	1105	5741	4189
2026-03-01	v2a.virtualflybrain.org	1	1	1	1	2	4	5
2026-03-01	v3-cached.virtualflybrain.org	1	1	1	1	1	0	3
2026-03-01	v3.virtualflybrain.org	1	1	1	1	1	0	3
2026-03-01	virtualflybrain.org	24	23	25	25	25	1	74
2026-03-01	webtop.virtualflybrain.org	1	1	1	1	1	0	3
2026-03-01	www.virtualflybrain.org	284	281	285	285	286	302	881
2026-03-02		59	0	162	160	1441	1487	1442
2026-03-02	(not set)	12	0	8	0	0	0	61
2026-03-02	129.215.197.110	1	1	1	1	1	0	3
2026-03-02	129.215.197.120	1	1	1	1	1	0	3
2026-03-02	blog.virtualflybrain.org	1	1	1	1	1	0	3
2026-03-02	buttermilk.inf.ed.ac.uk	1	1	1	1	1	0	3
2026-03-02	catmaid-fafb.virtualflybrain.org	2	2	2	2	2	0	6
2026-03-02	covidmemorial.virtualflybrain.org	1	1	1	1	1	1	4
2026-03-02	dill.inf.ed.ac.uk	2	2	2	2	2	1	7
2026-03-02	flybrain.inf.ed.ac.uk	30	30	30	30	30	0	90
2026-03-02	m.virtualflybrain.org	6	6	6	6	6	0	18
2026-03-02	mayo.inf.ed.ac.uk	12	12	12	12	12	0	36
2026-03-02	natverse3.virtualflybrain.org	1	1	1	1	1	7	4
2026-03-02	natverse5.virtualflybrain.org	7	7	7	7	7	0	21
2026-03-02	nblast.virtualflybrain.org	8	7	8	7	7	7	22
2026-03-02	owl-preview.virtualflybrain.org	2	2	2	2	2	0	6
2026-03-02	owl.virtualflybrain.org	1	1	2	2	4	20	9
2026-03-02	raw.larval.flylight.virtualflybrain.org	9	8	9	9	10	1	27
2026-03-02	v2.virtualflybrain.org	741	691	858	848	938	13158	4299
2026-03-02	v2a.virtualflybrain.org	1	0	1	1	1	14	5
2026-03-02	virtualflybrain.org	15	12	15	15	19	92	56
2026-03-02	www.virtualflybrain.org	302	289	306	305	326	481	987
2026-03-03		65	0	163	162	1915	1980	1916
2026-03-03	(not set)	1	0	0	0	0	0	11
2026-03-03	129.215.197.101	2	2	2	2	2	0	6
2026-03-03	129.215.197.110	1	1	1	1	1	0	3
2026-03-03	129.215.197.120	1	1	1	1	1	0	3
2026-03-03	129.215.197.147	1	1	1	1	1	0	3
2026-03-03	blog.virtualflybrain.org	1	0	1	1	0	27	1
2026-03-03	buttermilk.inf.ed.ac.uk	1	1	1	1	1	0	3
2026-03-03	catmaid-fafb.virtualflybrain.org	4	4	4	4	4	0	12
2026-03-03	flybrain.inf.ed.ac.uk	8	8	8	8	8	0	24
2026-03-03	m.virtualflybrain.org	6	6	6	6	6	0	18
2026-03-03	mayo.inf.ed.ac.uk	15	15	15	15	15	0	45
2026-03-03	meet.virtualflybrain.org	1	1	1	1	1	1	4
2026-03-03	natverse5.virtualflybrain.org	5	5	5	5	5	0	15
2026-03-03	nblast.virtualflybrain.org	6	6	6	6	6	2	19
2026-03-03	owl-preview.virtualflybrain.org	2	2	2	2	2	0	6
2026-03-03	owl.virtualflybrain.org	4	4	4	4	4	0	12
2026-03-03	pdb-jimdemo981gwa2l.virtualflybrain.org	2	2	2	2	2	0	6
2026-03-03	raw.larval.flylight.virtualflybrain.org	13	12	14	13	14	74	41
2026-03-03	solr-alpha.virtualflybrain.org	1	1	1	1	1	8	4
2026-03-03	v2-dev.virtualflybrain.org	3	1	11	11	15	1479	198
2026-03-03	v2.virtualflybrain.org	849	795	948	943	1196	8139	4715
2026-03-03	virtualflybrain.org	20	14	24	21	32	447	88
2026-03-03	webtop.virtualflybrain.org	1	1	1	1	1	6	4
2026-03-03	www.virtualflybrain.org	338	323	344	341	385	1484	1160
2026-03-04		64	0	168	161	1980	2119	1982
2026-03-04	(not set)	2	0	0	0	0	0	12
2026-03-04	129.215.197.101	1	1	1	1	1	0	3
2026-03-04	129.215.197.110	1	1	1	1	1	0	3
2026-03-04	129.215.197.120	5	5	5	5	5	0	15
2026-03-04	129.215.197.143	2	2	2	2	2	0	6
2026-03-04	129.215.197.147	2	2	2	2	2	0	6
2026-03-04	buttermilk.inf.ed.ac.uk	1	1	1	1	1	12	4
2026-03-04	catmaid-fafb.virtualflybrain.org	4	4	4	4	4	0	12
2026-03-04	chive.inf.ed.ac.uk	1	1	1	1	1	11	4
2026-03-04	covidmemorial.virtualflybrain.org	2	2	2	2	2	2	8
2026-03-04	dill.inf.ed.ac.uk	1	1	1	1	1	12	4
2026-03-04	flybrain.inf.ed.ac.uk	9	9	9	9	9	5	28
2026-03-04	m.virtualflybrain.org	5	5	5	5	5	0	15
2026-03-04	mayo.inf.ed.ac.uk	6	6	6	6	6	3	19
2026-03-04	measure-apindev.virtualflybrain.org	1	1	1	1	1	1	4
2026-03-04	natverse5.virtualflybrain.org	6	6	6	6	6	0	18
2026-03-04	nblast.virtualflybrain.org	10	10	10	10	10	0	30
2026-03-04	owl.virtualflybrain.org	1	1	1	1	1	0	3
2026-03-04	parsley.inf.ed.ac.uk	1	1	1	1	1	6	4
2026-03-04	raw.larval.flylight.virtualflybrain.org	6	6	6	6	6	1	19
2026-03-04	sandbox-admin-game.virtualflybrain.org	1	1	1	1	1	1	4
2026-03-04	sourcream.inf.ed.ac.uk	1	1	1	1	1	6	4
2026-03-04	v2-dev.virtualflybrain.org	1	0	1	1	5	12	42
2026-03-04	v2.virtualflybrain.org	925	876	1040	1026	1126	11703	4803
2026-03-04	virtualflybrain.org	15	13	16	15	17	523	54
2026-03-04	www.virtualflybrain.org	305	292	311	305	397	1259	1142
2026-03-05		48	0	177	175	1242	968	1242
2026-03-05	129.215.197.101	1	1	1	1	1	0	3
2026-03-05	129.215.197.120	1	1	1	1	1	0	3
2026-03-05	129.215.197.143	2	2	2	2	2	0	6
2026-03-05	129.215.197.147	1	1	1	1	1	0	3
2026-03-05	catmaid-fafb.virtualflybrain.org	3	3	3	3	3	0	9
2026-03-05	covidmemorial.virtualflybrain.org	1	1	1	1	1	1	4
2026-03-05	flybrain.inf.ed.ac.uk	13	13	13	13	13	0	39
2026-03-05	larval.virtualflybrain.org	2	0	2	2	2	3	5
2026-03-05	m.virtualflybrain.org	3	3	3	3	3	0	9
2026-03-05	mayo.inf.ed.ac.uk	1	1	1	1	1	0	3
2026-03-05	natverse5.virtualflybrain.org	5	5	5	5	5	0	15
2026-03-05	nblast.virtualflybrain.org	4	4	4	4	4	0	12
2026-03-05	owl-preview.virtualflybrain.org	1	1	1	1	1	0	3
2026-03-05	raw.larval.flylight.virtualflybrain.org	7	7	8	8	8	1	24
2026-03-05	v2.virtualflybrain.org	852	812	990	980	1072	5029	4815
2026-03-05	virtualflybrain.org	19	19	20	19	23	106	69
2026-03-05	www.virtualflybrain.org	298	288	301	301	342	1459	1027
2026-03-06		46	0	135	133	1584	991	1585
2026-03-06	(not set)	24	0	14	0	0	0	53
2026-03-06	129.215.197.101	1	1	1	1	1	0	3
2026-03-06	129.215.197.144	4	4	4	4	4	0	12
2026-03-06	129.215.197.147	1	1	1	1	1	0	3
2026-03-06	buttermilk.inf.ed.ac.uk	1	1	1	1	1	0	3
2026-03-06	catmaid-fafb.virtualflybrain.org	3	3	3	3	3	0	9
2026-03-06	covidmemorial.virtualflybrain.org	1	1	1	1	1	0	3
2026-03-06	flybrain.inf.ed.ac.uk	10	10	10	10	10	404	31
2026-03-06	m.virtualflybrain.org	2	2	2	2	2	0	6
2026-03-06	mayo.inf.ed.ac.uk	7	7	7	7	7	0	21
2026-03-06	natverse5.virtualflybrain.org	6	6	6	6	6	0	18
2026-03-06	nblast.virtualflybrain.org	10	10	10	10	10	3	31
2026-03-06	owl-preview.virtualflybrain.org	1	1	1	1	1	0	3
2026-03-06	raw.larval.flylight.virtualflybrain.org	5	5	5	5	5	0	15
2026-03-06	v2.virtualflybrain.org	760	712	862	851	974	6920	4486
2026-03-06	virtualflybrain.org	32	32	32	32	32	4	98
2026-03-06	www.virtualflybrain.org	295	281	300	298	329	899	1031
2026-03-07		38	0	110	107	1286	1160	1286
2026-03-07	129.215.197.144	2	2	2	2	2	0	6
2026-03-07	blanik-jenkins.virtualflybrain.org	1	1	1	1	1	3	4
2026-03-07	catmaid-fafb.virtualflybrain.org	1	1	1	1	1	0	3
2026-03-07	covidmemorial.virtualflybrain.org	1	1	1	1	1	1	4
2026-03-07	dill.inf.ed.ac.uk	2	2	2	2	2	3	7
2026-03-07	flybrain.inf.ed.ac.uk	10	10	10	10	10	0	30
2026-03-07	hugo.virtualflybrain.org	1	1	1	1	1	0	3
2026-03-07	m.virtualflybrain.org	6	6	6	6	6	0	18
2026-03-07	mayo.inf.ed.ac.uk	3	3	3	3	3	0	9
2026-03-07	natverse5.virtualflybrain.org	6	6	6	6	6	0	18
2026-03-07	nblast.virtualflybrain.org	9	9	9	9	9	1	28
2026-03-07	olivierdemeulenaere.virtualflybrain.org	1	1	1	1	1	1	4
2026-03-07	raw.larval.flylight.virtualflybrain.org	14	13	14	13	13	4	41
2026-03-07	sb.virtualflybrain.org	1	1	1	1	2	8	6
2026-03-07	v2.virtualflybrain.org	676	638	753	744	915	5054	3456
2026-03-07	virtualflybrain.org	9	8	9	9	26	345	62
2026-03-07	www.virtualflybrain.org	277	275	285	282	307	819	979
2026-03-08		127	0	229	228	1757	1233	1757
2026-03-08	(not set)	3	0	0	0	0	0	6
2026-03-08	129.215.197.101	3	3	3	3	3	0	9
2026-03-08	129.215.197.110	4	4	4	4	4	0	12
2026-03-08	129.215.197.120	2	2	2	2	2	0	6
2026-03-08	129.215.197.143	1	1	1	1	1	0	3
2026-03-08	129.215.197.147	5	5	5	5	5	0	15
2026-03-08	981gwa2l.virtualflybrain.org	1	1	1	1	1	0	3
2026-03-08	aligner.virtualflybrain.org	1	1	1	1	1	0	3
2026-03-08	blanik-jenkins.virtualflybrain.org	1	1	1	1	1	0	3
2026-03-08	blog.virtualflybrain.org	1	1	1	1	1	0	3
2026-03-08	buttermilk.inf.ed.ac.uk	2	2	2	2	2	0	6
2026-03-08	catmaid-fafb.virtualflybrain.org	2	2	2	2	2	0	6
2026-03-08	chat.virtualflybrain.org	1	1	1	1	1	0	3
2026-03-08	covidmemorial.virtualflybrain.org	1	1	1	1	1	1	4
2026-03-08	dev.virtualflybrain.org	1	1	1	1	1	0	3
2026-03-08	flybrain.inf.ed.ac.uk	18	18	18	18	18	0	54
2026-03-08	herd.virtualflybrain.org	2	2	2	2	2	0	6
2026-03-08	hugo.virtualflybrain.org	1	1	1	1	1	0	3
2026-03-08	jenkins.virtualflybrain.org	1	1	1	1	1	0	3
2026-03-08	kbw.virtualflybrain.org	1	1	1	1	1	0	3
2026-03-08	larval.virtualflybrain.org	1	1	1	1	1	0	3
2026-03-08	m.virtualflybrain.org	2	2	2	2	2	0	6
2026-03-08	mayo.inf.ed.ac.uk	1	1	1	1	1	0	3
2026-03-08	natverse1.virtualflybrain.org	1	1	1	1	1	0	3
2026-03-08	natverse3.virtualflybrain.org	1	1	1	1	1	0	3
2026-03-08	natverse5.virtualflybrain.org	6	6	6	6	6	0	18
2026-03-08	nblast.virtualflybrain.org	7	7	7	7	7	4	23
2026-03-08	owl-preview.virtualflybrain.org	1	1	1	1	1	0	3
2026-03-08	pdb.u3.virtualflybrain.org	1	1	1	1	1	0	3
2026-03-08	rancher.virtualflybrain.org	1	1	1	1	1	0	3
2026-03-08	raw.larval.flylight.virtualflybrain.org	6	6	6	6	6	0	18
2026-03-08	sb1.virtualflybrain.org	1	1	1	1	1	0	3
2026-03-08	solr.virtualflybrain.org	1	1	1	1	1	0	3
2026-03-08	ubuntu.virtualflybrain.org	1	1	1	1	1	0	3
2026-03-08	v1.virtualflybrain.org	1	1	1	1	1	0	3
2026-03-08	v2-dev.virtualflybrain.org	9	8	11	11	30	150	97
2026-03-08	v2-preview.virtualflybrain.org	1	1	1	1	1	0	3
2026-03-08	v2.virtualflybrain.org	745	629	853	844	1005	6800	4522
2026-03-08	v3.virtualflybrain.org	1	1	1	1	1	0	3
2026-03-08	virtualflybrain.org	18	17	18	18	24	139	70
2026-03-08	www.virtualflybrain.org	432	424	442	439	516	3333	1712
2026-03-08	zip.virtualflybrain.org	1	1	1	1	1	0	3
2026-03-09		352	0	520	514	4635	3326	4636
2026-03-09	(not set)	1	0	1	0	0	0	5
2026-03-09	129.215.197.110	2	2	2	2	2	0	6
2026-03-09	129.215.197.144	2	2	2	2	2	0	6
2026-03-09	backend.virtualflybrain.org	1	1	1	1	1	0	3
2026-03-09	catmaid-fafb.virtualflybrain.org	2	2	2	2	2	0	6
2026-03-09	covidmemorial.virtualflybrain.org	1	1	1	1	1	1	4
2026-03-09	dev.v2.virtualflybrain.org	1	0	1	1	1	12	2
2026-03-09	flybrain.inf.ed.ac.uk	20	20	20	20	20	0	60
2026-03-09	jupyterhub.virtualflybrain.org	2	2	2	2	2	2	7
2026-03-09	m.virtualflybrain.org	2	2	2	2	2	0	6
2026-03-09	mayo.inf.ed.ac.uk	4	4	4	4	4	0	12
2026-03-09	meet.virtualflybrain.org	1	1	1	1	1	0	3
2026-03-09	natverse4.virtualflybrain.org	1	1	1	1	1	0	3
2026-03-09	natverse5.virtualflybrain.org	5	5	5	5	5	0	15
2026-03-09	nblast.virtualflybrain.org	7	7	7	7	7	2	22
2026-03-09	raw.larval.flylight.virtualflybrain.org	7	7	8	8	8	0	23
2026-03-09	txylo.com	1	1	1	1	1	0	3
2026-03-09	v2-dev2.virtualflybrain.org	1	1	1	1	1	0	3
2026-03-09	v2-virtualflybrain-org.translate.goog	2	2	2	2	3	0	7
2026-03-09	v2.virtualflybrain.org	951	618	1143	1120	1354	20680	7587
2026-03-09	virtualflybrain.org	28	23	28	27	62	535	159
2026-03-09	www-virtualflybrain-org.translate.goog	5	5	7	5	5	27	21
2026-03-09	www.virtualflybrain.org	983	971	1030	1021	1260	9204	4225
2026-03-10		607	0	827	827	7046	5784	7047
2026-03-10	(not set)	22	0	13	0	0	0	126
2026-03-10	catmaid-fafb.virtualflybrain.org	2	2	2	2	2	0	6
2026-03-10	covidmemorial.virtualflybrain.org	1	1	1	1	1	1	4
2026-03-10	flybrain.inf.ed.ac.uk	26	26	26	26	26	9	79
2026-03-10	github.com	1	0	1	1	1	11	1
2026-03-10	m.virtualflybrain.org	2	2	2	2	2	0	6
2026-03-10	measure-apindev.virtualflybrain.org	1	1	1	1	1	1	4
2026-03-10	natverse5.virtualflybrain.org	6	6	6	6	6	0	18
2026-03-10	nblast.virtualflybrain.org	10	10	10	10	10	7	32
2026-03-10	raw.larval.flylight.virtualflybrain.org	6	6	7	7	8	0	22
2026-03-10	sandbox-admin-game.virtualflybrain.org	1	1	1	1	1	1	4
2026-03-10	sgmb.ae	1	1	1	1	1	0	3
2026-03-10	twitter.com	1	0	1	1	1	5	1
2026-03-10	v2-dev.virtualflybrain.org	1	0	3	3	2	49	19
2026-03-10	v2.virtualflybrain.org	1292	694	1542	1518	1938	30300	11606
2026-03-10	virtualflybrain.org	36	28	39	38	50	552	145
2026-03-10	www.virtualflybrain.org	1571	1549	1638	1617	2057	14474	6928
2026-03-11		391	0	578	577	4871	4401	4872
2026-03-11	(not set)	2	0	2	0	0	0	26
2026-03-11	129.215.197.101	2	2	2	2	2	0	6
2026-03-11	129.215.197.110	1	1	1	1	1	0	3
2026-03-11	129.215.197.120	1	1	1	1	1	0	3
2026-03-11	129.215.197.143	2	2	2	2	2	0	6
2026-03-11	129.215.197.144	1	1	1	1	1	0	3
2026-03-11	129.215.197.147	1	1	1	1	1	0	3
2026-03-11	catmaid-fafb.virtualflybrain.org	5	5	5	5	5	1	16
2026-03-11	covidmemorial.virtualflybrain.org	1	1	1	1	1	2	4
2026-03-11	dill.inf.ed.ac.uk	1	1	1	1	1	0	3
2026-03-11	flybrain.inf.ed.ac.uk	14	14	14	14	14	0	42
2026-03-11	flybrain.mrc-lmb.cam.ac.uk	1	0	1	1	1	4	1
2026-03-11	m.virtualflybrain.org	3	3	3	3	3	1	10
2026-03-11	natverse5.virtualflybrain.org	5	5	5	5	5	0	15
2026-03-11	nblast.virtualflybrain.org	10	10	10	10	10	12	33
2026-03-11	pypi.org	1	0	1	1	1	15	1
2026-03-11	raw.larval.flylight.virtualflybrain.org	9	9	9	9	9	0	27
2026-03-11	v2.virtualflybrain.org	1133	773	1347	1322	1693	25484	8653
2026-03-11	v3-cache.virtualflybrain.org	1	0	1	1	1	0	2
2026-03-11	v3-cached.virtualflybrain.org	1	0	3	3	7	29	13
2026-03-11	v3.cache.virtualflybrain.org	1	0	1	1	1	1	2
2026-03-11	vfb-connect.readthedocs.io	1	0	1	1	1	4	1
2026-03-11	virtualflybrain.org	31	21	34	33	44	481	121
2026-03-11	www-virtualflybrain-org.translate.goog	1	1	2	1	1	0	5
2026-03-11	www.virtualflybrain.org	1015	988	1075	1049	1385	12203	4530
2026-03-12		460	0	644	641	8028	9105	8029
2026-03-12	(not set)	10	0	4	0	0	0	136
2026-03-12	129.215.197.101	2	2	2	2	2	0	6
2026-03-12	129.215.197.110	2	2	2	2	2	0	6
2026-03-12	129.215.197.120	2	2	2	2	2	0	6
2026-03-12	129.215.197.143	2	2	2	2	2	0	6
2026-03-12	129.215.197.144	2	2	2	2	2	0	6
2026-03-12	129.215.197.147	1	1	1	1	1	0	3
2026-03-12	981gwa2l.virtualflybrain.org	1	1	1	1	1	0	3
2026-03-12	aligner.virtualflybrain.org	1	1	1	1	1	0	3
2026-03-12	buttermilk.inf.ed.ac.uk	1	1	1	1	1	0	3
2026-03-12	catmaid-fafb.virtualflybrain.org	10	10	10	10	10	1	31
2026-03-12	covidmemorial.virtualflybrain.org	1	1	1	1	1	1	4
2026-03-12	dill.inf.ed.ac.uk	1	1	1	1	1	0	3
2026-03-12	flybrain.inf.ed.ac.uk	5	5	5	5	5	0	15
2026-03-12	flybrain.mrc-lmb.cam.ac.uk	1	0	1	1	1	24	1
2026-03-12	geppetto-dev.virtualflybrain.org	1	1	1	1	1	0	3
2026-03-12	larval.virtualflybrain.org	1	0	1	1	1	13	2
2026-03-12	m.virtualflybrain.org	2	2	2	2	2	0	6
2026-03-12	natverse1.virtualflybrain.org	1	1	1	1	1	0	3
2026-03-12	natverse5.virtualflybrain.org	27	27	27	27	27	0	81
2026-03-12	nblast.virtualflybrain.org	6	6	6	6	6	0	18
2026-03-12	owl-preview.virtualflybrain.org	2	2	2	2	2	0	6
2026-03-12	owl.virtualflybrain.org	1	0	1	1	1	0	2
2026-03-12	owlery.virtualflybrain.org	3	3	3	3	3	0	9
2026-03-12	pypi.org	1	0	1	1	1	15	1
2026-03-12	rancher.virtualflybrain.org	1	1	1	1	1	0	3
2026-03-12	raw.larval.flylight.virtualflybrain.org	12	12	12	12	12	2	37
2026-03-12	sb.virtualflybrain.org	3	3	3	3	3	0	9
2026-03-12	solr.virtualflybrain.org	1	1	1	1	1	0	3
2026-03-12	v2-dev.virtualflybrain.org	1	0	4	4	6	2	35
2026-03-12	v2.virtualflybrain.org	1309	874	1516	1492	1860	49401	11147
2026-03-12	v3-cached.virtualflybrain.org	1	0	2	2	5	20	10
2026-03-12	v3.virtualflybrain.org	2	1	2	2	2	9	6
2026-03-12	vfb-connect.readthedocs.io	1	0	1	1	1	4	1
2026-03-12	vfbquery.virtualflybrain.org	1	0	1	1	1	12	2
2026-03-12	virtualflybrain.org	36	33	36	36	46	292	137
2026-03-12	www-virtualflybrain-org.translate.goog	3	3	3	3	4	27	13
2026-03-12	www.virtualflybrain.org	1102	1075	1146	1131	1484	12505	4884
2026-03-13		541	0	707	705	8484	6333	8487
2026-03-13	(not set)	5	0	3	0	0	0	19
2026-03-13	129.215.197.101	1	1	1	1	1	0	3
2026-03-13	129.215.197.110	5	5	5	5	5	0	15
2026-03-13	129.215.197.120	2	2	2	2	2	0	6
2026-03-13	129.215.197.143	1	1	1	1	1	0	3
2026-03-13	129.215.199.23	2	2	2	2	2	0	6
2026-03-13	981gwa2l.virtualflybrain.org	3	3	3	3	3	0	9
2026-03-13	aligner.virtualflybrain.org	1	1	1	1	1	0	3
2026-03-13	api.virtualflybrain.org	3	3	3	3	3	0	9
2026-03-13	backend.virtualflybrain.org	2	2	2	2	2	0	6
2026-03-13	blanik-jenkins.virtualflybrain.org	2	2	2	2	2	0	6
2026-03-13	bocian-jenkins.virtualflybrain.org	3	3	3	3	3	0	9
2026-03-13	buttermilk.inf.ed.ac.uk	23	23	23	23	23	0	69
2026-03-13	catmaid-fafb.virtualflybrain.org	7	7	7	7	7	1	22
2026-03-13	covidmemorial.virtualflybrain.org	1	1	1	1	1	0	3
2026-03-13	debug.virtualflybrain.org	2	2	2	2	2	0	6
2026-03-13	flybrain.inf.ed.ac.uk	12	12	12	12	12	0	36
2026-03-13	geppetto-dev.virtualflybrain.org	1	1	1	1	1	0	3
2026-03-13	github.com	2	0	2	2	3	11	3
2026-03-13	grafana.virtualflybrain.org	2	2	2	2	2	0	6
2026-03-13	groups.google.com	1	0	1	1	1	15	1
2026-03-13	iav-tnt-test.catmaid.virtualflybrain.org	2	2	2	2	2	0	6
2026-03-13	ids.virtualflybrain.org	2	2	2	2	2	0	6
2026-03-13	jupyterhub.virtualflybrain.org	3	3	3	3	3	0	9
2026-03-13	karenin-jenkins.virtualflybrain.org	2	2	2	2	2	0	6
2026-03-13	larval.virtualflybrain.org	4	4	4	4	4	0	12
2026-03-13	m.virtualflybrain.org	1	1	1	1	1	0	3
2026-03-13	natverse1.virtualflybrain.org	1	1	1	1	1	0	3
2026-03-13	natverse2.virtualflybrain.org	2	2	2	2	2	0	6
2026-03-13	natverse4.virtualflybrain.org	2	2	2	2	2	0	6
2026-03-13	natverse5.virtualflybrain.org	8	8	8	8	8	0	24
2026-03-13	nblast.virtualflybrain.org	7	7	7	7	7	0	21
2026-03-13	olivierdemeulenaere.virtualflybrain.org	1	1	1	1	1	0	3
2026-03-13	owl-preview.virtualflybrain.org	2	2	2	2	2	0	6
2026-03-13	owl.virtualflybrain.org	2	2	2	2	2	1	7
2026-03-13	p2.virtualflybrain.org	2	2	2	2	2	0	6
2026-03-13	pdb.u3.virtualflybrain.org	2	2	2	2	2	0	6
2026-03-13	r.virtualflybrain.org	2	2	2	2	2	0	6
2026-03-13	rancher.virtualflybrain.org	2	2	2	2	2	0	6
2026-03-13	raw.larval.flylight.virtualflybrain.org	7	7	7	7	7	0	21
2026-03-13	rstudio.virtualflybrain.org	3	3	3	3	3	0	9
2026-03-13	sb.virtualflybrain.org	4	4	4	4	4	0	12
2026-03-13	sb1.virtualflybrain.org	2	2	2	2	2	0	6
2026-03-13	solr.p2.virtualflybrain.org	2	2	2	2	2	0	6
2026-03-13	solr.virtualflybrain.org	4	3	4	4	4	4	11
2026-03-13	test-abd1.5.catmaid.virtualflybrain.org	2	2	2	2	2	0	6
2026-03-13	v1-5.virtualflybrain.org	3	3	3	3	3	0	9
2026-03-13	v2-debug.virtualflybrain.org	2	2	2	2	2	0	6
2026-03-13	v2-dev.virtualflybrain.org	2	2	2	2	3	26	10
2026-03-13	v2-virtualflybrain-org.translate.goog	2	2	2	2	2	9	7
2026-03-13	v2.virtualflybrain.org	1322	819	1513	1498	2662	46361	14060
2026-03-13	v2a.virtualflybrain.org	2	2	2	2	2	8	9
2026-03-13	v3-cached.virtualflybrain.org	1	0	1	1	1	0	1
2026-03-13	v3.virtualflybrain.org	1	1	1	1	1	0	3
2026-03-13	vfbquery.virtualflybrain.org	1	0	3	2	3	7	9
2026-03-13	virtualflybrain.org	57	44	60	59	101	689	268
2026-03-13	vnc.catmaid.virtualflybrain.org	2	2	2	2	2	0	6
2026-03-13	webtop.virtualflybrain.org	3	3	3	3	3	0	9
2026-03-13	www-virtualflybrain-org.translate.goog	4	4	5	5	10	144	29
2026-03-13	www.virtualflybrain.org	1116	1094	1178	1162	1601	13019	5149
2026-03-14		267	0	366	355	8134	9411	8135
2026-03-14	129.215.197.101	5	5	5	5	5	0	15
2026-03-14	129.215.197.110	1	1	1	1	1	0	3
2026-03-14	129.215.197.120	2	2	2	2	2	0	6
2026-03-14	129.215.197.143	1	1	1	1	1	0	3
2026-03-14	129.215.197.144	1	1	1	1	1	0	3
2026-03-14	129.215.197.147	1	1	1	1	1	0	3
2026-03-14	aligner.virtualflybrain.org	1	1	1	1	1	0	3
2026-03-14	api.ids.virtualflybrain.org	1	1	1	1	1	0	3
2026-03-14	blog.virtualflybrain.org	2	2	2	2	2	0	6
2026-03-14	catmaid-fafb.virtualflybrain.org	2	2	2	2	2	0	6
2026-03-14	covidmemorial.virtualflybrain.org	1	1	1	1	1	1	4
2026-03-14	dev.virtualflybrain.org	2	2	2	2	2	0	6
2026-03-14	dill.inf.ed.ac.uk	1	1	1	1	1	2	4
2026-03-14	flybrain.inf.ed.ac.uk	13	13	13	13	13	0	39
2026-03-14	flybrain.mrc-lmb.cam.ac.uk	1	0	1	1	1	8	1
2026-03-14	hugo.virtualflybrain.org	2	2	2	2	2	0	6
2026-03-14	jupyter.virtualflybrain.org	3	3	3	3	3	0	9
2026-03-14	kbw.virtualflybrain.org	1	1	1	1	1	0	3
2026-03-14	larval-app1.virtualflybrain.org	2	2	2	2	2	0	6
2026-03-14	larval.virtualflybrain.org	2	2	2	2	2	0	6
2026-03-14	meet.virtualflybrain.org	2	2	2	2	2	0	6
2026-03-14	mysql.virtualflybrain.org	2	2	2	2	2	0	6
2026-03-14	natverse5.virtualflybrain.org	6	6	6	6	6	0	18
2026-03-14	nblast.virtualflybrain.org	2	2	2	2	2	0	6
2026-03-14	owl-dev.virtualflybrain.org	1	1	1	1	1	0	3
2026-03-14	owl.virtualflybrain.org	4	3	4	3	3	1	10
2026-03-14	pgadmin.virtualflybrain.org	1	1	1	1	1	0	3
2026-03-14	raw.larval.flylight.virtualflybrain.org	11	10	11	10	10	7	31
2026-03-14	sb2.virtualflybrain.org	2	2	2	2	2	0	6
2026-03-14	solr-alpha.virtualflybrain.org	3	3	3	3	3	0	9
2026-03-14	solr-dev.virtualflybrain.org	1	1	1	1	1	0	3
2026-03-14	v1.virtualflybrain.org	2	2	2	2	2	0	6
2026-03-14	v2-preview.virtualflybrain.org	3	3	3	3	3	0	9
2026-03-14	v2.virtualflybrain.org	769	491	893	851	1053	21958	6066
2026-03-14	vfb-connect.readthedocs.io	1	0	1	1	1	5	1
2026-03-14	virtualflybrain.org	24	22	28	27	30	87	89
2026-03-14	www-virtualflybrain-org.translate.goog	1	1	1	1	3	44	8
2026-03-14	www.virtualflybrain.org	674	653	722	708	939	7224	3003
2026-03-15		254	0	384	376	3182	3138	3183
2026-03-15	129.215.197.143	1	1	1	1	1	0	3
2026-03-15	129.215.197.144	3	3	3	3	3	0	9
2026-03-15	catmaid-fafb.virtualflybrain.org	8	8	8	8	8	5	26
2026-03-15	covidmemorial.virtualflybrain.org	1	1	1	1	1	1	4
2026-03-15	dill.inf.ed.ac.uk	1	1	1	1	1	0	3
2026-03-15	fafb.catmaid.virtualflybrain.org	1	0	1	1	1	12	1
2026-03-15	flybrain.inf.ed.ac.uk	22	22	22	22	22	0	66
2026-03-15	github.com	1	0	1	1	1	4	1
2026-03-15	localhost	1	1	1	1	1	59	79
2026-03-15	m.virtualflybrain.org	3	2	3	2	2	8	8
2026-03-15	natverse5.virtualflybrain.org	4	4	4	4	4	0	12
2026-03-15	nblast.virtualflybrain.org	8	8	8	8	8	2	25
2026-03-15	owl-preview.virtualflybrain.org	1	1	1	1	1	0	3
2026-03-15	owl.virtualflybrain.org	1	1	1	1	1	0	3
2026-03-15	raw.larval.flylight.virtualflybrain.org	12	12	12	12	12	0	36
2026-03-15	v2.virtualflybrain.org	698	445	844	817	1023	15074	5640
2026-03-15	virtualflybrain.org	26	23	26	26	34	105	92
2026-03-15	www.virtualflybrain.org	584	571	631	616	802	5467	2572
2026-03-16		103	0	191	188	2149	2413	2150
2026-03-16	(not set)	5	0	3	0	0	0	16
2026-03-16	129.215.197.101	1	1	1	1	1	0	3
2026-03-16	129.215.197.110	1	1	1	1	1	0	3
2026-03-16	129.215.197.120	1	1	1	1	1	0	3
2026-03-16	129.215.197.144	1	1	1	1	1	0	3
2026-03-16	129.215.197.147	2	2	2	2	2	0	6
2026-03-16	129.215.199.23	2	2	2	2	2	0	6
2026-03-16	blanik-jenkins.virtualflybrain.org	4	4	4	4	4	0	12
2026-03-16	bocian-jenkins.virtualflybrain.org	4	4	4	4	4	0	12
2026-03-16	catmaid-fafb.virtualflybrain.org	4	4	4	4	4	0	12
2026-03-16	covidmemorial.virtualflybrain.org	1	1	1	1	1	1	4
2026-03-16	fafb.catmaid.virtualflybrain.org	1	0	1	1	1	4	1
2026-03-16	flybrain.inf.ed.ac.uk	11	11	11	11	11	0	33
2026-03-16	geppetto-dev.virtualflybrain.org	5	5	5	5	5	0	15
2026-03-16	grafana.virtualflybrain.org	1	1	1	1	1	0	3
2026-03-16	jupyterhub.virtualflybrain.org	4	4	4	4	4	0	12
2026-03-16	m.virtualflybrain.org	2	2	2	2	2	0	6
2026-03-16	measure-apindev.virtualflybrain.org	1	1	1	1	1	1	4
2026-03-16	meet.virtualflybrain.org	5	5	5	5	5	1	16
2026-03-16	natverse2.virtualflybrain.org	4	4	4	4	4	0	12
2026-03-16	natverse5.virtualflybrain.org	10	10	10	10	10	0	30
2026-03-16	nblast.virtualflybrain.org	7	7	7	7	7	0	21
2026-03-16	owl-preview.virtualflybrain.org	2	2	2	2	2	0	6
2026-03-16	owl.virtualflybrain.org	2	2	2	2	2	0	6
2026-03-16	pypi.org	1	0	1	1	1	179	1
2026-03-16	raw.larval.flylight.virtualflybrain.org	11	11	11	11	11	0	33
2026-03-16	rstudio.virtualflybrain.org	3	3	3	3	3	0	9
2026-03-16	sandbox-admin-game.virtualflybrain.org	1	1	1	1	1	1	4
2026-03-16	sb.virtualflybrain.org	5	5	5	5	5	0	15
2026-03-16	solr-dev.virtualflybrain.org	5	5	5	5	5	0	15
2026-03-16	solr.p2.virtualflybrain.org	3	3	3	3	3	0	9
2026-03-16	v2-debug.virtualflybrain.org	3	3	3	3	3	0	9
2026-03-16	v2-virtualflybrain-org.translate.goog	1	1	1	1	1	9	4
2026-03-16	v2.virtualflybrain.org	980	873	1094	1077	1357	13352	5556
2026-03-16	v2a.virtualflybrain.org	5	5	5	5	7	9	19
2026-03-16	v3-cached.virtualflybrain.org	5	5	5	5	5	0	15
2026-03-16	vfb-connect.readthedocs.io	1	0	1	1	1	3	1
2026-03-16	vfb3-mcp.virtualflybrain.org	4	4	4	4	4	0	12
2026-03-16	virtualflybrain.org	36	32	36	36	36	125	108
2026-03-16	www-virtualflybrain-org.translate.goog	1	1	1	1	1	3	4
2026-03-16	www.virtualflybrain.org	315	294	349	339	445	3393	1325
2026-03-16	zip.virtualflybrain.org	4	4	4	4	4	0	12
2026-03-17		150	0	222	216	2813	2527	2813
2026-03-17	(not set)	9	0	4	0	0	0	67
2026-03-17	129.215.197.101	1	1	1	1	1	0	3
2026-03-17	129.215.197.143	2	2	2	2	2	0	6
2026-03-17	129.215.197.144	1	1	1	1	1	0	3
2026-03-17	129.215.197.147	1	1	1	1	1	0	3
2026-03-17	blog.virtualflybrain.org	8	8	8	8	8	0	24
2026-03-17	buttermilk.inf.ed.ac.uk	1	1	1	1	1	0	3
2026-03-17	catmaid-fafb.virtualflybrain.org	408	408	409	409	408	0	1224
2026-03-17	cayenne.inf.ed.ac.uk	1	1	1	1	1	13	4
2026-03-17	covidmemorial.virtualflybrain.org	1	1	1	1	1	1	4
2026-03-17	flybrain.inf.ed.ac.uk	7	7	7	7	7	0	21
2026-03-17	flybrain.mrc-lmb.cam.ac.uk	1	0	1	1	1	3	1
2026-03-17	grafana.virtualflybrain.org	2	2	2	2	2	2	7
2026-03-17	m.virtualflybrain.org	1	1	1	1	1	0	3
2026-03-17	natverse5.virtualflybrain.org	5	5	5	5	5	0	15
2026-03-17	nblast.virtualflybrain.org	9	9	9	9	9	1	28
2026-03-17	owl-preview.virtualflybrain.org	1	1	1	1	1	0	3
2026-03-17	owl.virtualflybrain.org	1	1	1	1	1	0	3
2026-03-17	raw.larval.flylight.virtualflybrain.org	10	10	10	10	10	1	31
2026-03-17	v2.virtualflybrain.org	824	688	915	894	1073	15551	5722
2026-03-17	virtualflybrain.org	1086	1083	1086	1085	1092	146	3273
2026-03-17	www.virtualflybrain.org	482	466	521	514	623	3435	1961
2026-03-18		152	0	281	278	2162	2001	2162
2026-03-18	(not set)	2	0	1	0	0	0	46
2026-03-18	129.215.197.110	3	3	3	3	3	0	9
2026-03-18	129.215.197.120	2	2	2	2	2	0	6
2026-03-18	129.215.197.143	2	1	2	1	1	4	4
2026-03-18	129.215.197.144	2	2	2	2	2	0	6
2026-03-18	129.215.197.147	1	1	1	1	1	0	3
2026-03-18	blanik-jenkins.virtualflybrain.org	1	0	1	1	2	25	3
2026-03-18	blog.virtualflybrain.org	3	3	3	3	3	0	9
2026-03-18	buttermilk.inf.ed.ac.uk	2	2	2	2	2	0	6
2026-03-18	catmaid-fafb.virtualflybrain.org	665	665	665	665	665	0	1995
2026-03-18	covidmemorial.virtualflybrain.org	1	1	1	1	1	1	4
2026-03-18	flybrain.inf.ed.ac.uk	19	19	19	19	19	0	57
2026-03-18	flybrain.mrc-lmb.cam.ac.uk	1	0	1	1	1	2	1
2026-03-18	ledatong.cn.www.virtualflybrain.org	1	1	1	1	1	3	4
2026-03-18	m.virtualflybrain.org	4	4	4	4	4	1	13
2026-03-18	natverse5.virtualflybrain.org	5	5	5	5	5	31	16
2026-03-18	nblast.virtualflybrain.org	4	4	4	4	4	0	12
2026-03-18	owl-preview.virtualflybrain.org	1	1	1	1	1	0	3
2026-03-18	owl.virtualflybrain.org	1	1	1	1	1	0	3
2026-03-18	pypi.org	1	0	1	1	1	5	1
2026-03-18	raw.larval.flylight.virtualflybrain.org	10	9	10	10	9	1	30
2026-03-18	v2.virtualflybrain.org	588	461	738	723	889	11995	4929
2026-03-18	vfb3-mcp-preview.virtualflybrain.org	1	0	1	1	1	1	3
2026-03-18	virtualflybrain.org	1741	1739	1734	1733	1746	71	5240
2026-03-18	www.virtualflybrain.org	470	452	493	488	614	4427	1864
2026-03-19		127	0	254	249	2587	1765	2589
2026-03-19	(not set)	3	0	1	0	0	0	21
2026-03-19	129.215.197.101	1	1	1	1	1	0	3
2026-03-19	129.215.197.110	1	1	1	1	1	0	3
2026-03-19	129.215.197.144	1	1	1	1	1	0	3
2026-03-19	129.215.197.147	2	2	2	2	2	0	6
2026-03-19	129.215.199.23	2	1	2	1	1	3	4
2026-03-19	981gwa2l.virtualflybrain.org	1	1	1	1	1	0	3
2026-03-19	aim.virtualflybrain.org	4	4	4	4	4	3	15
2026-03-19	aligner.virtualflybrain.org	1	1	1	1	1	0	3
2026-03-19	api.ids.virtualflybrain.org	2	2	2	2	2	0	6
2026-03-19	avatars.virtualflybrain.org	4	4	4	4	4	4	16
2026-03-19	blanik-jenkins.virtualflybrain.org	1	0	1	1	1	16	2
2026-03-19	blog.virtualflybrain.org	2	2	2	2	2	0	6
2026-03-19	catmaid-fafb.virtualflybrain.org	480	480	479	479	480	0	1440
2026-03-19	cehd.virtualflybrain.org	4	4	4	4	4	2	14
2026-03-19	covidmemorial.virtualflybrain.org	1	1	1	1	1	2	4
2026-03-19	flybrain.inf.ed.ac.uk	19	19	19	19	19	0	57
2026-03-19	geppetto-dev.virtualflybrain.org	2	2	2	2	2	0	6
2026-03-19	grafana.virtualflybrain.org	2	2	2	2	2	0	6
2026-03-19	larval.virtualflybrain.org	2	2	2	2	2	0	6
2026-03-19	m.virtualflybrain.org	1	1	1	1	1	0	3
2026-03-19	meet.virtualflybrain.org	2	2	2	2	2	0	6
2026-03-19	mo.virtualflybrain.org	4	4	4	4	4	3	15
2026-03-19	natverse1.virtualflybrain.org	3	3	3	3	3	0	9
2026-03-19	natverse2.virtualflybrain.org	2	2	2	2	2	0	6
2026-03-19	natverse5.virtualflybrain.org	7	7	7	7	7	0	21
2026-03-19	nblast.virtualflybrain.org	5	5	5	5	5	0	15
2026-03-19	owl.virtualflybrain.org	1	1	1	1	1	0	3
2026-03-19	rancher.virtualflybrain.org	1	1	1	1	1	0	3
2026-03-19	raw.larval.flylight.virtualflybrain.org	11	9	11	11	12	196	35
2026-03-19	sb.virtualflybrain.org	1	1	1	1	1	0	3
2026-03-19	solr-dev.virtualflybrain.org	2	2	2	2	2	0	6
2026-03-19	solr.p2.virtualflybrain.org	1	1	1	1	1	0	3
2026-03-19	solr.virtualflybrain.org	1	1	1	1	1	0	3
2026-03-19	srl.virtualflybrain.org	2	2	2	2	2	1	7
2026-03-19	ss16.virtualflybrain.org	4	4	4	4	4	2	14
2026-03-19	state.virtualflybrain.org	2	2	2	2	2	0	6
2026-03-19	tes.virtualflybrain.org	4	4	4	4	4	2	14
2026-03-19	union.virtualflybrain.org	4	4	4	4	4	3	15
2026-03-19	v2-dev.virtualflybrain.org	1	0	8	8	10	88	71
2026-03-19	v2-preview.virtualflybrain.org	2	2	2	2	2	0	6
2026-03-19	v2-virtualflybrain-org.translate.goog	1	1	1	1	2	11	6
2026-03-19	v2.virtualflybrain.org	596	479	740	717	867	17205	4769
2026-03-19	v3.virtualflybrain.org	3	3	3	3	3	0	9
2026-03-19	vfb3-mcp-preview.virtualflybrain.org	1	0	1	1	2	2	4
2026-03-19	vfbquery.virtualflybrain.org	5	5	5	5	5	2	17
2026-03-19	virtualflybrain.org	1230	1228	1237	1235	1234	145	3705
2026-03-19	vnc.catmaid.virtualflybrain.org	1	1	1	1	1	10	4
2026-03-19	vrtic-trnsko.virtualflybrain.org	2	2	2	2	2	0	6
2026-03-19	www-virtualflybrain-org.translate.goog	1	1	1	1	1	17	4
2026-03-19	www.virtualflybrain.org	408	388	421	414	498	3211	1560
2026-03-20		107	0	232	230	1713	3522	1713
2026-03-20	(not set)	3	0	1	0	0	0	16
2026-03-20	129.215.197.101	3	3	3	3	3	0	9
2026-03-20	129.215.197.120	1	0	1	0	0	4	1
2026-03-20	129.215.197.143	2	2	2	2	2	0	6
2026-03-20	129.215.197.147	1	1	1	1	1	0	3
2026-03-20	129.215.199.23	2	2	2	2	2	0	6
2026-03-20	blanik-jenkins.virtualflybrain.org	1	1	1	1	1	0	3
2026-03-20	blog.virtualflybrain.org	1	1	1	1	1	0	3
2026-03-20	bocian-jenkins.virtualflybrain.org	1	1	1	1	1	0	3
2026-03-20	catmaid-fafb.virtualflybrain.org	471	471	470	470	471	0	1413
2026-03-20	covidmemorial.virtualflybrain.org	1	1	1	1	1	0	3
2026-03-20	flybrain.inf.ed.ac.uk	24	24	24	24	24	41	74
2026-03-20	jupyterhub.virtualflybrain.org	1	1	1	1	1	0	3
2026-03-20	m.virtualflybrain.org	1	1	1	1	1	0	3
2026-03-20	meet.virtualflybrain.org	1	1	1	1	1	0	3
2026-03-20	natverse2.virtualflybrain.org	1	1	1	1	1	0	3
2026-03-20	natverse5.virtualflybrain.org	5	5	5	5	5	0	15
2026-03-20	nblast.virtualflybrain.org	1	1	1	1	1	0	3
2026-03-20	olivierdemeulenaere.virtualflybrain.org	1	1	1	1	1	0	3
2026-03-20	owl-preview.virtualflybrain.org	1	1	1	1	1	0	3
2026-03-20	raw.larval.flylight.virtualflybrain.org	3	3	4	4	4	0	11
2026-03-20	rstudio.virtualflybrain.org	1	1	1	1	1	0	3
2026-03-20	solr-dev.virtualflybrain.org	1	1	1	1	1	0	3
2026-03-20	solr.p2.virtualflybrain.org	1	1	1	1	1	0	3
2026-03-20	state.virtualflybrain.org	2	2	2	2	2	0	6
2026-03-20	v2-debug.virtualflybrain.org	1	1	1	1	1	0	3
2026-03-20	v2-dev.virtualflybrain.org	1	0	17	16	18	40	112
2026-03-20	v2.virtualflybrain.org	654	570	774	761	898	11358	4350
2026-03-20	v2a.virtualflybrain.org	1	1	1	1	1	0	3
2026-03-20	v3-cached.virtualflybrain.org	1	1	1	1	1	0	3
2026-03-20	vfb3-mcp.virtualflybrain.org	1	1	1	1	1	0	3
2026-03-20	vfbquery.virtualflybrain.org	2	2	2	2	2	1	7
2026-03-20	virtualflybrain.org	1262	1260	1264	1264	1269	106	3798
2026-03-20	vrtic-trnsko.virtualflybrain.org	2	2	2	2	2	0	6
2026-03-20	www.virtualflybrain.org	321	310	334	328	413	1869	1264
2026-03-20	zip.virtualflybrain.org	1	1	1	1	1	0	3
2026-03-21		69	0	152	152	1944	2924	1944
2026-03-21	(not set)	2	0	1	0	0	0	49
2026-03-21	129.215.197.101	1	1	1	1	1	0	3
2026-03-21	129.215.197.143	2	2	2	2	2	0	6
2026-03-21	129.215.197.144	1	1	1	1	1	0	3
2026-03-21	129.215.197.147	2	1	2	1	1	4	4
2026-03-21	129.215.199.23	2	2	2	2	2	0	6
2026-03-21	catmaid-fafb.virtualflybrain.org	450	450	451	451	450	0	1350
2026-03-21	flybrain.inf.ed.ac.uk	12	12	12	12	12	1	37
2026-03-21	m.virtualflybrain.org	1	1	1	1	1	0	3
2026-03-21	mayo.inf.ed.ac.uk	2	2	2	2	2	0	6
2026-03-21	natverse5.virtualflybrain.org	21	21	21	21	21	0	63
2026-03-21	nblast.virtualflybrain.org	2	2	2	2	2	0	6
2026-03-21	owl-preview.virtualflybrain.org	1	1	1	1	1	0	3
2026-03-21	raw.larval.flylight.virtualflybrain.org	3	3	3	3	3	1	10
2026-03-21	v2-virtualflybrain-org.translate.goog	1	1	1	1	1	1	4
2026-03-21	v2.virtualflybrain.org	598	532	693	686	805	8477	3788
2026-03-21	v3-cached.virtualflybrain.org	1	0	1	1	6	119	12
2026-03-21	virtualflybrain.org	1039	1037	1039	1039	1040	118	3122
2026-03-21	www-virtualflybrain-org.translate.goog	1	1	1	1	2	12	6
2026-03-21	www.virtualflybrain.org	291	284	298	297	369	2048	1143
2026-03-22		65	0	121	120	843	693	843
2026-03-22	(not set)	2	0	1	0	0	0	201
2026-03-22	129.215.197.101	2	1	2	1	1	4	4
2026-03-22	129.215.197.120	2	2	2	2	2	0	6
2026-03-22	129.215.197.144	2	1	2	1	1	4	4
2026-03-22	129.215.197.147	1	1	1	1	1	0	3
2026-03-22	16e44859-eab5-4e1b-ad6b-9aa7d23eb17a.www.virtualflybrain.org	2	2	2	2	2	0	6
2026-03-22	blog.virtualflybrain.org	8	8	8	8	8	0	24
2026-03-22	buttermilk.inf.ed.ac.uk	1	1	1	1	1	0	3
2026-03-22	catmaid-fafb.virtualflybrain.org	413	413	414	414	413	0	1239
2026-03-22	dsl-emcali-186.v2.virtualflybrain.org	2	0	2	0	0	9	2
2026-03-22	flybrain.inf.ed.ac.uk	8	8	8	8	8	0	24
2026-03-22	jupyter.virtualflybrain.org	1	1	1	1	1	0	3
2026-03-22	m.virtualflybrain.org	1	1	1	1	1	0	3
2026-03-22	natverse5.virtualflybrain.org	5	5	5	5	5	3	16
2026-03-22	nblast.virtualflybrain.org	4	4	4	4	4	0	12
2026-03-22	owl-preview.virtualflybrain.org	2	2	2	2	2	0	6
2026-03-22	owl.virtualflybrain.org	2	2	2	2	2	0	6
2026-03-22	raw.larval.flylight.virtualflybrain.org	7	7	8	8	9	0	25
2026-03-22	v2.virtualflybrain.org	600	552	664	657	743	4141	2969
2026-03-22	virtualflybrain.org	963	961	969	968	979	85	2930
2026-03-22	www.virtualflybrain.org	762	753	769	766	817	1404	2456
2026-03-23		93	0	171	171	1917	2737	1918
2026-03-23	(not set)	2	0	1	0	0	0	59
2026-03-23	129.215.197.101	1	1	1	1	1	0	3
2026-03-23	129.215.197.110	2	1	2	1	1	4	4
2026-03-23	129.215.197.120	1	1	1	1	1	0	3
2026-03-23	129.215.197.143	1	1	1	1	1	0	3
2026-03-23	129.215.199.23	1	1	1	1	1	0	3
2026-03-23	blog.virtualflybrain.org	4	4	4	4	4	0	12
2026-03-23	buttermilk.inf.ed.ac.uk	2	2	2	2	2	0	6
2026-03-23	catmaid-fafb.virtualflybrain.org	441	441	442	442	441	1	1324
2026-03-23	covidmemorial.virtualflybrain.org	1	1	1	1	1	0	3
2026-03-23	flybrain.inf.ed.ac.uk	11	11	11	11	11	0	33
2026-03-23	m.virtualflybrain.org	1	1	1	1	1	0	3
2026-03-23	mayo.inf.ed.ac.uk	2	1	2	2	2	2	7
2026-03-23	meet.virtualflybrain.org	1	1	1	1	1	1	4
2026-03-23	natverse5.virtualflybrain.org	4	4	4	4	4	0	12
2026-03-23	nblast.virtualflybrain.org	5	5	5	5	5	1	16
2026-03-23	owl-preview.virtualflybrain.org	3	3	3	3	3	0	9
2026-03-23	owl.virtualflybrain.org	3	3	3	3	3	0	9
2026-03-23	raw.larval.flylight.virtualflybrain.org	4	3	4	4	4	0	10
2026-03-23	v2-dev.virtualflybrain.org	1	0	1	1	1	32	8
2026-03-23	v2.virtualflybrain.org	553	468	634	626	849	10029	3590
2026-03-23	v2a.virtualflybrain.org	1	0	6	6	10	999	102
2026-03-23	virtualflybrain.org	1076	1070	1081	1079	1079	212	3236
2026-03-23	www.facebook.com	1	0	1	1	1	8	1
2026-03-23	www.virtualflybrain.org	3471	3459	3485	3477	3664	2804	10831
2026-03-24		101	0	235	234	3034	2792	3034
2026-03-24	(not set)	2	0	1	0	0	0	74
2026-03-24	129.215.197.120	1	1	1	1	1	0	3
2026-03-24	129.215.197.144	2	2	2	2	2	0	6
2026-03-24	129.215.199.23	2	2	2	2	2	0	6
2026-03-24	blog.virtualflybrain.org	1	1	1	1	1	0	3
2026-03-24	catmaid-fafb.virtualflybrain.org	156	156	156	156	156	0	468
2026-03-24	covidmemorial.virtualflybrain.org	3	3	3	3	3	5	12
2026-03-24	flybrain.inf.ed.ac.uk	21	21	21	21	21	0	63
2026-03-24	m.virtualflybrain.org	1	1	1	1	1	0	3
2026-03-24	measure-apindev.virtualflybrain.org	1	1	1	1	1	1	4
2026-03-24	natverse5.virtualflybrain.org	5	5	5	5	5	0	15
2026-03-24	nblast.virtualflybrain.org	18	18	18	18	18	0	54
2026-03-24	owl-preview.virtualflybrain.org	1	1	1	1	1	0	3
2026-03-24	owl.virtualflybrain.org	2	1	3	3	4	4	9
2026-03-24	raw.larval.flylight.virtualflybrain.org	3	3	3	3	3	0	9
2026-03-24	sandbox-admin-game.virtualflybrain.org	1	1	1	1	1	0	3
2026-03-24	v2-dev.virtualflybrain.org	1	0	2	2	2	1003	15
2026-03-24	v2.virtualflybrain.org	368	281	506	498	766	9902	4176
2026-03-24	v2a.virtualflybrain.org	1	0	6	6	14	2	97
2026-03-24	virtualflybrain.org	386	383	389	389	390	165	1171
2026-03-24	www.virtualflybrain.org	362	355	388	382	467	3289	1413
2026-03-25		104	0	293	291	2983	2130	2984
2026-03-25	129.215.197.101	4	4	4	4	4	0	12
2026-03-25	129.215.197.110	1	1	1	1	1	0	3
2026-03-25	129.215.197.120	4	4	4	4	4	0	12
2026-03-25	129.215.197.143	1	1	1	1	1	0	3
2026-03-25	129.215.197.144	1	1	1	1	1	0	3
2026-03-25	129.215.197.147	3	3	3	3	3	0	9
2026-03-25	129.215.199.23	1	1	1	1	1	0	3
2026-03-25	981gwa2l.virtualflybrain.org	1	1	1	1	1	0	3
2026-03-25	api.ids.virtualflybrain.org	3	3	3	3	3	0	9
2026-03-25	api.virtualflybrain.org	2	2	2	2	2	0	6
2026-03-25	backend.virtualflybrain.org	2	2	2	2	2	0	6
2026-03-25	blanik-jenkins.virtualflybrain.org	3	3	3	3	3	1	10
2026-03-25	blog.virtualflybrain.org	3	3	3	3	3	0	9
2026-03-25	bocian-jenkins.virtualflybrain.org	1	1	1	1	1	0	3
2026-03-25	catmaid-fafb.virtualflybrain.org	5719	5718	5648	5648	5720	0	17156
2026-03-25	covidmemorial.virtualflybrain.org	2	2	2	2	2	2	7
2026-03-25	debug.virtualflybrain.org	1	1	1	1	1	0	3
2026-03-25	dev.virtualflybrain.org	2	2	2	2	2	0	6
2026-03-25	dill.inf.ed.ac.uk	1	1	1	1	1	0	3
2026-03-25	flybrain.inf.ed.ac.uk	15	15	15	15	15	4	46
2026-03-25	geppetto-dev.virtualflybrain.org	1	1	1	1	1	0	3
2026-03-25	grafana.virtualflybrain.org	1	1	1	1	1	0	3
2026-03-25	hugo.virtualflybrain.org	2	2	2	2	2	0	6
2026-03-25	iav-tnt-test.catmaid.virtualflybrain.org	2	2	2	2	2	0	6
2026-03-25	ids.virtualflybrain.org	2	2	2	2	2	0	6
2026-03-25	jupyter.virtualflybrain.org	1	1	1	1	1	0	3
2026-03-25	jupyterhub.virtualflybrain.org	2	2	2	2	2	0	6
2026-03-25	karenin-jenkins.virtualflybrain.org	2	2	2	2	2	0	6
2026-03-25	kbw.virtualflybrain.org	2	2	2	2	2	0	6
2026-03-25	larval-app1.virtualflybrain.org	1	1	1	1	1	0	3
2026-03-25	larval.virtualflybrain.org	5	5	5	5	5	0	15
2026-03-25	m.virtualflybrain.org	2	2	2	2	2	0	6
2026-03-25	meet.virtualflybrain.org	3	3	3	3	3	0	9
2026-03-25	mysql.virtualflybrain.org	2	2	2	2	2	0	6
2026-03-25	natverse1.virtualflybrain.org	1	1	1	1	1	0	3
2026-03-25	natverse2.virtualflybrain.org	3	3	3	3	3	0	9
2026-03-25	natverse4.virtualflybrain.org	2	2	2	2	2	0	6
2026-03-25	natverse5.virtualflybrain.org	6	6	6	6	6	0	18
2026-03-25	nblast.virtualflybrain.org	6	6	6	6	27	32	57
2026-03-25	owl-dev.virtualflybrain.org	2	2	2	2	2	0	6
2026-03-25	owl-preview.virtualflybrain.org	4	4	4	4	4	0	12
2026-03-25	owl.virtualflybrain.org	1	1	1	1	1	0	3
2026-03-25	p2.virtualflybrain.org	2	2	2	2	2	0	6
2026-03-25	pdb.u3.virtualflybrain.org	2	2	2	2	2	0	6
2026-03-25	pgadmin.virtualflybrain.org	2	2	2	2	2	0	6
2026-03-25	r.virtualflybrain.org	2	2	2	2	2	0	6
2026-03-25	rancher.virtualflybrain.org	1	1	1	1	1	0	3
2026-03-25	raw.larval.flylight.virtualflybrain.org	6	6	7	7	8	0	22
2026-03-25	rstudio.virtualflybrain.org	1	1	1	1	1	0	3
2026-03-25	sb.virtualflybrain.org	2	2	2	2	2	0	6
2026-03-25	sb1.virtualflybrain.org	2	2	2	2	2	0	6
2026-03-25	sb2.virtualflybrain.org	2	2	2	2	2	0	6
2026-03-25	solr-alpha.virtualflybrain.org	2	2	2	2	2	0	6
2026-03-25	solr-dev.virtualflybrain.org	3	3	3	3	3	0	9
2026-03-25	solr.p2.virtualflybrain.org	3	3	3	3	3	0	9
2026-03-25	solr.virtualflybrain.org	2	2	2	2	2	0	6
2026-03-25	test-abd1.5.catmaid.virtualflybrain.org	2	2	2	2	2	0	6
2026-03-25	v1-5.virtualflybrain.org	2	2	2	2	2	0	6
2026-03-25	v1.virtualflybrain.org	2	2	2	2	2	0	6
2026-03-25	v2-debug.virtualflybrain.org	2	2	2	2	2	0	6
2026-03-25	v2-dev.virtualflybrain.org	3	2	12	12	25	383	164
2026-03-25	v2-dev2.virtualflybrain.org	2	2	2	2	2	0	6
2026-03-25	v2-preview.virtualflybrain.org	2	2	2	2	2	0	6
2026-03-25	v2.virtualflybrain.org	468	367	673	665	884	16562	4811
2026-03-25	v2a.virtualflybrain.org	2	2	2	2	2	9	7
2026-03-25	v3-cached.virtualflybrain.org	1	0	3	3	3	28	6
2026-03-25	v3.virtualflybrain.org	1	1	1	1	1	0	3
2026-03-25	vfb3-mcp-preview.virtualflybrain.org	1	1	1	1	1	0	3
2026-03-25	virtualflybrain.org	806	804	806	806	810	194	2442
2026-03-25	vnc.catmaid.virtualflybrain.org	1	1	1	1	1	0	3
2026-03-25	webtop.virtualflybrain.org	2	2	2	2	2	0	6
2026-03-25	www.virtualflybrain.org	418	402	432	429	489	1462	1493
2026-03-26		143	0	405	394	4375	3330	4379
2026-03-26	(not set)	3	0	2	0	0	0	481
2026-03-26	129.215.197.101	2	2	2	2	2	0	6
2026-03-26	129.215.197.110	2	2	2	2	2	0	6
2026-03-26	129.215.197.143	1	1	1	1	1	0	3
2026-03-26	129.215.197.144	3	3	3	3	3	0	9
2026-03-26	129.215.197.147	2	2	2	2	2	0	6
2026-03-26	129.215.199.23	2	2	2	2	2	0	6
2026-03-26	blog.virtualflybrain.org	2	2	2	2	2	0	6
2026-03-26	buttermilk.inf.ed.ac.uk	446	446	446	446	446	0	1338
2026-03-26	catmaid-fafb.virtualflybrain.org	3096	3096	3046	3046	3096	0	9288
2026-03-26	covidmemorial.virtualflybrain.org	1	1	1	1	1	1	4
2026-03-26	dill.inf.ed.ac.uk	2	2	2	2	2	0	6
2026-03-26	flybrain.inf.ed.ac.uk	14	14	14	14	14	0	42
2026-03-26	github.com	1	0	1	1	1	3	1
2026-03-26	jupyter.virtualflybrain.org	2	2	2	2	2	0	6
2026-03-26	m.virtualflybrain.org	4	4	4	4	4	0	12
2026-03-26	natverse5.virtualflybrain.org	4	4	4	4	4	0	12
2026-03-26	nblast.virtualflybrain.org	9	9	9	9	9	0	27
2026-03-26	olivierdemeulenaere.virtualflybrain.org	1	1	1	1	1	1	4
2026-03-26	owl-preview.virtualflybrain.org	2	2	2	2	2	0	6
2026-03-26	owl.virtualflybrain.org	1	0	1	1	1	2	2
2026-03-26	raw.larval.flylight.virtualflybrain.org	2	1	2	2	7	168	16
2026-03-26	v2-dev.virtualflybrain.org	1	0	3	3	0	9	5
2026-03-26	v2.virtualflybrain.org	610	487	885	858	1614	15834	11745
2026-03-26	virtualflybrain.org	432	433	433	433	448	576	1382
2026-03-26	www-virtualflybrain-org.translate.goog	1	1	1	1	1	0	3
2026-03-26	www.virtualflybrain.org	770	759	789	783	906	3113	2815
2026-03-27		103	0	261	257	2856	2887	2857
2026-03-27	(not set)	1	0	1	0	0	0	672
2026-03-27	129.215.197.101	2	2	2	2	2	0	6
2026-03-27	129.215.197.120	1	1	1	1	1	0	3
2026-03-27	129.215.197.147	1	1	1	1	1	0	3
2026-03-27	129.215.199.23	1	1	1	1	1	0	3
2026-03-27	16e44859-eab5-4e1b-ad6b-9aa7d23eb17a.www.virtualflybrain.org	1	1	1	1	1	0	3
2026-03-27	blog.virtualflybrain.org	27	27	27	27	27	0	81
2026-03-27	buttermilk.inf.ed.ac.uk	9	9	9	9	9	0	27
2026-03-27	catmaid-fafb.virtualflybrain.org	484	484	482	482	484	0	1452
2026-03-27	dill.inf.ed.ac.uk	3	3	3	3	3	0	9
2026-03-27	fafb.catmaid.virtualflybrain.org	1	0	1	1	1	53	1
2026-03-27	flybrain.inf.ed.ac.uk	13	13	13	13	13	0	39
2026-03-27	flybrain.mrc-lmb.cam.ac.uk	1	0	1	1	1	5	1
2026-03-27	github.com	2	0	2	2	3	41	3
2026-03-27	jupyter.virtualflybrain.org	5	5	5	5	5	0	15
2026-03-27	l1em.catmaid.virtualflybrain.org	2	0	2	2	2	38	2
2026-03-27	m.virtualflybrain.org	2	2	2	2	2	0	6
2026-03-27	mayo.inf.ed.ac.uk	2	2	2	2	2	0	6
2026-03-27	natverse5.virtualflybrain.org	4	4	4	4	4	0	12
2026-03-27	nblast.virtualflybrain.org	10	10	10	10	10	2	32
2026-03-27	owl-preview.virtualflybrain.org	2	2	2	2	2	0	6
2026-03-27	owl.virtualflybrain.org	20	20	20	20	20	0	60
2026-03-27	raw.larval.flylight.virtualflybrain.org	4	2	4	4	5	0	10
2026-03-27	v2-dev.virtualflybrain.org	1	0	2	1	1	2	7
2026-03-27	v2-virtualflybrain-org.translate.goog	1	1	1	1	1	40	4
2026-03-27	v2.virtualflybrain.org	486	396	659	644	1036	13327	7062
2026-03-27	virtualflybrain.org	266	263	267	267	275	223	827
2026-03-27	www-virtualflybrain-org.translate.goog	1	1	1	1	1	3	5
2026-03-27	www.nblast.virtualflybrain.org	1	1	1	1	1	0	3
2026-03-27	www.virtualflybrain.org	858	848	875	867	937	1296	2852
2026-03-28		59	0	126	126	1519	1694	1520
2026-03-28	(not set)	1	0	1	0	0	0	344
2026-03-28	129.215.197.101	2	2	2	2	2	0	6
2026-03-28	129.215.197.110	2	2	2	2	2	0	6
2026-03-28	129.215.197.147	2	2	2	2	2	0	6
2026-03-28	129.215.199.23	1	1	1	1	1	0	3
2026-03-28	blog.virtualflybrain.org	9	9	9	9	9	0	27
2026-03-28	buttermilk.inf.ed.ac.uk	5	5	5	5	5	0	15
2026-03-28	catmaid-fafb.virtualflybrain.org	51	51	51	51	51	0	153
2026-03-28	dill.inf.ed.ac.uk	4	4	4	4	4	0	12
2026-03-28	flybrain.inf.ed.ac.uk	10	10	10	10	10	0	30
2026-03-28	jupyter.virtualflybrain.org	1	1	1	1	1	0	3
2026-03-28	m.virtualflybrain.org	1	1	1	1	1	0	3
2026-03-28	mayo.inf.ed.ac.uk	3	3	3	3	3	0	9
2026-03-28	natverse5.virtualflybrain.org	6	6	6	6	6	0	18
2026-03-28	nblast.virtualflybrain.org	18	18	18	18	18	0	54
2026-03-28	owl-preview.virtualflybrain.org	1	1	1	1	1	0	3
2026-03-28	owl.virtualflybrain.org	8	8	8	8	8	0	24
2026-03-28	raw.larval.flylight.virtualflybrain.org	4	4	4	4	4	0	12
2026-03-28	v2.virtualflybrain.org	363	310	435	432	562	7746	2688
2026-03-28	v2a.virtualflybrain.org	1	0	4	4	12	0	96
2026-03-28	virtualflybrain.org	849	847	847	847	851	86	2553
2026-03-28	www.virtualflybrain.org	1000	993	1020	1014	1125	1804	3399
2026-03-29		54	0	130	128	1172	929	1172
2026-03-29	(not set)	1	0	1	0	0	0	1
2026-03-29	129.215.197.120	1	1	1	1	1	0	3
2026-03-29	129.215.197.143	1	1	1	1	1	0	3
2026-03-29	129.215.197.144	1	1	1	1	1	0	3
2026-03-29	blanik-jenkins.virtualflybrain.org	1	1	1	1	1	0	3
2026-03-29	blog.virtualflybrain.org	5	5	5	5	5	0	15
2026-03-29	buttermilk.inf.ed.ac.uk	1	1	1	1	1	0	3
2026-03-29	catmaid-fafb.virtualflybrain.org	28	28	28	28	28	0	84
2026-03-29	dill.inf.ed.ac.uk	11	11	11	11	11	0	33
2026-03-29	flybrain.inf.ed.ac.uk	14	14	14	14	14	0	42
2026-03-29	jupyter.virtualflybrain.org	1	1	1	1	1	0	3
2026-03-29	mayo.inf.ed.ac.uk	6	6	6	6	6	0	18
2026-03-29	meet.virtualflybrain.org	1	1	1	1	1	1	4
2026-03-29	natverse5.virtualflybrain.org	23	23	23	23	23	0	69
2026-03-29	nblast.virtualflybrain.org	32	32	32	32	32	0	96
2026-03-29	owl-preview.virtualflybrain.org	1	1	1	1	1	0	3
2026-03-29	owl.virtualflybrain.org	6	6	6	6	6	0	18
2026-03-29	pdbl.ug.virtualflybrain.org	1	0	1	1	1	2	2
2026-03-29	sandbox-admin-game.virtualflybrain.org	1	1	1	1	1	1	4
2026-03-29	v2-dev.virtualflybrain.org	1	0	2	1	1	53	10
2026-03-29	v2-preview.virtualflybrain.org	1	1	1	1	1	3	4
2026-03-29	v2.virtualflybrain.org	368	316	444	437	503	4634	2482
2026-03-29	v2a.virtualflybrain.org	1	0	4	4	12	0	97
2026-03-29	vfb-connect.readthedocs.io	1	0	1	1	1	7	1
2026-03-29	virtualflybrain.org	9989	10096	9844	9844	10109	52	30311
2026-03-29	www-virtualflybrain-org.translate.goog	1	1	1	1	1	12	4
2026-03-29	www.virtualflybrain.org	1378	1372	1388	1385	1436	1204	4350
2026-03-30		75	0	255	255	2453	1553	2453
2026-03-30	(not set)	1	0	1	0	0	0	90
2026-03-30	129.215.197.101	1	1	1	1	1	0	3
2026-03-30	129.215.197.120	1	1	1	1	1	0	3
2026-03-30	129.215.197.143	1	1	1	1	1	0	3
2026-03-30	129.215.197.144	1	1	1	1	1	0	3
2026-03-30	129.215.197.147	1	1	1	1	1	0	3
2026-03-30	129.215.199.23	1	1	1	1	1	0	3
2026-03-30	blanik-jenkins.virtualflybrain.org	11	11	11	11	11	0	33
2026-03-30	blog.virtualflybrain.org	3	3	3	3	3	0	9
2026-03-30	buttermilk.inf.ed.ac.uk	5	5	6	6	6	0	17
2026-03-30	catmaid-fafb.virtualflybrain.org	28	28	28	28	28	0	84
2026-03-30	dill.inf.ed.ac.uk	2	2	2	2	2	0	6
2026-03-30	flybrain.inf.ed.ac.uk	26	26	26	26	26	0	78
2026-03-30	github.com	1	0	1	1	1	20	1
2026-03-30	m.virtualflybrain.org	2	2	2	2	2	0	6
2026-03-30	mayo.inf.ed.ac.uk	2	2	2	2	2	0	6
2026-03-30	measure-apindev.virtualflybrain.org	1	1	1	1	1	1	4
2026-03-30	natverse5.virtualflybrain.org	10	10	10	10	10	0	30
2026-03-30	nblast.virtualflybrain.org	34	34	34	34	34	0	102
2026-03-30	owl-preview.virtualflybrain.org	2	2	2	2	2	0	6
2026-03-30	owl.virtualflybrain.org	1	1	1	1	1	0	3
2026-03-30	sourcream.inf.ed.ac.uk	1	0	1	0	0	35	5
2026-03-30	v2-dev.virtualflybrain.org	1	0	9	8	21	2191	224
2026-03-30	v2-preview.virtualflybrain.org	2	2	2	2	2	0	6
2026-03-30	v2.virtualflybrain.org	742	665	927	920	1092	10139	5505
2026-03-30	v2a.virtualflybrain.org	1	0	3	2	5	0	37
2026-03-30	virtualflybrain.org	8585	8733	8874	8874	8744	83	26228
2026-03-30	www.virtualflybrain.org	1192	1178	1215	1208	1273	1289	3823
2026-03-31		101	0	290	288	2184	1485	2185
2026-03-31	(not set)	1	0	1	0	0	0	17
2026-03-31	129.215.197.110	1	1	1	1	1	0	3
2026-03-31	129.215.197.143	1	1	1	1	1	0	3
2026-03-31	129.215.197.144	2	2	2	2	2	0	6
2026-03-31	129.215.199.23	1	1	1	1	1	0	3
2026-03-31	2d25f28c-4655-4f44-87e3-549fef84e26c.virtualflybrain.org	1	1	1	1	1	0	3
2026-03-31	blanik-jenkins.virtualflybrain.org	1	1	1	1	1	0	3
2026-03-31	buttermilk.inf.ed.ac.uk	40	40	40	40	40	1	121
2026-03-31	catmaid-fafb.virtualflybrain.org	51	51	51	51	51	0	153
2026-03-31	dill.inf.ed.ac.uk	7	7	7	7	7	0	21
2026-03-31	flybrain.inf.ed.ac.uk	36	36	36	36	36	0	108
2026-03-31	jupyter.virtualflybrain.org	4	4	4	4	4	0	12
2026-03-31	l3vnc.catmaid.virtualflybrain.org	1	0	1	1	1	0	1
2026-03-31	m.virtualflybrain.org	2	2	2	2	2	0	6
2026-03-31	mayo.inf.ed.ac.uk	8	8	8	8	8	0	24
2026-03-31	measure-apindev.virtualflybrain.org	1	1	1	1	1	1	4
2026-03-31	natverse5.virtualflybrain.org	7	7	7	7	7	0	21
2026-03-31	nblast.virtualflybrain.org	33	33	33	33	33	0	99
2026-03-31	owl-preview.virtualflybrain.org	1	1	1	1	1	0	3
2026-03-31	owl.virtualflybrain.org	3	3	3	3	3	0	9
2026-03-31	raw.larval.flylight.virtualflybrain.org	9	9	9	9	9	2	28
2026-03-31	v2-dev.virtualflybrain.org	1	0	1	1	1	50	8
2026-03-31	v2.virtualflybrain.org	616	522	815	806	890	11238	4406
2026-03-31	virtualflybrain.org	1771	1769	1772	1772	1828	541	5430
2026-03-31	www-virtualflybrain-org.translate.goog	1	1	1	1	1	11	4
2026-03-31	www.virtualflybrain.org	1462	1443	1477	1473	1589	2757	4716
