date	newVsReturning	activeUsers	sessions	userEngagementDuration
2023-06-01	(not set)	13	31	49
2023-06-01	new	47	47	4649
2023-06-01	returning	25	60	5709
2023-06-02	(not set)	9	20	32
2023-06-02	new	51	51	9450
2023-06-02	returning	26	44	11930
2023-06-03	(not set)	0	16	0
2023-06-03	new	22	22	926
2023-06-03	returning	5	8	8
2023-06-04	(not set)	0	16	0
2023-06-04	new	21	21	1122
2023-06-04	returning	2	3	2
2023-06-05	(not set)	0	12	0
2023-06-05	new	49	49	2069
2023-06-05	returning	19	40	5021
2023-06-06	(not set)	0	17	0
2023-06-06	new	38	38	2247
2023-06-06	returning	23	54	3069
2023-06-07	(not set)	1	26	206
2023-06-07	new	53	53	3178
2023-06-07	returning	25	49	3800
2023-06-08	(not set)	1	22	3
2023-06-08	new	33	33	2699
2023-06-08	returning	24	53	5823
2023-06-09	(not set)	0	22	0
2023-06-09	new	34	34	3584
2023-06-09	returning	23	62	3608
2023-06-10	(not set)	0	7	0
2023-06-10	new	19	19	808
2023-06-10	returning	6	9	138
2023-06-11	(not set)	0	7	0
2023-06-11	new	19	19	556
2023-06-11	returning	9	15	442
2023-06-12	(not set)	0	14	0
2023-06-12	new	46	46	2418
2023-06-12	returning	28	54	1829
2023-06-13	(not set)	0	3	0
2023-06-13	new	43	43	2256
2023-06-13	returning	30	66	5369
2023-06-14	(not set)	0	2	0
2023-06-14	new	46	46	5166
2023-06-14	returning	37	98	2106
2023-06-15	(not set)	0	6	0
2023-06-15	new	36	36	1674
2023-06-15	returning	28	74	2020
2023-06-16	(not set)	2	5	11
2023-06-16	new	33	33	5214
2023-06-16	returning	28	78	1827
2023-06-17	(not set)	1	3	5
2023-06-17	new	13	13	673
2023-06-17	returning	10	27	103
2023-06-18	(not set)	15	18	97
2023-06-18	new	15	15	389
2023-06-18	returning	14	42	1452
2023-06-19	(not set)	4	10	14
2023-06-19	new	22	22	1755
2023-06-19	returning	18	43	5089
2023-06-20	(not set)	17	20	113
2023-06-20	new	55	55	9587
2023-06-20	returning	21	34	3174
2023-06-21	(not set)	0	6	0
2023-06-21	new	63	63	3198
2023-06-21	returning	29	59	5835
2023-06-22	(not set)	5	9	22
2023-06-22	new	41	41	2662
2023-06-22	returning	23	55	1235
2023-06-23	(not set)	0	2	0
2023-06-23	new	41	41	1852
2023-06-23	returning	22	47	2649
2023-06-24	(not set)	0	3	0
2023-06-24	new	10	10	150
2023-06-24	returning	14	34	8094
2023-06-25	(not set)	18	21	87
2023-06-25	new	18	18	501
2023-06-25	returning	18	48	2330
2023-06-26	(not set)	0	1	0
2023-06-26	new	33	33	5085
2023-06-26	returning	37	90	9449
2023-06-27	(not set)	0	2	0
2023-06-27	new	48	48	5082
2023-06-27	returning	35	113	9420
2023-06-28	(not set)	32	47	125
2023-06-28	new	30	30	1109
2023-06-28	returning	30	59	638
2023-06-29	(not set)	15	19	63
2023-06-29	new	33	33	927
2023-06-29	returning	10	21	292
2023-06-30	(not set)	11	17	38
2023-06-30	new	32	32	340
2023-06-30	returning	14	19	505
