date	hostName	pagePath	screenPageViews	activeUsers	userEngagementDuration
2023-10-01	bocian-jenkins.virtualflybrain.org	/	1	1	0
2023-10-01	v2.virtualflybrain.org	/	2	2	0
2023-10-01	virtualflybrain.org	/	1	1	0
2023-10-01	virtualflybrain.org	/docs/tutorials/apis/connectome/4_connectomics/	2	1	0
2023-10-01	www.virtualflybrain.org	/	7	7	51
2023-10-01	www.virtualflybrain.org	/about/	2	2	3
2023-10-01	www.virtualflybrain.org	/about/publications/	1	1	8
2023-10-01	www.virtualflybrain.org	/blog/2022/01/01/cg11050-fbgn0031836/	1	1	1
2023-10-01	www.virtualflybrain.org	/docs/	1	1	7
2023-10-01	www.virtualflybrain.org	/term/smp296_r-flyem-hb665552356-vfb_jrchk6pa/	1	1	0
2023-10-01	www.virtualflybrain.org	/term/tret1-2-fbgn0033644/	1	1	6
2023-10-02	129.215.197.120	/	0	1	4
2023-10-02	981gwa2l.virtualflybrain.org	/	0	2	8
2023-10-02	bocian-jenkins.virtualflybrain.org	/	1	1	0
2023-10-02	smtp.virtualflybrain.org	/	1	1	4
2023-10-02	virtualflybrain.org	/docs/tutorials/apis/connectome/4_connectomics/	1	0	0
2023-10-02	www.virtualflybrain.org	/	13	11	94
2023-10-02	www.virtualflybrain.org	/about/	1	1	17
2023-10-02	www.virtualflybrain.org	/about/contributors/	1	1	28
2023-10-02	www.virtualflybrain.org	/blog/2022/01/01/pgal4e564-expression-pattern-vfbexp_fbti0157030/	1	1	4
2023-10-02	www.virtualflybrain.org	/blog/releases/catmaid/l1em/	1	1	13
2023-10-02	www.virtualflybrain.org	/docs/	5	4	55
2023-10-02	www.virtualflybrain.org	/docs/examples/circuit-diagram-of-the-mushroom-body/	1	1	30
2023-10-02	www.virtualflybrain.org	/docs/getting-started/overview/	1	1	5
2023-10-02	www.virtualflybrain.org	/docs/tutorials/apis/	3	1	28
2023-10-02	www.virtualflybrain.org	/docs/tutorials/apis/0_vfb_api_overview/	1	1	53
2023-10-02	www.virtualflybrain.org	/docs/tutorials/apis/1_datatypes/	2	1	46
2023-10-02	www.virtualflybrain.org	/docs/tutorials/apis/2_plotting/	1	1	24
2023-10-02	www.virtualflybrain.org	/docs/tutorials/apis/apiimagedownload/	1	1	18
2023-10-02	www.virtualflybrain.org	/docs/tutorials/apis/connectome/	2	2	18
2023-10-02	www.virtualflybrain.org	/docs/tutorials/apis/connectome/1_discovery/	1	1	62
2023-10-02	www.virtualflybrain.org	/docs/tutorials/apis/connectome/2_mapping/	2	1	5
2023-10-02	www.virtualflybrain.org	/docs/tutorials/apis/connectome/introvideo/	1	1	3
2023-10-02	www.virtualflybrain.org	/docs/tutorials/apis/connectome/tools/	1	1	25
2023-10-02	www.virtualflybrain.org	/search/	1	1	12
2023-10-02	www.virtualflybrain.org	/site/vfb_site/home.htm	1	1	10
2023-10-02	www.virtualflybrain.org	/tags/navis/	2	1	13
2023-10-02	www.virtualflybrain.org	/term/mc66-flyem-hb1498414361-vfb_jrchk0ur/	1	1	6
2023-10-02	www.virtualflybrain.org	/term/smp024_r-flyem-hb735470305-vfb_jrchk66h/	1	1	5
2023-10-02	www.virtualflybrain.org	/term/spn42dd-fbgn0028988/	1	1	32
2023-10-02	www.virtualflybrain.org	/term/vdrc_vt013541_gal4_attp2_5-vfb_00028157/	1	1	25
2023-10-02	www.virtualflybrain.org	/term/vt030604-gal4-in-the-adult-brain-dickson2017-vfb_00065944/	1	1	10
2023-10-03	129.215.197.147	/	0	1	4
2023-10-03	76e1bce3-27a5-406f-81cd-32f1152396af.virtualflybrain.org	/	0	1	4
2023-10-03	bocian-jenkins.virtualflybrain.org	/	1	1	0
2023-10-03	kbw.virtualflybrain.org	/	0	1	4
2023-10-03	larval.virtualflybrain.org	/	0	1	3
2023-10-03	mail.virtualflybrain.org	/	0	2	8
2023-10-03	mayo.inf.ed.ac.uk	/	0	1	10
2023-10-03	monitor.virtualflybrain.org	/	0	1	3
2023-10-03	natverse2.virtualflybrain.org	/	0	2	8
2023-10-03	natverse4.virtualflybrain.org	/	0	1	3
2023-10-03	owl.virtualflybrain.org	/blog/2022/01/01/positive-regulation-of-cartilage-development-go_0061036/	1	1	25
2023-10-03	pdl.virtualflybrain.org	/	0	1	4
2023-10-03	sb1.virtualflybrain.org	/	0	1	3
2023-10-03	smtp.virtualflybrain.org	/	0	1	3
2023-10-03	solr-dev.virtualflybrain.org	/	0	1	4
2023-10-03	solr.p2.virtualflybrain.org	/solr/	0	1	3
2023-10-03	solr.virtualflybrain.org	/	0	1	2
2023-10-03	test-abd1.5.catmaid.virtualflybrain.org	/	0	1	3
2023-10-03	v2-dev2.virtualflybrain.org	/	0	1	4
2023-10-03	vfbblog.inf.ed.ac.uk	/	0	1	4
2023-10-03	virtualflybrain.org	/	4	5	25
2023-10-03	virtualflybrain.org	/docs/tutorials/apis/connectome/4_connectomics/	2	1	0
2023-10-03	vnc.catmaid.virtualflybrain.org	/	0	1	3
2023-10-03	webmail.virtualflybrain.org	/	0	1	4
2023-10-03	webtop.virtualflybrain.org	/	0	1	4
2023-10-03	www.virtualflybrain.org	/	18	14	99
2023-10-03	www.virtualflybrain.org	/about/	4	2	59
2023-10-03	www.virtualflybrain.org	/about/whatisvfb/	1	1	7
2023-10-03	www.virtualflybrain.org	/blog/2022/01/01/embryonic-maxillary-sensory-complex-fbbt_00005618/	1	1	0
2023-10-03	www.virtualflybrain.org	/blog/2022/01/01/negative-regulation-of-dna-templated-transcription-go_0045892/	2	1	29
2023-10-03	www.virtualflybrain.org	/blog/2022/03/11/fix-for-problems-with-current-safari-release/	1	1	53
2023-10-03	www.virtualflybrain.org	/blog/releases/catmaid/fafb/	2	1	26
2023-10-03	www.virtualflybrain.org	/blog/releases/catmaid/fanc/	2	2	33
2023-10-03	www.virtualflybrain.org	/categories/how-to-cite/	1	1	12
2023-10-03	www.virtualflybrain.org	/docs/	6	4	36
2023-10-03	www.virtualflybrain.org	/docs/examples/	2	1	17
2023-10-03	www.virtualflybrain.org	/docs/examples/circuit-diagram-of-the-mushroom-body/	1	1	24
2023-10-03	www.virtualflybrain.org	/docs/getting-started/	6	3	40
2023-10-03	www.virtualflybrain.org	/docs/getting-started/circuitbrowser/	1	1	29
2023-10-03	www.virtualflybrain.org	/docs/getting-started/overview/	3	2	52
2023-10-03	www.virtualflybrain.org	/docs/overview/	1	1	4
2023-10-03	www.virtualflybrain.org	/docs/tutorials/	1	1	6
2023-10-03	www.virtualflybrain.org	/docs/tutorials/apis/	2	1	22
2023-10-03	www.virtualflybrain.org	/docs/tutorials/apis/2_plotting/	1	1	24
2023-10-03	www.virtualflybrain.org	/docs/tutorials/apis/4_nblast/	1	1	634
2023-10-03	www.virtualflybrain.org	/docs/tutorials/apis/4_neuprint/	1	0	0
2023-10-03	www.virtualflybrain.org	/docs/tutorials/apis/connectome/5_nblast/	1	1	67
2023-10-03	www.virtualflybrain.org	/search/	1	1	6
2023-10-03	www.virtualflybrain.org	/term/smp296_r-flyem-hb665552356-vfb_jrchk6pa/	1	0	0
2023-10-03	zip.virtualflybrain.org	/	0	1	3
2023-10-04	bocian-jenkins.virtualflybrain.org	/	1	1	0
2023-10-04	chive.inf.ed.ac.uk	/	0	1	4
2023-10-04	virtualflybrain.org	/	2	2	8
2023-10-04	virtualflybrain.org	/about/	1	1	13
2023-10-04	virtualflybrain.org	/docs/tutorials/apis/connectome/4_connectomics/	3	3	0
2023-10-04	www.virtualflybrain.org	/	41	28	238
2023-10-04	www.virtualflybrain.org	/about/	1	1	1
2023-10-04	www.virtualflybrain.org	/blog/2022/01/01/anterior-escort-cell-fbbt_00048535/	1	1	3
2023-10-04	www.virtualflybrain.org	/blog/2022/01/01/jrc_r48e05-gal4_mcfo_brain_20190315_63_h5_40x-vfb_00101vxh/	1	1	8
2023-10-04	www.virtualflybrain.org	/blog/2022/01/01/peripodial-epithelium-of-eye-disc-fbbt_00049582/	1	1	14
2023-10-04	www.virtualflybrain.org	/blog/2022/01/01/positive-regulation-of-cell-migration-go_0030335/	1	1	0
2023-10-04	www.virtualflybrain.org	/blog/releases/geppetto/	1	1	6
2023-10-04	www.virtualflybrain.org	/docs/	6	5	53
2023-10-04	www.virtualflybrain.org	/docs/overview/	1	1	14
2023-10-04	www.virtualflybrain.org	/docs/tutorials/apis/connectome/tools/	1	1	0
2023-10-04	www.virtualflybrain.org	/search/	2	2	230
2023-10-04	www.virtualflybrain.org	/site/stacks/index.htm	2	1	5
2023-10-04	www.virtualflybrain.org	/site/vfb_site/home.htm	2	2	0
2023-10-04	www.virtualflybrain.org	/term/information-content-entity-iao_0000030/	1	1	0
2023-10-04	www.virtualflybrain.org	/term/jrc_r15f10_gal4_vnc_20090318-vfb_00100cuj/	1	0	0
2023-10-04	www.virtualflybrain.org	/term/neuroblast-vpnpv1-fbbt_00050160/	1	0	0
2023-10-04	www.virtualflybrain.org	/term/vdrc_vt040358-gal4_mcfo_vnc_20171114_63_b1_40x-vfb_00101jlo/	1	1	2
2023-10-04	www.virtualflybrain.org	/term/vdrc_vt044948-gal4_mcfo_vnc_20180601_64_b3_40x-vfb_00101ogm/	2	1	17
2023-10-04	www.virtualflybrain.org	/term/vt015828-gal4-in-the-adult-vnc-dickson2017-vfb_00064596/	1	1	4
2023-10-04	www.virtualflybrain.org	/term/vt040353-gal4-in-the-adult-brain-dickson2017-vfb_00066601/	1	1	4
2023-10-04	www.virtualflybrain.org	/term/vt040353-gal4-in-the-adult-vnc-dickson2017-vfb_00066602/	1	1	6
2023-10-04	www.virtualflybrain.org	/term/vt040358-gal4-in-the-adult-vnc-dickson2017-vfb_00066606/	2	1	5
2023-10-04	www.virtualflybrain.org	/term/vt044948-gal4-in-the-adult-brain-dickson2017-vfb_00067151/	4	1	46
2023-10-05	129.215.197.101	/	0	1	3
2023-10-05	129.215.197.147	/	0	1	4
2023-10-05	511e8a24-c663-48f5-9858-cee6c49e3718.virtualflybrain.org	/	1	1	4
2023-10-05	76e1bce3-27a5-406f-81cd-32f1152396af.virtualflybrain.org	/	0	1	3
2023-10-05	8c212b03-94d4-4b64-b132-a3ddc580239c.virtualflybrain.org	/	0	1	3
2023-10-05	981gwa2l.virtualflybrain.org	/	0	1	4
2023-10-05	api.virtualflybrain.org	/	0	1	3
2023-10-05	blog.virtualflybrain.org	/	0	1	3
2023-10-05	blog.virtualflybrain.org	/en/blog/releases/ontologies/uberon/uberon_0000014_v6/	1	1	20
2023-10-05	bocian-jenkins.virtualflybrain.org	/	1	1	0
2023-10-05	grafana.virtualflybrain.org	/	0	1	3
2023-10-05	hugo.virtualflybrain.org	/	0	1	4
2023-10-05	jupyter.virtualflybrain.org	/	0	1	3
2023-10-05	mayo.inf.ed.ac.uk	/	0	1	3
2023-10-05	natverse.virtualflybrain.org	/	0	1	4
2023-10-05	natverse2.virtualflybrain.org	/	0	2	6
2023-10-05	natverse3.virtualflybrain.org	/	0	1	3
2023-10-05	nblast.virtualflybrain.org	/	0	1	4
2023-10-05	r.virtualflybrain.org	/	0	1	3
2023-10-05	sb.virtualflybrain.org	/	0	1	3
2023-10-05	sb2.virtualflybrain.orgherd.virtualflybrain.org	/	0	1	4
2023-10-05	v2-dev2.virtualflybrain.org	/	0	1	4
2023-10-05	vfbblog.inf.ed.ac.uk	/	0	1	3
2023-10-05	virtualflybrain.org	/	2	2	0
2023-10-05	virtualflybrain.org	/docs/tutorials/apis/connectome/4_connectomics/	6	4	0
2023-10-05	virtualflybrain.org	/http://daveandethan.life/exp.html	1	1	0
2023-10-05	webtop.virtualflybrain.org	/	0	1	3
2023-10-05	www.virtualflybrain.org	/	36	24	464
2023-10-05	www.virtualflybrain.org	/about/	1	1	0
2023-10-05	www.virtualflybrain.org	/blog/2022/01/01/adult-brain-fru-clones-cachero2010-cachero2010/	1	1	8
2023-10-05	www.virtualflybrain.org	/blog/2022/01/01/embryonic-maxillary-sensory-complex-fbbt_00005618/	1	0	0
2023-10-05	www.virtualflybrain.org	/blog/2022/01/01/hypocerebral-ganglion-fbbt_00005804/	1	1	0
2023-10-05	www.virtualflybrain.org	/blog/2022/01/01/jrc_r51c05-gal4_mcfo_brain_20190208_63_h5_40x-vfb_00101vi2/	1	1	0
2023-10-05	www.virtualflybrain.org	/blog/releases/catmaid/fafb/	1	1	13
2023-10-05	www.virtualflybrain.org	/docs/	4	4	8
2023-10-05	www.virtualflybrain.org	/docs/contribution-guidelines/	1	1	0
2023-10-05	www.virtualflybrain.org	/docs/getting-started/circuitbrowser/	1	1	2
2023-10-05	www.virtualflybrain.org	/docs/getting-started/overview/	1	1	0
2023-10-05	www.virtualflybrain.org	/docs/getting-started/similarityscore/	1	1	1
2023-10-05	www.virtualflybrain.org	/docs/getting-started/sliceviewer/	1	1	7
2023-10-05	www.virtualflybrain.org	/docs/getting-started/terminfo/	1	1	0
2023-10-05	www.virtualflybrain.org	/docs/getting-started/thumbnails/	1	1	1
2023-10-05	www.virtualflybrain.org	/docs/overview/	2	1	2
2023-10-05	www.virtualflybrain.org	/search/	3	1	30
2023-10-05	www.virtualflybrain.org	/site/vfb_site/home.htm	1	1	4
2023-10-05	www.virtualflybrain.org	/tags/neuronbridge/	1	1	0
2023-10-05	www.virtualflybrain.org	/term/centrifugal-neuron-c2-fbbt_00003743/	1	1	51
2023-10-05	www.virtualflybrain.org	/term/sense-organ-fbbt_00005155/	1	1	0
2023-10-05	www.virtualflybrain.org	/term/ventral-cibarial-sense-organ-neuron-v2-fbbt_00048145/	2	1	21
2023-10-06	bocian-jenkins.virtualflybrain.org	/	1	1	0
2023-10-06	virtualflybrain.org	/	1	1	8
2023-10-06	www.virtualflybrain.org	/	23	13	229
2023-10-06	www.virtualflybrain.org	/about/	2	2	31
2023-10-06	www.virtualflybrain.org	/about/collaborators/	1	1	15
2023-10-06	www.virtualflybrain.org	/about/contributors/	1	1	34
2023-10-06	www.virtualflybrain.org	/about/members/	1	1	14
2023-10-06	www.virtualflybrain.org	/about/whatisvfb/	2	2	17
2023-10-06	www.virtualflybrain.org	/blog/2022/01/01/em-fafb-baltruschat-et-al-2021-baltruschat2021/	1	1	20
2023-10-06	www.virtualflybrain.org	/blog/releases/catmaid/	3	2	16
2023-10-06	www.virtualflybrain.org	/blog/releases/catmaid/fafb/	4	1	29
2023-10-06	www.virtualflybrain.org	/blog/releases/datasets/	1	1	4
2023-10-06	www.virtualflybrain.org	/docs/	5	5	23
2023-10-06	www.virtualflybrain.org	/docs/getting-started/	1	1	0
2023-10-06	www.virtualflybrain.org	/docs/getting-started/3dviewer/	1	1	11
2023-10-06	www.virtualflybrain.org	/docs/overview/	1	1	2
2023-10-06	www.virtualflybrain.org	/docs/tutorials/	1	1	10
2023-10-06	www.virtualflybrain.org	/docs/tutorials/apis/	1	1	93
2023-10-06	www.virtualflybrain.org	/docs/tutorials/apis/4_nblast/	1	1	10
2023-10-06	www.virtualflybrain.org	/docs/tutorials/apis/4_neuprint/	0	1	5
2023-10-06	www.virtualflybrain.org	/docs/tutorials/apis/connectome/	1	1	15
2023-10-06	www.virtualflybrain.org	/site/vfb_site/faq.htm	1	1	0
2023-10-06	www.virtualflybrain.org	/site/vfb_site/home.htm	1	1	0
2023-10-07	bocian-jenkins.virtualflybrain.org	/	1	1	0
2023-10-07	catmaid-fafb.virtualflybrain.org	/	1	1	0
2023-10-07	flybrain.inf.ed.ac.uk	/blog/2022/01/01/ameboidal-type-cell-migration-go_0001667/	1	1	6
2023-10-07	virtualflybrain.org	/docs/tutorials/apis/connectome/4_connectomics/	1	1	0
2023-10-07	www.virtualflybrain.org	/	9	8	42
2023-10-07	www.virtualflybrain.org	/about/	1	1	21
2023-10-07	www.virtualflybrain.org	/about/whatisvfb/	1	1	20
2023-10-07	www.virtualflybrain.org	/term/channel-inhibitor-activity-go_0016248/	2	2	0
2023-10-07	www.virtualflybrain.org	/term/tarsal-reductor-muscle-fbbt_00059105/	1	1	14
2023-10-08	129.215.197.120	/	1	1	0
2023-10-08	bocian-jenkins.virtualflybrain.org	/	1	1	0
2023-10-08	nblast.virtualflybrain.org	/	1	1	0
2023-10-08	virtualflybrain.org	/	2	2	26
2023-10-08	virtualflybrain.org	/docs/tutorials/apis/connectome/4_connectomics/	3	1	0
2023-10-08	www.virtualflybrain.org	/	6	5	18
2023-10-08	www.virtualflybrain.org	/blog/2022/01/01/molecular-function-activator-activity-go_0140677/	1	1	0
2023-10-08	www.virtualflybrain.org	/blog/2022/03/11/fix-for-problems-with-current-safari-release/	1	1	7
2023-10-08	www.virtualflybrain.org	/docs/	1	1	10
2023-10-08	www.virtualflybrain.org	/docs/overview/	1	1	3
2023-10-08	www.virtualflybrain.org	/site/stacks/index.htm	1	1	10
2023-10-08	www.virtualflybrain.org	/tags/ncbitaxon/	0	1	6
2023-10-09	bocian-jenkins.virtualflybrain.org	/	1	1	0
2023-10-09	virtualflybrain.org	/	2	2	14
2023-10-09	virtualflybrain.org	/blog/2022/01/01/cellular-response-to-nitrogen-compound-go_1901699/	1	1	0
2023-10-09	virtualflybrain.org	/docs/tutorials/apis/connectome/4_connectomics/	2	1	0
2023-10-09	www.virtualflybrain.org	/	17	11	71
2023-10-09	www.virtualflybrain.org	/about/	1	1	99
2023-10-09	www.virtualflybrain.org	/about/citeus/	1	1	23
2023-10-09	www.virtualflybrain.org	/blog/2022/01/01/camki-fbgn0016126/	1	1	33
2023-10-09	www.virtualflybrain.org	/blog/2022/01/01/jrc_r24d04-gal4-in-the-adult-brain-vfb_00021144/	1	1	15
2023-10-09	www.virtualflybrain.org	/blog/2022/01/01/pgmr27e08-gal4-expression-pattern-vfbexp_fbtp0058895/	1	1	26
2023-10-09	www.virtualflybrain.org	/blog/2022/01/01/regulation-of-phosphoprotein-phosphatase-activity-go_0043666/	2	1	7
2023-10-09	www.virtualflybrain.org	/docs/concepts/templates/	1	0	0
2023-10-09	www.virtualflybrain.org	/docs/getting-started/circuitbrowser/	1	1	5
2023-10-09	www.virtualflybrain.org	/docs/tutorials/apis/2_plotting/	1	1	0
2023-10-09	www.virtualflybrain.org	/docs/tutorials/apis/4_neuprint/	2	1	9
2023-10-09	www.virtualflybrain.org	/docs/tutorials/apis/connectome/3_visualisation/	1	1	36
2023-10-09	www.virtualflybrain.org	/search/	1	1	4
2023-10-09	www.virtualflybrain.org	/site/stacks/index.htm	1	1	0
2023-10-09	www.virtualflybrain.org	/term/jrc_r15f10_gal4_vnc_20090318-vfb_00100cuj/	1	1	13
2023-10-09	www.virtualflybrain.org	/term/vdrc_vt037532_gal4_attp2_2-vfb_00040930/	1	1	0
2023-10-09	www.virtualflybrain.org	/term/vglut-f-500430-vfb_00012098/	1	1	1
2023-10-10	bocian-jenkins.virtualflybrain.org	/	1	1	0
2023-10-10	virtualflybrain.org	/	1	1	3
2023-10-10	www.virtualflybrain.org	/	34	28	141
2023-10-10	www.virtualflybrain.org	/about/	1	1	1
2023-10-10	www.virtualflybrain.org	/blog/	2	2	17
2023-10-10	www.virtualflybrain.org	/blog/2022/01/01/adult-brain-fru-clones-cachero2010-cachero2010/	2	1	20
2023-10-10	www.virtualflybrain.org	/blog/2022/01/01/bolwig-nerve-fbbt_00001967/	1	1	19
2023-10-10	www.virtualflybrain.org	/blog/2022/03/11/fix-for-problems-with-current-safari-release/	2	2	23
2023-10-10	www.virtualflybrain.org	/docs/	4	4	17
2023-10-10	www.virtualflybrain.org	/docs/overview/	1	1	5
2023-10-10	www.virtualflybrain.org	/docs/tutorials/apis/4_neuprint/	1	0	0
2023-10-10	www.virtualflybrain.org	/search/	2	2	17
2023-10-10	www.virtualflybrain.org	/site/vfb_site/home.htm	1	1	4
2023-10-10	www.virtualflybrain.org	/term/adult-ellipsoid-body-protocerebral-bridge-glomerulus-3-dorsal-gall-neuron-fbbt_00111415/	1	1	12
2023-10-10	www.virtualflybrain.org	/term/adult-posterior-slope-neuron-066-fbbt_20001821/	1	1	15
2023-10-10	www.virtualflybrain.org	/term/ciliary-plasm-go_0097014/	1	1	49
2023-10-10	www.virtualflybrain.org	/term/neuroblast-vpnpv1-fbbt_00050160/	2	1	2
2023-10-10	www.virtualflybrain.org	/term/somatic_variant-so_0001777/	1	1	5
2023-10-10	www.virtualflybrain.org	/term/vdrc_vt029514-gal4_mcfo_brain_20171020_61_e5_40x-vfb_001017ul/	2	2	7
2023-10-11	76e1bce3-27a5-406f-81cd-32f1152396af.virtualflybrain.org	/	0	1	3
2023-10-11	blog.virtualflybrain.org	/	0	1	4
2023-10-11	bocian-jenkins.virtualflybrain.org	/	1	1	0
2023-10-11	flybrain.inf.ed.ac.uk	/blog/2022/01/01/dephosphorylation-of-cd3-zeta-by-pd-1-bound-phosphatases-go_0004725/	1	1	285
2023-10-11	grafana.virtualflybrain.org	/	0	1	4
2023-10-11	herd.virtualflybrain.org	/	0	1	2
2023-10-11	i3vnc.catmaid.virtualflybrain.org	/	0	1	4
2023-10-11	ids.virtualflybrain.org	/	0	1	3
2023-10-11	jenkins.virtualflybrain.org	/	0	1	4
2023-10-11	jitsi.virtualflybrain.org	/	0	1	4
2023-10-11	larval.virtualflybrain.org	/	0	1	3
2023-10-11	monitor.virtualflybrain.org	/	0	1	4
2023-10-11	nblast.virtualflybrain.org	/	0	1	3
2023-10-11	sb.virtualflybrain.org	/	0	1	4
2023-10-11	solr-alpha.virtualflybrain.org	/	0	1	4
2023-10-11	solr-dev.virtualflybrain.org	/	0	1	3
2023-10-11	solr.p2.virtualflybrain.org	/solr/	0	1	4
2023-10-11	solr.virtualflybrain.org	/	0	1	3
2023-10-11	test-abd1.5.catmaid.virtualflybrain.org	/	0	1	4
2023-10-11	v1.virtualflybrain.org	/	0	1	3
2023-10-11	virtualflybrain.org	/	1	1	0
2023-10-11	virtualflybrain.org	/docs/tutorials/apis/connectome/4_connectomics/	3	2	0
2023-10-11	www.virtualflybrain.org	/	14	13	57
2023-10-11	www.virtualflybrain.org	/about/	3	2	11
2023-10-11	www.virtualflybrain.org	/about/cite/	1	1	7
2023-10-11	www.virtualflybrain.org	/about/citeus/	2	2	53
2023-10-11	www.virtualflybrain.org	/about/publications/	1	1	11
2023-10-11	www.virtualflybrain.org	/blog/2022/01/01/a02h_a1r-l1em14866379-vfb_00102250/	1	1	26
2023-10-11	www.virtualflybrain.org	/blog/2022/01/01/adult-lateral-horn-pv5a3-neuron-fbbt_00049409/	1	1	9
2023-10-11	www.virtualflybrain.org	/blog/2022/01/01/maxillary-sensory-complex-primordium-fbbt_00005544/	1	1	90
2023-10-11	www.virtualflybrain.org	/blog/2022/01/01/pgawbnp5272-fbti0130417/	1	1	0
2023-10-11	www.virtualflybrain.org	/blog/2022/03/11/fix-for-problems-with-current-safari-release/	1	1	12
2023-10-11	www.virtualflybrain.org	/blog/releases/ontologies/so/	1	1	3
2023-10-11	www.virtualflybrain.org	/categories/acknowledgements/	1	1	11
2023-10-11	www.virtualflybrain.org	/categories/how-to-cite/	1	1	15
2023-10-11	www.virtualflybrain.org	/docs/	5	4	53
2023-10-11	www.virtualflybrain.org	/docs/concepts/splits/	1	1	77
2023-10-11	www.virtualflybrain.org	/docs/getting-started/circuitbrowser/	1	1	0
2023-10-11	www.virtualflybrain.org	/docs/overview/	1	1	0
2023-10-11	www.virtualflybrain.org	/docs/tutorials/apis/4_neuprint/	1	0	0
2023-10-11	www.virtualflybrain.org	/docs/tutorials/apis/connectome/introvideo/	1	1	6
2023-10-11	www.virtualflybrain.org	/search/	2	0	0
2023-10-11	www.virtualflybrain.org	/term/glycolipid-mannosyltransferase-activity-go_0004376/	1	1	4
2023-10-11	www.virtualflybrain.org	/term/object-aggregate-bfo_0000027/	2	2	34
2023-10-11	www.virtualflybrain.org	/term/somatic_variant-so_0001777/	1	1	6
2023-10-11	www.virtualflybrain.org	/term/traf-like-fbgn0030748/	1	1	10
2023-10-12	bocian-jenkins.virtualflybrain.org	/	1	1	0
2023-10-12	v2.virtualflybrain.org	/	1	1	0
2023-10-12	virtualflybrain.org	/	4	4	18
2023-10-12	www.virtualflybrain.org	/	12	12	41
2023-10-12	www.virtualflybrain.org	/about/	2	1	15
2023-10-12	www.virtualflybrain.org	/about/contributors/	1	1	8
2023-10-12	www.virtualflybrain.org	/blog/	1	1	27
2023-10-12	www.virtualflybrain.org	/blog/2022/01/01/em-fafb-bates-and-schlegel-et-al-2020-batesschlegel2020/	2	1	46
2023-10-12	www.virtualflybrain.org	/blog/2022/01/01/hydrolase-activity-acting-on-acid-anhydrides-in-phosphorus-containing-anhydrides-go_0016818/	1	1	3
2023-10-12	www.virtualflybrain.org	/blog/2022/01/01/hydrolase-activity-acting-on-carbon-nitrogen-but-not-peptide-bonds-in-cyclic-amidines-go_0016814/	1	1	23
2023-10-12	www.virtualflybrain.org	/blog/releases/catmaid/	1	1	8
2023-10-12	www.virtualflybrain.org	/blog/releases/catmaid/l1em/	1	1	25
2023-10-12	www.virtualflybrain.org	/docs/	2	2	3
2023-10-12	www.virtualflybrain.org	/docs/getting-started/bulkdownloads/	2	1	38
2023-10-12	www.virtualflybrain.org	/docs/tutorials/apis/connectome/1_discovery/	1	1	4
2023-10-12	www.virtualflybrain.org	/search/	1	1	4
2023-10-12	www.virtualflybrain.org	/tags/navis/	1	1	2
2023-10-12	www.virtualflybrain.org	/term/neuroblast-vpnpv1-fbbt_00050160/	2	1	1
2023-10-12	www.virtualflybrain.org	/term/positive-regulation-of-skeletal-muscle-tissue-development-go_0048643/	1	1	18
2023-10-12	www.virtualflybrain.org	/term/ventral-vum-motor-neuron-fbbt_00110297/	1	1	12
2023-10-13	bocian-jenkins.virtualflybrain.org	/	1	1	0
2023-10-13	buttermilk.inf.ed.ac.uk	/blog/2022/01/01/adult-local-interneuron-of-the-ventral-alv2-neuroblast-fbbt_00007393/	1	1	56
2023-10-13	nblast.virtualflybrain.org	/	1	1	9
2023-10-13	virtualflybrain.org	/	2	2	16
2023-10-13	virtualflybrain.org	/docs/	1	1	9
2023-10-13	virtualflybrain.org	/docs/concepts/splits/	1	1	37
2023-10-13	virtualflybrain.org	/docs/examples/circuit-diagram-of-the-mushroom-body/	1	1	34
2023-10-13	virtualflybrain.org	/docs/overview/	1	1	20
2023-10-13	virtualflybrain.org	/docs/tutorials/apis/connectome/4_connectomics/	4	2	0
2023-10-13	virtualflybrain.org	/docs/tutorials/apis/connectome/introvideo/	1	1	0
2023-10-13	www.virtualflybrain.org	/	23	20	348
2023-10-13	www.virtualflybrain.org	/about/	1	1	5
2023-10-13	www.virtualflybrain.org	/about/collaborators/	1	1	37
2023-10-13	www.virtualflybrain.org	/about/contactus/	1	1	12
2023-10-13	www.virtualflybrain.org	/about/contributors/	1	1	43
2023-10-13	www.virtualflybrain.org	/about/publications/	1	1	120
2023-10-13	www.virtualflybrain.org	/blog/2022/01/01/ammc-local-and-projection-neurons-matsuo2016-matsuo2016/	1	1	8
2023-10-13	www.virtualflybrain.org	/blog/2022/01/01/drosophila-life-fbdv_00000000/	1	1	13
2023-10-13	www.virtualflybrain.org	/blog/2022/01/01/octopaminergic-vuma6-neuron-fbbt_00047935/	1	1	19
2023-10-13	www.virtualflybrain.org	/blog/releases/catmaid/l1em/	1	1	32
2023-10-13	www.virtualflybrain.org	/blog/releases/ontologies/fbdv/	2	1	0
2023-10-13	www.virtualflybrain.org	/docs/	1	1	9
2023-10-13	www.virtualflybrain.org	/docs/getting-started/overview/	1	1	6
2023-10-13	www.virtualflybrain.org	/docs/getting-started/sliceviewer/	1	1	10
2023-10-13	www.virtualflybrain.org	/docs/overview/	1	0	0
2023-10-13	www.virtualflybrain.org	/docs/tutorials/apis/4_neuprint/	2	1	18
2023-10-13	www.virtualflybrain.org	/site/vfb_site/features.htm	1	1	0
2023-10-13	www.virtualflybrain.org	/tags/fbdv/	1	1	300
2023-10-13	www.virtualflybrain.org	/term/adult-lateral-horn-av6a4-neuron-fbbt_00051731/	1	1	5
2023-10-13	www.virtualflybrain.org	/term/adult-lateral-horn-pv12a1-neuron-fbbt_00049428/	1	1	12
2023-10-13	www.virtualflybrain.org	/term/lobula-plate-intrinsic-neuron-lpi4-3-fbbt_00111288/	1	1	9
2023-10-13	www.virtualflybrain.org	/term/vdrc_vt045332-gal4_mcfo_vnc_20181106_62_f6_40x-vfb_00101r4z/	2	1	4
2023-10-13	www.virtualflybrain.org	/term/vt041427-gal4-in-the-adult-brain-dickson2017-vfb_00066746/	1	1	4
2023-10-13	www.virtualflybrain.org	/term/vt041427-gal4-in-the-adult-vnc-dickson2017-vfb_00066747/	1	1	2
2023-10-14	virtualflybrain.org	/docs/tutorials/apis/connectome/4_connectomics/	2	0	0
2023-10-14	www.virtualflybrain.org	/	4	4	55
2023-10-14	www.virtualflybrain.org	/docs/	2	2	0
2023-10-14	www.virtualflybrain.org	/site/stacks/index.htm	1	1	0
2023-10-15	129.215.197.120	/	1	1	0
2023-10-15	61d21a5c-c24c-4060-9a1d-185c49b8cd22.virtualflybrain.org	/	0	1	3
2023-10-15	a.bb.ccc.dddd.nblast.virtualflybrain.org	/	1	1	3
2023-10-15	bocian-jenkins.virtualflybrain.org	/	2	2	0
2023-10-15	build.virtualflybrain.org	/	0	1	4
2023-10-15	dev.virtualflybrain.org	/	0	1	3
2023-10-15	flybrain.inf.ed.ac.uk	/blog/2022/01/01/acyltransferase-activity-acyl-groups-converted-into-alkyl-on-transfer-go_0046912/	1	1	0
2023-10-15	jenkins.virtualflybrain.org	/	0	1	4
2023-10-15	jupyter.virtualflybrain.org	/	0	2	6
2023-10-15	karenin-jenkins.virtualflybrain.org	/	0	1	4
2023-10-15	mail.virtualflybrain.org	/	0	1	3
2023-10-15	mayo.inf.ed.ac.uk	/	2	1	5
2023-10-15	natverse2.virtualflybrain.org	/	0	1	3
2023-10-15	natverse5.virtualflybrain.org	/	0	1	4
2023-10-15	nblast.virtualflybrain.org	/	0	1	4
2023-10-15	owl-dev.virtualflybrain.org	/	0	1	3
2023-10-15	r.virtualflybrain.org	/	0	1	4
2023-10-15	sb.virtualflybrain.org	/	1	1	4
2023-10-15	sb2.virtualflybrain.org	/	0	1	4
2023-10-15	solr-dev.virtualflybrain.org	/	0	1	4
2023-10-15	ubuntu.virtualflybrain.org	/	0	1	4
2023-10-15	v1.virtualflybrain.org	/	0	2	8
2023-10-15	v2.virtualflybrain.org	/	2	2	0
2023-10-15	virtualflybrain.org	/	0	2	6
2023-10-15	virtualflybrain.org	/docs/tutorials/apis/connectome/4_connectomics/	1	0	0
2023-10-15	webmail.virtualflybrain.org	/	0	1	4
2023-10-15	webtop.virtualflybrain.org	/	0	1	4
2023-10-15	www.virtualflybrain.org	/	4	3	255
2023-10-15	www.virtualflybrain.org	/blog/	1	1	8
2023-10-15	www.virtualflybrain.org	/blog/news/	1	1	10
2023-10-15	www.virtualflybrain.org	/blog/releases/ontologies/fbdv/	3	1	0
2023-10-15	www.virtualflybrain.org	/docs/	2	2	46
2023-10-15	www.virtualflybrain.org	/docs/examples/circuit-diagram-of-the-mushroom-body/	1	1	11
2023-10-15	www.virtualflybrain.org	/docs/getting-started/	2	1	120
2023-10-15	www.virtualflybrain.org	/docs/getting-started/thumbnails/	1	1	150
2023-10-15	www.virtualflybrain.org	/docs/overview/	2	2	25
2023-10-15	www.virtualflybrain.org	/site/vfb_site/image_data_downloads.htm	1	1	0
2023-10-15	www.virtualflybrain.org	/term/fc3fq8_c6_r-flyem-hb1039076802-vfb_jrchjuff/	1	1	8
2023-10-15	www.virtualflybrain.org	/term/jrc_mb062b-in-the-adult-brain-vfb_00069238/	1	1	0
2023-10-16	129.215.197.110	/	1	2	4
2023-10-16	981gwa2l.virtualflybrain.org	/	0	1	4
2023-10-16	bocian-jenkins.virtualflybrain.org	/	1	2	3
2023-10-16	buttermilk.inf.ed.ac.uk	/	2	1	27
2023-10-16	chive.inf.ed.ac.uk	/	2	1	5
2023-10-16	dev.virtualflybrain.org	/	0	1	2
2023-10-16	geppetto-dev1.virtualflybrain.org	/	0	1	4
2023-10-16	geppetto.virtualflybrain.org	/	0	1	4
2023-10-16	i3vnc.catmaid.virtualflybrain.org	/	0	1	3
2023-10-16	jupyter.virtualflybrain.org	/	0	1	3
2023-10-16	kbw.virtualflybrain.org	/	0	1	6
2023-10-16	larval.virtualflybrain.org	/	0	1	4
2023-10-16	monitor.virtualflybrain.org	/	0	1	3
2023-10-16	natverse5.virtualflybrain.org	/	0	1	3
2023-10-16	owl.virtualflybrain.org	/	0	1	4
2023-10-16	parsley.inf.ed.ac.uk	/	2	1	5
2023-10-16	sb2.virtualflybrain.orgherd.virtualflybrain.org	/	0	1	4
2023-10-16	solr-dev.virtualflybrain.org	/	0	1	3
2023-10-16	sourcream.inf.ed.ac.uk	/	2	1	5
2023-10-16	v1.virtualflybrain.org	/	0	1	3
2023-10-16	vfbblog.inf.ed.ac.uk	/	0	1	4
2023-10-16	virtualflybrain.org	/docs/tutorials/apis/connectome/4_connectomics/	1	0	0
2023-10-16	www.virtualflybrain.org	/	23	19	122
2023-10-16	www.virtualflybrain.org	/about/	2	2	26
2023-10-16	www.virtualflybrain.org	/about/collaborators/	1	1	6
2023-10-16	www.virtualflybrain.org	/about/contributors/	1	1	4
2023-10-16	www.virtualflybrain.org	/blog/	2	2	15
2023-10-16	www.virtualflybrain.org	/blog/2022/01/01/cg42340-fbgn0259242/	1	1	3
2023-10-16	www.virtualflybrain.org	/blog/2022/01/01/cysteine-type-endopeptidase-inhibitor-activity-involved-in-apoptotic-process-go_0043027/	1	1	11
2023-10-16	www.virtualflybrain.org	/blog/2022/01/01/pvt010054-gal4-expression-pattern-vfbexp_fbtp0102675/	1	1	0
2023-10-16	www.virtualflybrain.org	/categories/annotations/	1	1	6
2023-10-16	www.virtualflybrain.org	/docs/	6	5	26
2023-10-16	www.virtualflybrain.org	/docs/concepts/transgene/	1	1	0
2023-10-16	www.virtualflybrain.org	/docs/contribution-guidelines/	2	1	108
2023-10-16	www.virtualflybrain.org	/docs/getting-started/	1	1	2
2023-10-16	www.virtualflybrain.org	/docs/getting-started/3dviewer/	1	1	6
2023-10-16	www.virtualflybrain.org	/docs/getting-started/overview/	1	1	0
2023-10-16	www.virtualflybrain.org	/docs/getting-started/sliceviewer/	2	2	48
2023-10-16	www.virtualflybrain.org	/docs/getting-started/termcontext/	1	1	7
2023-10-16	www.virtualflybrain.org	/docs/getting-started/terminfo/	1	1	11
2023-10-16	www.virtualflybrain.org	/docs/tutorials/	1	1	10
2023-10-16	www.virtualflybrain.org	/docs/tutorials/apis/4_neuprint/	1	0	0
2023-10-16	www.virtualflybrain.org	/docs/tutorials/apis/apiimagedownload/	1	1	4
2023-10-16	www.virtualflybrain.org	/site/stacks/index.htm	1	1	0
2023-10-16	www.virtualflybrain.org	/site/vfb_site/home.htm	1	1	0
2023-10-16	www.virtualflybrain.org	/term/larval-abdominal-1-griddle-2-neuron-fbbt_00047418/	1	1	17
2023-10-16	www.virtualflybrain.org	/term/negative-regulation-of-atp-dependent-activity-go_0032780/	1	1	21
2023-10-16	www.virtualflybrain.org	/term/one-carbon-compound-transport-go_0019755/	1	1	0
2023-10-16	www.virtualflybrain.org	/term/pvt002215-gal4.dbd-fbtp0122650/	1	1	27
2023-10-16	www.virtualflybrain.org	/term/stage-s4-oocyte-fbbt_00005264/	1	1	19
2023-10-16	www.virtualflybrain.org	/term/vdrc_vt024650_gal4_attp2_3-vfb_00037770/	1	1	11
2023-10-16	www.virtualflybrain.org	/term/vdrc_vt026326_lexagad_attp40_2-vfb_00038312/	1	1	13
2023-10-16	www.virtualflybrain.org	/term/vglut-f-700329-vfb_00009293/	1	1	6
2023-10-16	www.virtualflybrain.org	/term/vt024650-gal4-in-the-adult-brain-dickson2017-vfb_00065364/	1	1	10
2023-10-16	www.virtualflybrain.org	/term/vt026326-gal4-in-the-adult-vnc-dickson2017-vfb_00065565/	1	1	42
2023-10-17	129.215.197.110	/	0	1	3
2023-10-17	api.virtualflybrain.org	/	0	1	3
2023-10-17	bocian-jenkins.virtualflybrain.org	/	1	1	0
2023-10-17	buttermilk.inf.ed.ac.uk	/	0	1	3
2023-10-17	dev.virtualflybrain.org	/	0	1	4
2023-10-17	jupyter.virtualflybrain.org	/	0	1	3
2023-10-17	natverse.virtualflybrain.org	/	0	1	4
2023-10-17	natverse3.virtualflybrain.org	/	1	1	3
2023-10-17	sb1.virtualflybrain.org	/	0	1	3
2023-10-17	solr.p2.virtualflybrain.org	/	0	1	4
2023-10-17	v1-5.virtualflybrain.org	/	1	1	4
2023-10-17	virtualflybrain.org	/	2	2	7
2023-10-17	www.virtualflybrain.org	/	19	15	68
2023-10-17	www.virtualflybrain.org	/about/	2	1	4
2023-10-17	www.virtualflybrain.org	/about/cite/	1	1	2
2023-10-17	www.virtualflybrain.org	/about/collaborators/	1	1	1
2023-10-17	www.virtualflybrain.org	/about/contactus/	1	1	0
2023-10-17	www.virtualflybrain.org	/about/contributors/	1	1	4
2023-10-17	www.virtualflybrain.org	/about/members/	1	1	3
2023-10-17	www.virtualflybrain.org	/about/publications/	1	1	8
2023-10-17	www.virtualflybrain.org	/about/whatisvfb/	1	1	1
2023-10-17	www.virtualflybrain.org	/blog/	1	1	3
2023-10-17	www.virtualflybrain.org	/blog/2022/01/01/female-genital-disc-posterior-compartment-fbbt_00046049/	4	4	0
2023-10-17	www.virtualflybrain.org	/blog/2022/01/01/fronto-orbital-bristle-fbbt_00004125/	1	1	8
2023-10-17	www.virtualflybrain.org	/blog/2022/01/01/positive-regulation-of-potassium-ion-transmembrane-transport-go_1901381/	1	1	0
2023-10-17	www.virtualflybrain.org	/blog/news/	1	1	2
2023-10-17	www.virtualflybrain.org	/blog/releases/catmaid/fafb/	1	1	2
2023-10-17	www.virtualflybrain.org	/blog/releases/catmaid/fanc/	3	1	25
2023-10-17	www.virtualflybrain.org	/docs/	7	5	24
2023-10-17	www.virtualflybrain.org	/docs/concepts/transgene/	2	2	0
2023-10-17	www.virtualflybrain.org	/docs/examples/	1	1	5
2023-10-17	www.virtualflybrain.org	/docs/examples/circuit-diagram-of-the-mushroom-body/	1	1	7
2023-10-17	www.virtualflybrain.org	/docs/getting-started/	1	1	22
2023-10-17	www.virtualflybrain.org	/docs/getting-started/3dviewer/	1	1	9
2023-10-17	www.virtualflybrain.org	/docs/overview/	1	1	0
2023-10-17	www.virtualflybrain.org	/docs/tutorials/	2	1	29
2023-10-17	www.virtualflybrain.org	/docs/tutorials/apis/	4	1	40
2023-10-17	www.virtualflybrain.org	/docs/tutorials/apis/4_nblast/	1	1	33
2023-10-17	www.virtualflybrain.org	/docs/tutorials/apis/apiimagedownload/	1	1	29
2023-10-17	www.virtualflybrain.org	/docs/tutorials/apis/solr/	1	1	4
2023-10-17	www.virtualflybrain.org	/site/vfb_site/home.htm	1	1	5
2023-10-17	www.virtualflybrain.org	/term/ame14badt7_r-flyem-hb5813033279-vfb_jrchk80m/	1	1	11
2023-10-17	www.virtualflybrain.org	/term/central-nervous-system-fbbt_00005094/	2	1	4
2023-10-17	www.virtualflybrain.org	/term/mitotic-domain-5-fbbt_00000064/	1	1	17
2023-10-17	www.virtualflybrain.org	/term/pgmr31g04-gal4-expression-pattern-vfbexp_fbtp0059282/	1	1	16
2023-10-17	www.virtualflybrain.org	/term/pvt000355-gal4.dbd-pbacr84h05-p65.ad-expression-pattern-vfbexp_fbtp0122558fbtp0133408/	1	1	9
2023-10-18	129.215.197.120	/	0	1	4
2023-10-18	129.215.197.147	/	0	1	3
2023-10-18	bocian-jenkins.virtualflybrain.org	/	1	1	0
2023-10-18	chive.inf.ed.ac.uk	/	0	1	4
2023-10-18	ids.virtualflybrain.org	/	0	1	4
2023-10-18	larval.virtualflybrain.org	/	0	1	4
2023-10-18	nblast.virtualflybrain.org	/	0	1	3
2023-10-18	smtp.virtualflybrain.org	/	0	1	3
2023-10-18	v2.virtualflybrain.org	/	2	2	0
2023-10-18	virtualflybrain.org	/	4	4	17
2023-10-18	virtualflybrain.org	/docs/tutorials/apis/connectome/4_connectomics/	3	1	0
2023-10-18	www.virtualflybrain.org	/	28	21	125
2023-10-18	www.virtualflybrain.org	/about/	1	1	169
2023-10-18	www.virtualflybrain.org	/blog/2022/01/01/female-genital-disc-posterior-compartment-fbbt_00046049/	2	2	0
2023-10-18	www.virtualflybrain.org	/blog/2022/01/01/fru-f-700023-vfb_00011532/	1	1	10
2023-10-18	www.virtualflybrain.org	/blog/2022/01/01/pgbb-gal4.k-fbtp0131923/	1	1	23
2023-10-18	www.virtualflybrain.org	/blog/2022/01/01/split-gal4-lines-from-turner-evans-et-al.-2017-splitturner_evans2017/	1	1	4
2023-10-18	www.virtualflybrain.org	/blog/2022/01/01/split-gal4-lines-from-turner-evans-et-al.-2020-splitturner_evans2020/	1	1	15
2023-10-18	www.virtualflybrain.org	/blog/releases/catmaid/fanc/	1	1	12
2023-10-18	www.virtualflybrain.org	/blog/releases/ontologies/flybase/	1	1	0
2023-10-18	www.virtualflybrain.org	/docs/	9	5	111
2023-10-18	www.virtualflybrain.org	/docs/concepts/splits/	2	1	250
2023-10-18	www.virtualflybrain.org	/docs/concepts/templates/	1	1	42
2023-10-18	www.virtualflybrain.org	/docs/contribution-guidelines/	1	1	2
2023-10-18	www.virtualflybrain.org	/docs/getting-started/3dviewer/	1	1	24
2023-10-18	www.virtualflybrain.org	/docs/getting-started/overview/	1	1	9
2023-10-18	www.virtualflybrain.org	/docs/getting-started/sliceviewer/	1	1	2
2023-10-18	www.virtualflybrain.org	/docs/overview/	1	1	0
2023-10-18	www.virtualflybrain.org	/docs/tutorials/apis/2_plotting/	1	1	3
2023-10-18	www.virtualflybrain.org	/search/	1	1	0
2023-10-18	www.virtualflybrain.org	/site/stacks/index.htm	1	1	2
2023-10-18	www.virtualflybrain.org	/site/tools/anatomy_finder/index.htm	1	1	3
2023-10-18	www.virtualflybrain.org	/tags/anatomy/	3	1	4
2023-10-18	www.virtualflybrain.org	/tags/dopaminergic/	1	1	32
2023-10-18	www.virtualflybrain.org	/tags/neuprint/	1	1	2
2023-10-18	www.virtualflybrain.org	/tags/splitturner/	3	1	12
2023-10-18	www.virtualflybrain.org	/term/plus_1_translational_frameshift-so_0001211/	2	1	2
2023-10-18	www.virtualflybrain.org	/term/smeuasp.venus-fbal0263860/	1	1	3
2023-10-18	www.virtualflybrain.org	/term/vdrc_vt049921-gal4_mcfo_vnc_20190618_61_j3_40x-vfb_00101rgl/	1	1	12
2023-10-18	www.virtualflybrain.org	/term/ventral-vum-motor-neuron-fbbt_00110297/	1	1	0
2023-10-18	www.virtualflybrain.org	/term/weda2-clone-of-ito-2013-vfb_00020257/	2	1	10
2023-10-18	zip.virtualflybrain.org	/	0	1	3
2023-10-19	981gwa2l.virtualflybrain.org	/	0	1	3
2023-10-19	bocian-jenkins.virtualflybrain.org	/	1	1	0
2023-10-19	chive.inf.ed.ac.uk	/	0	1	4
2023-10-19	flybrain.inf.ed.ac.uk	/blog/2022/01/01/anatomical-structure-maturation-go_0071695/	1	1	27
2023-10-19	virtualflybrain.org	/	4	4	5
2023-10-19	virtualflybrain.org	/docs/tutorials/apis/connectome/4_connectomics/	5	1	0
2023-10-19	www.virtualflybrain.org	/	34	23	202
2023-10-19	www.virtualflybrain.org	/about/	4	4	29
2023-10-19	www.virtualflybrain.org	/about/citeus/	1	1	29
2023-10-19	www.virtualflybrain.org	/about/collaborators/	1	1	30
2023-10-19	www.virtualflybrain.org	/about/members/	1	1	0
2023-10-19	www.virtualflybrain.org	/blog/	1	1	86
2023-10-19	www.virtualflybrain.org	/blog/2022/01/01/adult-anterior-ventrolateral-protocerebrum-neuron-avlp_pr31-fbbt_00052098/	1	1	16
2023-10-19	www.virtualflybrain.org	/blog/2022/01/01/adult-brain-fru-clones-cachero2010-cachero2010/	1	1	20
2023-10-19	www.virtualflybrain.org	/blog/2022/01/01/adult-vnc-neuropils-court2020-court2020/	1	1	0
2023-10-19	www.virtualflybrain.org	/blog/2022/01/01/pgal46450-fbti0128276/	1	1	35
2023-10-19	www.virtualflybrain.org	/blog/2022/01/01/positive-regulation-of-organ-growth-go_0046622/	1	1	0
2023-10-19	www.virtualflybrain.org	/blog/releases/ontologies/fbbt/	1	1	10
2023-10-19	www.virtualflybrain.org	/blog/releases/ontologies/pco/	1	1	15
2023-10-19	www.virtualflybrain.org	/categories/tutorials/	2	1	9
2023-10-19	www.virtualflybrain.org	/docs/	1	1	0
2023-10-19	www.virtualflybrain.org	/docs/concepts/splits/	1	2	18
2023-10-19	www.virtualflybrain.org	/docs/tutorials/apis/connectome/2_mapping/	1	1	11
2023-10-19	www.virtualflybrain.org	/docs/tutorials/apis/connectome/3_visualisation/	2	1	14
2023-10-19	www.virtualflybrain.org	/docs/tutorials/apis/connectome/4_connectomics/	1	1	79
2023-10-19	www.virtualflybrain.org	/docs/tutorials/apis/connectome/tools/	2	2	3
2023-10-19	www.virtualflybrain.org	/search/	1	1	11
2023-10-19	www.virtualflybrain.org	/site/stacks/index.htm	5	5	1
2023-10-19	www.virtualflybrain.org	/site/vfb_site/Dickson_VT.htm	1	1	5
2023-10-19	www.virtualflybrain.org	/site/vfb_site/faq.htm	1	1	0
2023-10-19	www.virtualflybrain.org	/tags/dataset/	1	1	21
2023-10-19	www.virtualflybrain.org	/tags/fbti/	1	1	10
2023-10-19	www.virtualflybrain.org	/term/pgawbc179-expression-pattern-vfbexp_fbti0130251/	1	1	28
2023-10-19	www.virtualflybrain.org	/term/pgawbc179-fbti0130251/	1	1	41
2023-10-19	www.virtualflybrain.org	/term/pr52f12-gal4.dbd-pr31d07-p65.ad-expression-pattern-vfbexp_fbtp0121927fbtp0118575/	1	1	22
2023-10-19	www.virtualflybrain.org	/term/scerbsolgal4gmr58e02-fbal0253714/	1	1	24
2023-10-19	www.virtualflybrain.org	/term/structural-molecule-activity-go_0005198/	1	1	30
2023-10-19	www.virtualflybrain.org	/term/vt040346-gal4-in-the-adult-vnc-dickson2017-vfb_00066596/	1	1	0
2023-10-20	129.215.197.101	/	0	1	3
2023-10-20	4a67275a-ca9d-4436-a2d4-5291cbf8bca2.virtualflybrain.org	/	0	1	3
2023-10-20	8c212b03-94d4-4b64-b132-a3ddc580239c.virtualflybrain.org	/	0	1	3
2023-10-20	api.virtualflybrain.org	/	0	1	4
2023-10-20	blanik-jenkins.virtualflybrain.org	/	1	1	4
2023-10-20	bocian-jenkins.virtualflybrain.org	/	2	2	0
2023-10-20	geppetto.virtualflybrain.org	/	0	1	3
2023-10-20	jenkins.virtualflybrain.org	/	0	1	3
2023-10-20	larval.virtualflybrain.org	/	0	1	4
2023-10-20	mail.virtualflybrain.org	/	0	1	3
2023-10-20	meet.virtualflybrain.org	/	0	1	4
2023-10-20	mysql.virtualflybrain.org	/	1	1	4
2023-10-20	natverse1.virtualflybrain.org	/	1	1	4
2023-10-20	natverse2.virtualflybrain.org	/	0	1	3
2023-10-20	natverse4.virtualflybrain.org	/	0	1	4
2023-10-20	nblast.virtualflybrain.org	/	0	1	4
2023-10-20	r.virtualflybrain.org	/	0	1	4
2023-10-20	smtp.virtualflybrain.org	/	0	1	3
2023-10-20	solr-alpha.virtualflybrain.org	/	0	1	3
2023-10-20	ubuntu.virtualflybrain.org	/	0	1	4
2023-10-20	v1-5.virtualflybrain.org	/	0	1	4
2023-10-20	v2-dev2.virtualflybrain.org	/	0	1	3
2023-10-20	v2.virtualflybrain.org	/	1	1	0
2023-10-20	v2test1.virtualflybrain.org	/	0	1	4
2023-10-20	virtualflybrain.org	/	6	4	52
2023-10-20	webmail.virtualflybrain.org	/	0	1	3
2023-10-20	www.virtualflybrain.org	/	23	15	224
2023-10-20	www.virtualflybrain.org	/blog/2022/01/01/adult-mbp3-lineage-clone-fbbt_00110562/	1	1	10
2023-10-20	www.virtualflybrain.org	/blog/2022/01/01/cysteine-type-endopeptidase-inhibitor-activity-involved-in-apoptotic-process-go_0043027/	1	1	347
2023-10-20	www.virtualflybrain.org	/blog/2022/01/01/his3.3adendra2-fbal0347211/	1	1	8
2023-10-20	www.virtualflybrain.org	/blog/2022/01/01/negative-regulation-of-dermatome-development-go_0061185/	1	1	16
2023-10-20	www.virtualflybrain.org	/docs/	3	3	15
2023-10-20	www.virtualflybrain.org	/docs/getting-started/3dviewer/	1	1	0
2023-10-20	www.virtualflybrain.org	/docs/getting-started/overview/	1	1	0
2023-10-20	www.virtualflybrain.org	/docs/getting-started/sliceviewer/	1	1	7
2023-10-20	www.virtualflybrain.org	/docs/tutorials/	1	1	4
2023-10-20	www.virtualflybrain.org	/docs/tutorials/apis/4_neuprint/	2	1	3
2023-10-20	www.virtualflybrain.org	/docs/tutorials/apis/connectome/5_nblast/	2	1	15
2023-10-20	www.virtualflybrain.org	/term/acetylation-dependent-protein-binding-go_0140033/	1	1	13
2023-10-20	www.virtualflybrain.org	/term/non-neurogenic-ectodermal-placode-uberon_0011814/	1	1	20
2023-10-20	www.virtualflybrain.org	/term/slp189_a_r-flyem-hb797420557-vfb_jrchk5n1/	1	1	9
2023-10-20	www.virtualflybrain.org	/term/trh-m-300011-vfb_00003468/	1	1	13
2023-10-20	www.virtualflybrain.org	/term/vt032828-gal4-in-the-adult-vnc-dickson2017-vfb_00066046/	1	1	10
2023-10-21	bocian-jenkins.virtualflybrain.org	/	1	1	0
2023-10-21	virtualflybrain.org	/	2	1	0
2023-10-21	virtualflybrain.org	/docs/tutorials/apis/connectome/4_connectomics/	2	0	0
2023-10-21	www.virtualflybrain.org	/	9	8	113
2023-10-21	www.virtualflybrain.org	/about/	1	1	0
2023-10-21	www.virtualflybrain.org	/blog/2021/12/18/google-search-results-issue/	1	1	1
2023-10-21	www.virtualflybrain.org	/blog/2022/01/01/adult-brain-fru-clones-cachero2010-cachero2010/	1	1	8
2023-10-21	www.virtualflybrain.org	/blog/2022/01/01/pact79b-lacz.cs-expression-pattern-vfbexp_fbtp0005398/	1	1	5
2023-10-21	www.virtualflybrain.org	/blog/2022/01/01/split-gal4-lines-from-gao-et-al.-2019-splitgao2019/	1	1	3
2023-10-21	www.virtualflybrain.org	/blog/2022/03/11/fix-for-problems-with-current-safari-release/	1	1	1
2023-10-21	www.virtualflybrain.org	/blog/news/	1	1	0
2023-10-21	www.virtualflybrain.org	/docs/	2	2	24
2023-10-21	www.virtualflybrain.org	/docs/examples/circuit-diagram-of-the-mushroom-body/	1	1	29
2023-10-21	www.virtualflybrain.org	/docs/getting-started/bulkdownloads/	1	1	4
2023-10-21	www.virtualflybrain.org	/docs/getting-started/circuitbrowser/	2	1	1
2023-10-21	www.virtualflybrain.org	/docs/getting-started/overview/	2	2	43
2023-10-21	www.virtualflybrain.org	/docs/getting-started/sliceviewer/	1	1	21
2023-10-21	www.virtualflybrain.org	/docs/getting-started/termcontext/	1	1	0
2023-10-21	www.virtualflybrain.org	/docs/tutorials/apis/4_nblast/	1	0	0
2023-10-21	www.virtualflybrain.org	/search/	1	1	8
2023-10-21	www.virtualflybrain.org	/tags/dataset/	1	1	9
2023-10-21	www.virtualflybrain.org	/term/split-gal4-lines-from-gao-et-al.-2019-splitgao2019/	2	1	24
2023-10-22	61d21a5c-c24c-4060-9a1d-185c49b8cd22.virtualflybrain.org	/	0	1	3
2023-10-22	bocian-jenkins.virtualflybrain.org	/	1	1	0
2023-10-22	i3vnc.catmaid.virtualflybrain.org	/	0	1	4
2023-10-22	karenin-jenkins.virtualflybrain.org	/	0	1	4
2023-10-22	natverse5.virtualflybrain.org	/	0	1	4
2023-10-22	owl-dev.virtualflybrain.org	/	0	1	4
2023-10-22	sb2.virtualflybrain.orgherd.virtualflybrain.org	/	0	1	4
2023-10-22	solr.p2.virtualflybrain.org	/solr/	0	1	3
2023-10-22	virtualflybrain.org	/	1	1	0
2023-10-22	virtualflybrain.org	/docs/tutorials/apis/connectome/4_connectomics/	2	0	0
2023-10-22	what.website.fafb.catmaid.virtualflybrain.org	/	0	1	3
2023-10-22	www.virtualflybrain.org	/	13	10	69
2023-10-22	www.virtualflybrain.org	/docs/	3	3	86
2023-10-22	www.virtualflybrain.org	/docs/concepts/transgene/	1	1	0
2023-10-22	www.virtualflybrain.org	/docs/examples/circuit-diagram-of-the-mushroom-body/	1	1	7
2023-10-22	www.virtualflybrain.org	/docs/getting-started/3dviewer/	1	1	11
2023-10-22	www.virtualflybrain.org	/docs/getting-started/overview/	1	1	28
2023-10-22	www.virtualflybrain.org	/docs/getting-started/sliceviewer/	1	1	11
2023-10-22	www.virtualflybrain.org	/docs/overview/	2	1	18
2023-10-22	www.virtualflybrain.org	/docs/tutorials/apis/4_neuprint/	1	1	19
2023-10-22	www.virtualflybrain.org	/docs/tutorials/apis/apiimagedownload/	1	1	1
2023-10-22	www.virtualflybrain.org	/docs/tutorials/apis/connectome/	2	1	2
2023-10-22	www.virtualflybrain.org	/docs/tutorials/apis/connectome/tools/	2	1	18
2023-10-22	www.virtualflybrain.org	/search/	1	1	9
2023-10-22	www.virtualflybrain.org	/site/stacks/index.htm	1	1	2
2023-10-22	www.virtualflybrain.org	/term/tonofibrilla-fbbt_00005092/	1	1	5
2023-10-22	www.virtualflybrain.org	/term/vt000269-gal4-in-the-adult-vnc-dickson2017-vfb_00063252/	2	1	12
2023-10-23	129.215.197.101	/	1	1	0
2023-10-23	129.215.197.144	/	2	2	0
2023-10-23	bocian-jenkins.virtualflybrain.org	/	1	1	0
2023-10-23	buttermilk.inf.ed.ac.uk	/blog/2022/01/01/presynaptic-active-zone-go_0048786/	1	1	66
2023-10-23	virtualflybrain.org	/docs/tutorials/apis/connectome/4_connectomics/	4	1	0
2023-10-23	www.virtualflybrain.org	/	24	20	161
2023-10-23	www.virtualflybrain.org	/about/	2	2	626
2023-10-23	www.virtualflybrain.org	/blog/	2	1	5
2023-10-23	www.virtualflybrain.org	/blog/2022/01/01/adult-brain-fru-clones-cachero2010-cachero2010/	1	1	2
2023-10-23	www.virtualflybrain.org	/blog/news/	1	1	3
2023-10-23	www.virtualflybrain.org	/blog/releases/catmaid/	2	2	5
2023-10-23	www.virtualflybrain.org	/blog/releases/catmaid/fafb/	1	1	133
2023-10-23	www.virtualflybrain.org	/blog/releases/catmaid/l1em/	6	3	236
2023-10-23	www.virtualflybrain.org	/docs/	9	8	151
2023-10-23	www.virtualflybrain.org	/docs/concepts/splits/	1	1	16
2023-10-23	www.virtualflybrain.org	/docs/concepts/transgene/	1	1	14
2023-10-23	www.virtualflybrain.org	/docs/examples/	1	1	8
2023-10-23	www.virtualflybrain.org	/docs/getting-started/circuitbrowser/	1	1	5
2023-10-23	www.virtualflybrain.org	/docs/overview/	5	3	8
2023-10-23	www.virtualflybrain.org	/docs/tutorials/apis/4_neuprint/	2	1	0
2023-10-23	www.virtualflybrain.org	/docs/tutorials/apis/connectome/tools/	3	1	0
2023-10-23	www.virtualflybrain.org	/search/	4	3	17
2023-10-23	www.virtualflybrain.org	/site/vfb_site/home.htm	2	1	3
2023-10-23	www.virtualflybrain.org	/term/ventral-vum-motor-neuron-fbbt_00110297/	1	1	12
2023-10-24	blog.virtualflybrain.org	/en/blog/releases/ontologies/so/so_0001826_v6/	1	1	0
2023-10-24	bocian-jenkins.virtualflybrain.org	/	1	1	0
2023-10-24	flybrain.inf.ed.ac.uk	/	1	1	0
2023-10-24	flybrain.inf.ed.ac.uk	/blog/2022/01/01/detection-of-chemical-stimulus-involved-in-sensory-perception-of-smell-go_0050911/	2	2	0
2023-10-24	v2.virtualflybrain.org	/	1	1	0
2023-10-24	virtualflybrain.org	/	5	5	94
2023-10-24	virtualflybrain.org	/blog/	2	1	0
2023-10-24	virtualflybrain.org	/docs/	1	1	5
2023-10-24	virtualflybrain.org	/docs/getting-started/3dviewer/	1	1	3
2023-10-24	virtualflybrain.org	/docs/getting-started/bulkdownloads/	1	1	21
2023-10-24	virtualflybrain.org	/docs/getting-started/overview/	1	1	1
2023-10-24	virtualflybrain.org	/docs/overview/	1	1	2
2023-10-24	virtualflybrain.org	/docs/tutorials/apis/apiimagedownload/	1	1	0
2023-10-24	virtualflybrain.org	/docs/tutorials/apis/connectome/4_connectomics/	2	1	0
2023-10-24	www.v2.virtualflybrain.org	/blog/2022/01/01/aotuv4-clone-of-ito-2013-vfb_00020193/	1	1	1
2023-10-24	www.virtualflybrain.org	/	67	39	1516
2023-10-24	www.virtualflybrain.org	/about/	5	4	7
2023-10-24	www.virtualflybrain.org	/about/members/	1	1	9
2023-10-24	www.virtualflybrain.org	/blog/2022/01/01/_ipc-2-l1em2852273-vfb_00100733/	1	1	3
2023-10-24	www.virtualflybrain.org	/blog/releases/catmaid/fanc/	1	1	8
2023-10-24	www.virtualflybrain.org	/docs/	2	2	7
2023-10-24	www.virtualflybrain.org	/docs/concepts/templates/	1	1	52
2023-10-24	www.virtualflybrain.org	/docs/concepts/transgene/	1	2	36
2023-10-24	www.virtualflybrain.org	/docs/examples/circuit-diagram-of-the-mushroom-body/	1	1	11
2023-10-24	www.virtualflybrain.org	/docs/getting-started/	3	2	35
2023-10-24	www.virtualflybrain.org	/docs/getting-started/3dviewer/	2	2	14
2023-10-24	www.virtualflybrain.org	/docs/getting-started/circuitbrowser/	1	1	4
2023-10-24	www.virtualflybrain.org	/docs/getting-started/overview/	3	2	48
2023-10-24	www.virtualflybrain.org	/docs/getting-started/sliceviewer/	1	1	2
2023-10-24	www.virtualflybrain.org	/docs/getting-started/termcontext/	1	1	8
2023-10-24	www.virtualflybrain.org	/docs/getting-started/terminfo/	1	1	20
2023-10-24	www.virtualflybrain.org	/docs/getting-started/thumbnails/	1	1	10
2023-10-24	www.virtualflybrain.org	/docs/overview/	2	1	8
2023-10-24	www.virtualflybrain.org	/docs/tutorials/apis/4_nblast/	3	2	12
2023-10-24	www.virtualflybrain.org	/docs/tutorials/apis/apiimagedownload/	1	1	43
2023-10-24	www.virtualflybrain.org	/docs/tutorials/apis/connectome/3_visualisation/	1	1	0
2023-10-24	www.virtualflybrain.org	/docs/tutorials/apis/connectome/introvideo/	1	1	30
2023-10-24	www.virtualflybrain.org	/site/stacks/index.htm	1	1	3
2023-10-24	www.virtualflybrain.org	/site/vfb_site/home.htm	1	1	0
2023-10-24	www.virtualflybrain.org	/term/lower-toe-on-l3-cns-template-wood2018-vfb_00050428/	1	1	54
2023-10-24	www.virtualflybrain.org	/term/smp047_r-flyem-hb698979607-vfb_jrchk67l/	1	1	19
2023-10-24	www.virtualflybrain.org	/term/vt021368-gal4-in-the-adult-vnc-dickson2017-vfb_00065141/	2	1	2
2023-10-24	www.virtualflybrain.org	/term/weda2-clone-of-ito-2013-vfb_00020257/	0	1	0
2023-10-25	bocian-jenkins.virtualflybrain.org	/	1	1	0
2023-10-25	flybrain.inf.ed.ac.uk	/blog/2022/01/01/detection-of-chemical-stimulus-involved-in-sensory-perception-of-smell-go_0050911/	1	0	0
2023-10-25	v2.virtualflybrain.org	/	1	1	0
2023-10-25	virtualflybrain.org	/	3	3	17
2023-10-25	virtualflybrain.org	/docs/tutorials/apis/connectome/4_connectomics/	2	2	0
2023-10-25	www.virtualflybrain.org	/	99	56	1062
2023-10-25	www.virtualflybrain.org	/about/	2	2	5
2023-10-25	www.virtualflybrain.org	/blog/2022/01/01/abdominal-1-dopaminergic-al-neuron-fbbt_00100770/	1	1	8
2023-10-25	www.virtualflybrain.org	/blog/2022/01/01/cg42340-fbgn0259242/	1	1	67
2023-10-25	www.virtualflybrain.org	/blog/2022/01/01/larval-abdominal-1-a02k-neuron-fbbt_00048656/	2	1	14
2023-10-25	www.virtualflybrain.org	/blog/2022/01/01/pvt027321-gal4-fbtp0101055/	1	1	1
2023-10-25	www.virtualflybrain.org	/blog/releases/catmaid/fafb/	1	1	0
2023-10-25	www.virtualflybrain.org	/blog/releases/catmaid/l1em/	1	1	1
2023-10-25	www.virtualflybrain.org	/docs/	7	6	131
2023-10-25	www.virtualflybrain.org	/docs/getting-started/	2	2	11
2023-10-25	www.virtualflybrain.org	/docs/getting-started/3dviewer/	1	1	17
2023-10-25	www.virtualflybrain.org	/docs/getting-started/bulkdownloads/	1	1	12
2023-10-25	www.virtualflybrain.org	/docs/getting-started/circuitbrowser/	1	1	5
2023-10-25	www.virtualflybrain.org	/docs/getting-started/overview/	1	1	12
2023-10-25	www.virtualflybrain.org	/docs/getting-started/similarityscore/	1	1	4
2023-10-25	www.virtualflybrain.org	/docs/getting-started/sliceviewer/	1	1	6
2023-10-25	www.virtualflybrain.org	/docs/getting-started/thumbnails/	1	1	14
2023-10-25	www.virtualflybrain.org	/docs/tutorials/apis/apiimagedownload/	1	1	67
2023-10-25	www.virtualflybrain.org	/docs/tutorials/apis/connectome/5_nblast/	1	1	25
2023-10-25	www.virtualflybrain.org	/docs/tutorials/apis/connectome/tools/	2	0	0
2023-10-25	www.virtualflybrain.org	/search/	5	3	21
2023-10-25	www.virtualflybrain.org	/site/vfb_site/Chiang2010.htm	3	2	9
2023-10-25	www.virtualflybrain.org	/tags/dopaminergic/	1	1	11
2023-10-25	www.virtualflybrain.org	/term/cell-body-rind-of-adult-lateral-lamina-fbbt_00051028/	1	1	2
2023-10-25	www.virtualflybrain.org	/term/cell-body-rind-of-adult-posterior-lateral-horn-fbbt_00051013/	1	1	3
2023-10-25	www.virtualflybrain.org	/term/distal-medullary-amacrine-neuron-dm1-fbbt_00003768/	1	1	15
2023-10-25	www.virtualflybrain.org	/term/one-carbon-compound-transport-go_0019755/	1	1	2
2023-10-25	www.virtualflybrain.org	/term/submucosa-of-common-bile-duct-uberon_0004939/	1	1	13
2023-10-25	www.virtualflybrain.org	/term/vt027321-gal4-in-the-adult-vnc-dickson2017-vfb_00065721/	2	1	6
2023-10-26	129.215.197.110	/	0	1	11
2023-10-26	76e1bce3-27a5-406f-81cd-32f1152396af.virtualflybrain.org	/	0	1	3
2023-10-26	api.virtualflybrain.org	/	0	1	11
2023-10-26	bocian-jenkins.virtualflybrain.org	/	1	1	0
2023-10-26	build.virtualflybrain.org	/	0	1	11
2023-10-26	buttermilk.inf.ed.ac.uk	/	0	1	11
2023-10-26	dev.virtualflybrain.org	/	0	1	11
2023-10-26	geppetto-dev1.virtualflybrain.org	/	0	1	11
2023-10-26	ids.virtualflybrain.org	/	0	1	4
2023-10-26	jupyter.virtualflybrain.org	/	0	1	11
2023-10-26	karenin-jenkins.virtualflybrain.org	/	0	1	3
2023-10-26	mail.virtualflybrain.org	/	0	1	3
2023-10-26	natverse3.virtualflybrain.org	/	0	1	8
2023-10-26	nblast.virtualflybrain.org	/blog/2022/01/01/128up-fbgn0010339/	1	1	10
2023-10-26	p2.virtualflybrain.org	/	0	1	4
2023-10-26	sb.virtualflybrain.org	/	0	2	22
2023-10-26	sb2.virtualflybrain.orgherd.virtualflybrain.org	/	0	1	11
2023-10-26	sourcream.inf.ed.ac.uk	/	1	1	0
2023-10-26	v2test1.virtualflybrain.org	/	0	1	12
2023-10-26	virtualflybrain.org	/	1	1	0
2023-10-26	vnc.catmaid.virtualflybrain.org	/	0	1	3
2023-10-26	www.virtualflybrain.org	/	36	31	123
2023-10-26	www.virtualflybrain.org	/about/	5	4	35
2023-10-26	www.virtualflybrain.org	/about/contributors/	1	1	6
2023-10-26	www.virtualflybrain.org	/about/publications/	1	1	0
2023-10-26	www.virtualflybrain.org	/blog/2022/01/01/complex_substitution-so_1000005/	1	1	0
2023-10-26	www.virtualflybrain.org	/blog/2022/01/01/em-fafb-bates-and-schlegel-et-al-2020-batesschlegel2020/	1	1	33
2023-10-26	www.virtualflybrain.org	/blog/2022/01/01/lateral-antennal-lobe-tract-projection-neuron-4-fbbt_00047724/	1	0	0
2023-10-26	www.virtualflybrain.org	/blog/2022/01/01/pgmr13b12-gal4-fbtp0057587/	1	1	26
2023-10-26	www.virtualflybrain.org	/blog/2022/01/01/pgmr78g08-gal4-fbtp0062973/	1	1	6
2023-10-26	www.virtualflybrain.org	/blog/releases/catmaid/fafb/	2	2	7
2023-10-26	www.virtualflybrain.org	/blog/releases/catmaid/fanc/	3	2	1
2023-10-26	www.virtualflybrain.org	/blog/releases/catmaid/l1em/	1	1	1
2023-10-26	www.virtualflybrain.org	/blog/releases/datasets/	1	1	3
2023-10-26	www.virtualflybrain.org	/blog/releases/ontologies/so/	1	1	2
2023-10-26	www.virtualflybrain.org	/docs/	1	1	6
2023-10-26	www.virtualflybrain.org	/site/stacks/index.htm	1	1	1
2023-10-26	www.virtualflybrain.org	/tags/dataset/	1	1	13
2023-10-26	www.virtualflybrain.org	/tags/fbgn/	1	1	0
2023-10-26	www.virtualflybrain.org	/tags/fbtp/	1	1	19
2023-10-26	www.virtualflybrain.org	/tags/has_image/	1	1	36
2023-10-26	www.virtualflybrain.org	/term/amide-transport-go_0042886/	1	1	16
2023-10-26	www.virtualflybrain.org	/term/co-dominant-autosomal-inheritance-geno_0000143/	1	1	5
2023-10-26	www.virtualflybrain.org	/term/entity-bfo_0000001/	1	1	15
2023-10-26	www.virtualflybrain.org	/term/jrc_ss03752-in-the-adult-brain-vfb_00069623/	1	1	7
2023-10-26	www.virtualflybrain.org	/term/pvt037867-gal4-expression-pattern-vfbexp_fbtp0102915/	1	1	9
2023-10-26	www.virtualflybrain.org	/term/th-f-000022-vfb_00013599/	1	1	0
2023-10-26	www.virtualflybrain.org	/term/translobula-plate-neuron-tlp2-fbbt_00003892/	1	1	3
2023-10-26	www.virtualflybrain.org	/term/vglut-f-600763-vfb_00006962/	1	1	6
2023-10-27	129.215.197.110	/	0	1	7
2023-10-27	bocian-jenkins.virtualflybrain.org	/	1	1	0
2023-10-27	buttermilk.inf.ed.ac.uk	/blog/2022/01/01/negative-regulation-of-mitochondrial-atp-synthesis-coupled-proton-transport-go_1905707/	1	1	4
2023-10-27	catmaid-fafb.virtualflybrain.org	/	0	1	7
2023-10-27	sb.virtualflybrain.org	/	0	1	10
2023-10-27	solr-alpha.virtualflybrain.org	/	0	1	11
2023-10-27	v2.virtualflybrain.org	/	2	2	0
2023-10-27	virtualflybrain.org	/	3	3	8
2023-10-27	virtualflybrain.org	/docs/tutorials/apis/connectome/4_connectomics/	2	1	9
2023-10-27	www.virtualflybrain.org	/	25	22	188
2023-10-27	www.virtualflybrain.org	/blog/2022/01/01/pddc-gal4.hl5-expression-pattern-vfbexp_fbtp0080146/	1	1	7
2023-10-27	www.virtualflybrain.org	/blog/releases/catmaid/	3	1	10
2023-10-27	www.virtualflybrain.org	/blog/releases/catmaid/l1em/	2	2	18
2023-10-27	www.virtualflybrain.org	/docs/	6	5	67
2023-10-27	www.virtualflybrain.org	/docs/examples/circuit-diagram-of-the-mushroom-body/	1	1	5
2023-10-27	www.virtualflybrain.org	/docs/getting-started/	3	3	19
2023-10-27	www.virtualflybrain.org	/docs/getting-started/circuitbrowser/	4	2	57
2023-10-27	www.virtualflybrain.org	/docs/getting-started/overview/	5	5	54
2023-10-27	www.virtualflybrain.org	/docs/getting-started/sliceviewer/	1	1	0
2023-10-27	www.virtualflybrain.org	/docs/getting-started/termcontext/	1	1	7
2023-10-27	www.virtualflybrain.org	/docs/getting-started/terminfo/	2	1	11
2023-10-27	www.virtualflybrain.org	/docs/overview/	3	2	5
2023-10-27	www.virtualflybrain.org	/docs/tutorials/apis/1_datatypes/	1	1	4
2023-10-27	www.virtualflybrain.org	/docs/tutorials/apis/2_plotting/	1	1	96
2023-10-27	www.virtualflybrain.org	/docs/tutorials/apis/4_nblast/	1	1	14
2023-10-27	www.virtualflybrain.org	/docs/tutorials/apis/4_neuprint/	1	1	9
2023-10-27	www.virtualflybrain.org	/docs/tutorials/apis/apiimagedownload/	1	1	6
2023-10-27	www.virtualflybrain.org	/docs/tutorials/apis/connectome/4_connectomics/	1	1	6
2023-10-27	www.virtualflybrain.org	/search/	4	1	10
2023-10-27	www.virtualflybrain.org	/site/vfb_site/home.htm	1	1	5
2023-10-27	www.virtualflybrain.org	/term/1-1m-fbbt_00011534/	4	1	13
2023-10-27	www.virtualflybrain.org	/term/adult-lateral-horn-pv5-neuron-fbbt_00059211/	1	1	79
2023-10-27	www.virtualflybrain.org	/term/pgmr17a12-gal4-expression-pattern-vfbexp_fbtp0118055/	1	1	0
2023-10-27	www.virtualflybrain.org	/term/proximal-medullary-amacrine-neuron-pm9-10-fbbt_00110134/	1	1	12
2023-10-27	www.virtualflybrain.org	/term/ves074pvm01_l-flyem-hb1783923422-vfb_jrchk7hf/	1	1	6
2023-10-27	www.virtualflybrain.org	/term/yellow-e2-fbgn0038151/	1	1	3
2023-10-28	4a67275a-ca9d-4436-a2d4-5291cbf8bca2.virtualflybrain.org	/	0	1	11
2023-10-28	76e1bce3-27a5-406f-81cd-32f1152396af.virtualflybrain.org	/	0	1	11
2023-10-28	981gwa2l.virtualflybrain.org	/	1	3	22
2023-10-28	api.virtualflybrain.org	/	2	3	8
2023-10-28	blanik-jenkins.virtualflybrain.org	/	2	2	0
2023-10-28	blog.virtualflybrain.org	/	2	2	0
2023-10-28	bocian-jenkins.virtualflybrain.org	/	3	3	0
2023-10-28	catmaid-fafb.virtualflybrain.org	/	2	3	4
2023-10-28	dev.virtualflybrain.org	/	2	2	0
2023-10-28	flybrain.inf.ed.ac.uk	/blog/2022/01/01/acyltransferase-activity-acyl-groups-converted-into-alkyl-on-transfer-go_0046912/	1	1	0
2023-10-28	geppetto-dev.virtualflybrain.org	/	2	2	0
2023-10-28	geppetto-dev1.virtualflybrain.org	/	0	1	4
2023-10-28	grafana.virtualflybrain.org	/	2	3	9
2023-10-28	herd.virtualflybrain.org	/	2	2	0
2023-10-28	hugo.virtualflybrain.org	/	2	3	11
2023-10-28	ids.virtualflybrain.org	/	2	2	0
2023-10-28	larval.virtualflybrain.org	/	4	5	11
2023-10-28	mail.virtualflybrain.org	/	0	1	11
2023-10-28	meet.virtualflybrain.org	/	2	2	0
2023-10-28	monitor.virtualflybrain.org	/	0	1	10
2023-10-28	mysql.virtualflybrain.org	/	2	2	0
2023-10-28	natverse1.virtualflybrain.org	/	2	2	0
2023-10-28	natverse2.virtualflybrain.org	/	2	3	4
2023-10-28	natverse3.virtualflybrain.org	/	2	3	5
2023-10-28	nblast.virtualflybrain.org	/	0	1	9
2023-10-28	owl.virtualflybrain.org	/	2	2	0
2023-10-28	p2.virtualflybrain.org	/	2	2	0
2023-10-28	pdl.virtualflybrain.org	/	0	1	9
2023-10-28	rancher.virtualflybrain.org	/	1	1	1
2023-10-28	sb.virtualflybrain.org	/	0	1	7
2023-10-28	sb1.virtualflybrain.org	/	2	2	0
2023-10-28	sb2.virtualflybrain.org	/	2	2	0
2023-10-28	solr.p2.virtualflybrain.org	/	2	2	0
2023-10-28	solr.virtualflybrain.org	/	0	1	9
2023-10-28	ubuntu.virtualflybrain.org	/	2	2	0
2023-10-28	v1.virtualflybrain.org	/	2	2	0
2023-10-28	v2-dev2.virtualflybrain.org	/	0	1	5
2023-10-28	v2-preview.virtualflybrain.org	/	2	2	0
2023-10-28	v2test1.virtualflybrain.org	/	0	1	4
2023-10-28	vfbblog.inf.ed.ac.uk	/	0	1	6
2023-10-28	virtualflybrain.org	/	3	3	0
2023-10-28	virtualflybrain.org	/docs/tutorials/apis/connectome/4_connectomics/	1	1	1
2023-10-28	webmail.virtualflybrain.org	/	0	1	10
2023-10-28	webtop.virtualflybrain.org	/	2	2	0
2023-10-28	www.virtualflybrain.org	/	9	8	64
2023-10-28	www.virtualflybrain.org	/blog/2022/01/01/negative-regulation-of-extracellular-matrix-organization-go_1903054/	1	1	19
2023-10-28	www.virtualflybrain.org	/docs/	1	0	0
2023-10-28	www.virtualflybrain.org	/docs/tutorials/apis/4_nblast/	3	0	0
2023-10-28	www.virtualflybrain.org	/term/medulla-layer-m6-fbbt_00003755/	1	1	8
2023-10-28	zip.virtualflybrain.org	/	2	2	0
2023-10-29	bocian-jenkins.virtualflybrain.org	/	1	1	0
2023-10-29	vfbblog.inf.ed.ac.uk	/	0	1	11
2023-10-29	virtualflybrain.org	/docs/tutorials/apis/connectome/4_connectomics/	3	3	4
2023-10-29	www.virtualflybrain.org	/	12	9	64
2023-10-29	www.virtualflybrain.org	/blog/	1	1	2
2023-10-29	www.virtualflybrain.org	/blog/2022/01/01/16-alpha-glucosylpoly14-alpha-glucosylglycogenin-poly14-alpha-glucosyl-glycogenin--alpha-d-glucose-go_0004135/	1	1	3
2023-10-29	www.virtualflybrain.org	/blog/releases/ontologies/go/	1	1	9
2023-10-29	www.virtualflybrain.org	/docs/	4	4	39
2023-10-29	www.virtualflybrain.org	/docs/concepts/bridging/	1	1	45
2023-10-29	www.virtualflybrain.org	/docs/concepts/templates/	1	1	8
2023-10-29	www.virtualflybrain.org	/docs/getting-started/3dviewer/	1	1	4
2023-10-29	www.virtualflybrain.org	/docs/getting-started/circuitbrowser/	1	1	5
2023-10-29	www.virtualflybrain.org	/docs/getting-started/overview/	1	1	9
2023-10-29	www.virtualflybrain.org	/docs/overview/	1	1	2
2023-10-29	www.virtualflybrain.org	/docs/tutorials/	1	1	3
2023-10-29	www.virtualflybrain.org	/docs/tutorials/apis/4_neuprint/	1	0	0
2023-10-29	www.virtualflybrain.org	/docs/tutorials/apis/connectome/1_discovery/	1	1	75
2023-10-29	www.virtualflybrain.org	/docs/tutorials/apis/connectome/2_mapping/	1	1	12
2023-10-29	www.virtualflybrain.org	/docs/tutorials/apis/connectome/4_connectomics/	1	1	24
2023-10-29	www.virtualflybrain.org	/docs/tutorials/apis/connectome/introvideo/	2	2	17
2023-10-29	www.virtualflybrain.org	/docs/tutorials/apis/connectome/tools/	2	1	17
2023-10-29	www.virtualflybrain.org	/search/	4	2	38
2023-10-29	www.virtualflybrain.org	/tags/dopaminergic/	1	1	5
2023-10-29	www.virtualflybrain.org	/tags/go/	2	1	0
2023-10-30	129.215.197.101	/	2	2	0
2023-10-30	129.215.197.110	/	1	1	0
2023-10-30	129.215.197.144	/	2	2	0
2023-10-30	129.215.197.147	/	1	2	8
2023-10-30	981gwa2l.virtualflybrain.org	/	0	1	6
2023-10-30	blog.virtualflybrain.org	/en/docs/tutorials/apis/4_nblast/	1	1	129
2023-10-30	blog.virtualflybrain.org	/en/docs/tutorials/apis/apiimagedownload/	1	1	45
2023-10-30	bocian-jenkins.virtualflybrain.org	/	1	1	0
2023-10-30	buttermilk.inf.ed.ac.uk	/blog/2022/01/01/jrc_mb304b-split-gal4-in-the-adult-vns-vfb_00069093/	2	1	11
2023-10-30	flybrain.inf.ed.ac.uk	/blog/2022/01/01/anatomical-structure-maturation-go_0071695/	1	1	7
2023-10-30	flybrain.inf.ed.ac.uk	/blog/2022/01/01/detection-of-mechanical-stimulus-go_0050982/	1	1	0
2023-10-30	geppetto-dev1.virtualflybrain.org	/	0	1	10
2023-10-30	hugo.virtualflybrain.org	/	0	1	6
2023-10-30	natverse3.virtualflybrain.org	/	0	1	7
2023-10-30	nblast.virtualflybrain.org	/	0	2	12
2023-10-30	sb1.virtualflybrain.org	/	0	1	6
2023-10-30	smtp.virtualflybrain.org	/	0	1	4
2023-10-30	solr-dev.virtualflybrain.org	/	0	1	5
2023-10-30	solr.p2.virtualflybrain.org	/	0	1	11
2023-10-30	test-abd1.5.catmaid.virtualflybrain.org	/	0	1	5
2023-10-30	v2.virtualflybrain.org	/	2	2	0
2023-10-30	virtualflybrain.org	/	2	3	23
2023-10-30	virtualflybrain.org	/docs/tutorials/apis/connectome/4_connectomics/	1	1	0
2023-10-30	webmail.virtualflybrain.org	/	0	1	11
2023-10-30	www.virtualflybrain.org	/	21	17	140
2023-10-30	www.virtualflybrain.org	/about/	1	1	16
2023-10-30	www.virtualflybrain.org	/blog/2022/01/01/_telegoro-1-l1em3764792-vfb_00100623/	1	1	88
2023-10-30	www.virtualflybrain.org	/blog/2022/01/01/biomechanical-origins-of-proprioceptive-maps-in-the-drosophila-leg-mamiya2022/	1	1	1
2023-10-30	www.virtualflybrain.org	/blog/2022/01/01/braintrap-lines-knowles-barley2010-knowles_barley2010/	1	1	1
2023-10-30	www.virtualflybrain.org	/blog/2022/01/01/central-brain-neurons-by-lineage-lee2020-lee_lineage2020/	1	1	1
2023-10-30	www.virtualflybrain.org	/blog/2022/01/01/em-fafb-wang-et-al-2020b-wang2020b/	1	1	2
2023-10-30	www.virtualflybrain.org	/blog/2022/01/01/em-l1-miroschnikow-et-al.-2018-miroschnikow2018/	1	1	2
2023-10-30	www.virtualflybrain.org	/blog/2022/01/01/exon_junction-so_0000333/	1	1	9
2023-10-30	www.virtualflybrain.org	/blog/2022/01/01/generation-of-neurons-go_0048699/	1	1	5
2023-10-30	www.virtualflybrain.org	/blog/2022/01/01/haltere-disc-fbbt_00001779/	1	1	8
2023-10-30	www.virtualflybrain.org	/blog/2022/01/01/ids-fbgn0035445/	1	1	86
2023-10-30	www.virtualflybrain.org	/blog/2022/01/01/larval-uniglomerular-projection-neuron-35a-fbbt_00100462/	1	1	14
2023-10-30	www.virtualflybrain.org	/blog/2022/01/01/vfb-content-report/	2	1	89
2023-10-30	www.virtualflybrain.org	/blog/releases/	1	1	8
2023-10-30	www.virtualflybrain.org	/blog/releases/catmaid/l1em/	1	1	6
2023-10-30	www.virtualflybrain.org	/blog/releases/datasets/	1	1	9
2023-10-30	www.virtualflybrain.org	/blog/releases/geppetto/	1	1	64
2023-10-30	www.virtualflybrain.org	/blog/releases/ontologies/so/	1	1	281
2023-10-30	www.virtualflybrain.org	/blog/releases/ontologies/uberon/	1	1	0
2023-10-30	www.virtualflybrain.org	/categories/python/	1	1	4
2023-10-30	www.virtualflybrain.org	/docs/	6	5	46
2023-10-30	www.virtualflybrain.org	/docs/examples/circuit-diagram-of-the-mushroom-body/	1	1	11
2023-10-30	www.virtualflybrain.org	/docs/getting-started/	1	1	5
2023-10-30	www.virtualflybrain.org	/docs/getting-started/bulkdownloads/	1	1	36
2023-10-30	www.virtualflybrain.org	/docs/getting-started/circuitbrowser/	1	1	0
2023-10-30	www.virtualflybrain.org	/docs/getting-started/overview/	1	1	5
2023-10-30	www.virtualflybrain.org	/docs/getting-started/sliceviewer/	1	1	6
2023-10-30	www.virtualflybrain.org	/docs/getting-started/terminfo/	1	1	9
2023-10-30	www.virtualflybrain.org	/docs/overview/	2	2	14
2023-10-30	www.virtualflybrain.org	/docs/tutorials/	2	1	22
2023-10-30	www.virtualflybrain.org	/docs/tutorials/apis/	3	1	13
2023-10-30	www.virtualflybrain.org	/docs/tutorials/apis/0_vfb_api_overview/	3	1	330
2023-10-30	www.virtualflybrain.org	/docs/tutorials/apis/1_datatypes/	3	1	215
2023-10-30	www.virtualflybrain.org	/docs/tutorials/apis/4_neuprint/	1	1	325
2023-10-30	www.virtualflybrain.org	/docs/tutorials/apis/apiimagedownload/	8	1	242
2023-10-30	www.virtualflybrain.org	/docs/tutorials/apis/connectome/1_discovery/	2	1	32
2023-10-30	www.virtualflybrain.org	/docs/tutorials/apis/connectome/4_connectomics/	1	1	202
2023-10-30	www.virtualflybrain.org	/docs/tutorials/apis/connectome/introvideo/	1	1	5
2023-10-30	www.virtualflybrain.org	/docs/tutorials/apis/connectome/tools/	2	1	71
2023-10-30	www.virtualflybrain.org	/en/blog/releases/datasets/	1	1	16
2023-10-30	www.virtualflybrain.org	/search/	2	1	23
2023-10-30	www.virtualflybrain.org	/tags/fbbt/	1	1	0
2023-10-30	www.virtualflybrain.org	/tags/python/	2	1	24
2023-10-30	www.virtualflybrain.org	/term/adult-crepine-neuron-046-fbbt_20001115/	1	1	39
2023-10-30	www.virtualflybrain.org	/term/adult-inner-optic-chiasma-giant-glial-cell-fbbt_00100527/	1	1	9
2023-10-30	www.virtualflybrain.org	/term/ars_consensus_sequence-so_0002004/	1	1	3
2023-10-30	www.virtualflybrain.org	/term/carbon-oxygen-lyase-activity-acting-on-phosphates-go_0016838/	1	1	3
2023-10-30	www.virtualflybrain.org	/term/embryonic-camera-type-eye-development-go_0031076/	1	1	0
2023-10-30	www.virtualflybrain.org	/term/epithelial-cell-development-go_0002064/	1	1	10
2023-10-30	www.virtualflybrain.org	/term/ziz-fbgn0260486/	1	1	5
2023-10-31	bocian-jenkins.virtualflybrain.org	/	2	2	0
2023-10-31	buttermilk.inf.ed.ac.uk	/	1	1	6
2023-10-31	catmaid-fafb.virtualflybrain.org	/	1	1	0
2023-10-31	chive.inf.ed.ac.uk	/	1	1	29
2023-10-31	chive.inf.ed.ac.uk	/about/	1	1	16
2023-10-31	flybrain.inf.ed.ac.uk	/blog/2022/01/01/em-fafb-shiu-et-al.-2022-shiu2022/	1	1	3
2023-10-31	parsley.inf.ed.ac.uk	/	1	1	13
2023-10-31	virtualflybrain.org	/	4626	153	76236
2023-10-31	virtualflybrain.org	/docs/tutorials/apis/connectome/4_connectomics/	5	2	9
2023-10-31	www.virtualflybrain.org	/	30	25	125
2023-10-31	www.virtualflybrain.org	/about/	1	1	1
2023-10-31	www.virtualflybrain.org	/blog/2022/01/01/adult-brain-fru-clones-cachero2010-cachero2010/	2	1	37
2023-10-31	www.virtualflybrain.org	/blog/2022/01/01/ammc-local-and-projection-neurons-matsuo2016-matsuo2016/	1	1	6
2023-10-31	www.virtualflybrain.org	/blog/2022/01/01/fdg	3	1	35
2023-10-31	www.virtualflybrain.org	/blog/2022/01/01/pgawbnp2192-fbti0034680/	2	1	16
2023-10-31	www.virtualflybrain.org	/blog/2022/01/01/pgawbnp2212-expression-pattern-vfbexp_fbti0034699/	1	1	9
2023-10-31	www.virtualflybrain.org	/blog/2022/01/01/pgmr44f09-gal4-expression-pattern-vfbexp_fbtp0060374/	1	1	51
2023-10-31	www.virtualflybrain.org	/blog/2022/01/01/positive-regulation-of-endothelial-cell-apoptotic-process-go_2000353/	1	1	8
2023-10-31	www.virtualflybrain.org	/blog/2022/03/11/fix-for-problems-with-current-safari-release/	1	1	0
2023-10-31	www.virtualflybrain.org	/blog/releases/catmaid/	1	1	25
2023-10-31	www.virtualflybrain.org	/blog/releases/catmaid/fafb/	2	1	22
2023-10-31	www.virtualflybrain.org	/blog/releases/datasets/	1	1	7
2023-10-31	www.virtualflybrain.org	/docs/	4	3	49
2023-10-31	www.virtualflybrain.org	/docs/concepts/splits/	1	1	21
2023-10-31	www.virtualflybrain.org	/docs/concepts/templates/	1	1	13
2023-10-31	www.virtualflybrain.org	/docs/examples/circuit-diagram-of-the-mushroom-body/	2	2	28
2023-10-31	www.virtualflybrain.org	/docs/getting-started/3dviewer/	2	2	66
2023-10-31	www.virtualflybrain.org	/docs/getting-started/bulkdownloads/	1	1	15
2023-10-31	www.virtualflybrain.org	/docs/getting-started/circuitbrowser/	1	1	3
2023-10-31	www.virtualflybrain.org	/docs/getting-started/overview/	2	2	84
2023-10-31	www.virtualflybrain.org	/docs/getting-started/similarityscore/	1	1	1
2023-10-31	www.virtualflybrain.org	/docs/getting-started/sliceviewer/	1	1	107
2023-10-31	www.virtualflybrain.org	/docs/getting-started/termcontext/	1	1	0
2023-10-31	www.virtualflybrain.org	/docs/overview/	1	1	3
2023-10-31	www.virtualflybrain.org	/docs/tutorials/apis/1_datatypes/	3	1	52
2023-10-31	www.virtualflybrain.org	/docs/tutorials/apis/2_plotting/	1	1	48
2023-10-31	www.virtualflybrain.org	/docs/tutorials/apis/apiimagedownload/	2	2	49
2023-10-31	www.virtualflybrain.org	/docs/tutorials/apis/connectome/3_visualisation/	1	1	7
2023-10-31	www.virtualflybrain.org	/docs/tutorials/apis/connectome/tools/	1	1	2
2023-10-31	www.virtualflybrain.org	/search/	3	2	58
2023-10-31	www.virtualflybrain.org	/tags/cholinergic/	4	1	57
2023-10-31	www.virtualflybrain.org	/tags/dataset/	2	1	10
2023-10-31	www.virtualflybrain.org	/tags/nrrd/	2	1	13
2023-10-31	www.virtualflybrain.org	/term/bcap-signalosome-phosphorylates-pi45p2-forming-pi345p3-go_0035004/	1	1	3
2023-10-31	www.virtualflybrain.org	/term/dopaminergic-ppm2-neuron-fbbt_00100217/	1	1	22
2023-10-31	www.virtualflybrain.org	/term/immature-transmedullary-neuron-tm29-fbbt_00052328/	1	1	22
2023-10-31	www.virtualflybrain.org	/term/jrc_r24e09-gal4-in-the-adult-brain-vfb_00022692/	1	1	31
2023-10-31	www.virtualflybrain.org	/term/pgawbnp0938-expression-pattern-vfbexp_fbti0034053/	1	1	12
2023-10-31	www.virtualflybrain.org	/term/sdb-fbgn0050069/	1	1	12
2023-10-31	www.virtualflybrain.org	/term/ti2a-gal4tbh2a-gal4.ki-expression-pattern-vfbexp_fbti0210602/	1	1	9
2023-10-31	www.virtualflybrain.org	/term/vdrc_vt040358-gal4_mcfo_vnc_20171114_63_a6_40x-vfb_00101jln/	1	1	5
2023-10-31	www.virtualflybrain.org	/term/vdrc_vt043546_gal4_attp2_1-vfb_00043167/	1	1	9
2023-10-31	www.virtualflybrain.org	/term/vglut-f-700243-vfb_00011187/	1	1	1
2023-10-31	www.virtualflybrain.org	/term/vt040358-gal4-in-the-adult-vnc-dickson2017-vfb_00066606/	1	1	7
