date	hostName	event	seconds	eventCount
2026-10-01	v2.virtualflybrain.org	direct-geom:obj:fallback	1.5	1
2026-10-01	v2.virtualflybrain.org	direct-geom:obj:fallback	10.2	1
2026-10-01	v2.virtualflybrain.org	direct-geom:obj:fallback	11.3	2
2026-10-01	v2.virtualflybrain.org	direct-geom:obj:fallback	11.4	1
2026-10-01	v2.virtualflybrain.org	direct-geom:obj:fallback	11.6	1
2026-10-01	v2.virtualflybrain.org	direct-geom:obj:fallback	12.3	1
2026-10-01	v2.virtualflybrain.org	direct-geom:obj:fallback	12.4	1
2026-10-01	v2.virtualflybrain.org	direct-geom:obj:fallback	12.8	1
2026-10-01	v2.virtualflybrain.org	direct-geom:obj:fallback	12587.4	1
2026-10-01	v2.virtualflybrain.org	direct-geom:obj:fallback	13.5	1
2026-10-01	v2.virtualflybrain.org	direct-geom:obj:fallback	13.9	1
2026-10-01	v2.virtualflybrain.org	direct-geom:obj:fallback	14.1	1
2026-10-01	v2.virtualflybrain.org	direct-geom:obj:fallback	14.6	1
2026-10-01	v2.virtualflybrain.org	direct-geom:obj:fallback	14.9	2
2026-10-01	v2.virtualflybrain.org	direct-geom:obj:fallback	15.3	1
2026-10-01	v2.virtualflybrain.org	direct-geom:obj:fallback	16.1	1
2026-10-01	v2.virtualflybrain.org	direct-geom:obj:fallback	16.6	1
2026-10-01	v2.virtualflybrain.org	direct-geom:obj:fallback	16.7	1
2026-10-01	v2.virtualflybrain.org	direct-geom:obj:fallback	17.7	1
2026-10-01	v2.virtualflybrain.org	direct-geom:obj:fallback	17.9	1
2026-10-01	v2.virtualflybrain.org	direct-geom:obj:fallback	18.0	1
2026-10-01	v2.virtualflybrain.org	direct-geom:obj:fallback	19.5	1
2026-10-01	v2.virtualflybrain.org	direct-geom:obj:fallback	193.9	1
2026-10-01	v2.virtualflybrain.org	direct-geom:obj:fallback	195.3	1
2026-10-01	v2.virtualflybrain.org	direct-geom:obj:fallback	2.2	2
2026-10-01	v2.virtualflybrain.org	direct-geom:obj:fallback	2.4	2
2026-10-01	v2.virtualflybrain.org	direct-geom:obj:fallback	2.9	1
2026-10-01	v2.virtualflybrain.org	direct-geom:obj:fallback	20.1	1
2026-10-01	v2.virtualflybrain.org	direct-geom:obj:fallback	20.6	1
2026-10-01	v2.virtualflybrain.org	direct-geom:obj:fallback	21.0	1
2026-10-01	v2.virtualflybrain.org	direct-geom:obj:fallback	22.5	1
2026-10-01	v2.virtualflybrain.org	direct-geom:obj:fallback	23.5	1
2026-10-01	v2.virtualflybrain.org	direct-geom:obj:fallback	24.0	1
2026-10-01	v2.virtualflybrain.org	direct-geom:obj:fallback	24.3	1
2026-10-01	v2.virtualflybrain.org	direct-geom:obj:fallback	28.9	1
2026-10-01	v2.virtualflybrain.org	direct-geom:obj:fallback	3.0	1
2026-10-01	v2.virtualflybrain.org	direct-geom:obj:fallback	3.1	6
2026-10-01	v2.virtualflybrain.org	direct-geom:obj:fallback	3.2	15
2026-10-01	v2.virtualflybrain.org	direct-geom:obj:fallback	3.4	1
2026-10-01	v2.virtualflybrain.org	direct-geom:obj:fallback	3.5	1
2026-10-01	v2.virtualflybrain.org	direct-geom:obj:fallback	3.7	1
2026-10-01	v2.virtualflybrain.org	direct-geom:obj:fallback	35.6	1
2026-10-01	v2.virtualflybrain.org	direct-geom:obj:fallback	39.5	1
2026-10-01	v2.virtualflybrain.org	direct-geom:obj:fallback	4.1	1
2026-10-01	v2.virtualflybrain.org	direct-geom:obj:fallback	4.2	1
2026-10-01	v2.virtualflybrain.org	direct-geom:obj:fallback	4.8	1
2026-10-01	v2.virtualflybrain.org	direct-geom:obj:fallback	41.4	1
2026-10-01	v2.virtualflybrain.org	direct-geom:obj:fallback	43.9	1
2026-10-01	v2.virtualflybrain.org	direct-geom:obj:fallback	45.2	1
2026-10-01	v2.virtualflybrain.org	direct-geom:obj:fallback	46.1	1
2026-10-01	v2.virtualflybrain.org	direct-geom:obj:fallback	49.1	1
2026-10-01	v2.virtualflybrain.org	direct-geom:obj:fallback	5.2	1
2026-10-01	v2.virtualflybrain.org	direct-geom:obj:fallback	5.4	1
2026-10-01	v2.virtualflybrain.org	direct-geom:obj:fallback	5.7	1
2026-10-01	v2.virtualflybrain.org	direct-geom:obj:fallback	5.8	1
2026-10-01	v2.virtualflybrain.org	direct-geom:obj:fallback	5.9	2
2026-10-01	v2.virtualflybrain.org	direct-geom:obj:fallback	55.5	1
2026-10-01	v2.virtualflybrain.org	direct-geom:obj:fallback	55.6	13
2026-10-01	v2.virtualflybrain.org	direct-geom:obj:fallback	55.7	4
2026-10-01	v2.virtualflybrain.org	direct-geom:obj:fallback	55.8	2
2026-10-01	v2.virtualflybrain.org	direct-geom:obj:fallback	55.9	5
2026-10-01	v2.virtualflybrain.org	direct-geom:obj:fallback	56.5	3
2026-10-01	v2.virtualflybrain.org	direct-geom:obj:fallback	56.6	16
2026-10-01	v2.virtualflybrain.org	direct-geom:obj:fallback	56.7	7
2026-10-01	v2.virtualflybrain.org	direct-geom:obj:fallback	56.8	23
2026-10-01	v2.virtualflybrain.org	direct-geom:obj:fallback	56.9	16
2026-10-01	v2.virtualflybrain.org	direct-geom:obj:fallback	57.1	4
2026-10-01	v2.virtualflybrain.org	direct-geom:obj:fallback	57.2	22
2026-10-01	v2.virtualflybrain.org	direct-geom:obj:fallback	57.6	9
2026-10-01	v2.virtualflybrain.org	direct-geom:obj:fallback	57.8	6
2026-10-01	v2.virtualflybrain.org	direct-geom:obj:fallback	57.9	3
2026-10-01	v2.virtualflybrain.org	direct-geom:obj:fallback	58.1	1
2026-10-01	v2.virtualflybrain.org	direct-geom:obj:fallback	58.2	2
2026-10-01	v2.virtualflybrain.org	direct-geom:obj:fallback	58.3	1
2026-10-01	v2.virtualflybrain.org	direct-geom:obj:fallback	6.0	1
2026-10-01	v2.virtualflybrain.org	direct-geom:obj:fallback	6.2	1
2026-10-01	v2.virtualflybrain.org	direct-geom:obj:fallback	6.4	1
2026-10-01	v2.virtualflybrain.org	direct-geom:obj:fallback	6.7	1
2026-10-01	v2.virtualflybrain.org	direct-geom:obj:fallback	6.8	1
2026-10-01	v2.virtualflybrain.org	direct-geom:obj:fallback	6.9	1
2026-10-01	v2.virtualflybrain.org	direct-geom:obj:fallback	61.1	1
2026-10-01	v2.virtualflybrain.org	direct-geom:obj:fallback	69.2	1
2026-10-01	v2.virtualflybrain.org	direct-geom:obj:fallback	7.0	1
2026-10-01	v2.virtualflybrain.org	direct-geom:obj:fallback	7.1	1
2026-10-01	v2.virtualflybrain.org	direct-geom:obj:fallback	7.2	2
2026-10-01	v2.virtualflybrain.org	direct-geom:obj:fallback	7.5	1
2026-10-01	v2.virtualflybrain.org	direct-geom:obj:fallback	70.1	1
2026-10-01	v2.virtualflybrain.org	direct-geom:obj:fallback	8.0	1
2026-10-01	v2.virtualflybrain.org	direct-geom:obj:fallback	8.1	1
2026-10-01	v2.virtualflybrain.org	direct-geom:obj:fallback	8.3	2
2026-10-01	v2.virtualflybrain.org	direct-geom:obj:fallback	8.4	1
2026-10-01	v2.virtualflybrain.org	direct-geom:obj:fallback	8.7	2
2026-10-01	v2.virtualflybrain.org	direct-geom:obj:fallback	9.2	1
2026-10-01	v2.virtualflybrain.org	direct-geom:obj:fallback	9.5	1
2026-10-01	v2.virtualflybrain.org	direct-geom:obj:fallback	9.6	2
2026-10-01	v2.virtualflybrain.org	direct-geom:obj:ok	0.0	3
2026-10-01	v2.virtualflybrain.org	direct-geom:obj:ok	0.1	53
2026-10-01	v2.virtualflybrain.org	direct-geom:obj:ok	0.2	113
2026-10-01	v2.virtualflybrain.org	direct-geom:obj:ok	0.3	91
2026-10-01	v2.virtualflybrain.org	direct-geom:obj:ok	0.4	98
2026-10-01	v2.virtualflybrain.org	direct-geom:obj:ok	0.5	232
2026-10-01	v2.virtualflybrain.org	direct-geom:obj:ok	0.6	68
2026-10-01	v2.virtualflybrain.org	direct-geom:obj:ok	0.7	56
2026-10-01	v2.virtualflybrain.org	direct-geom:obj:ok	0.8	44
2026-10-01	v2.virtualflybrain.org	direct-geom:obj:ok	0.9	52
2026-10-01	v2.virtualflybrain.org	direct-geom:obj:ok	1.0	29
2026-10-01	v2.virtualflybrain.org	direct-geom:obj:ok	1.1	60
2026-10-01	v2.virtualflybrain.org	direct-geom:obj:ok	1.2	91
2026-10-01	v2.virtualflybrain.org	direct-geom:obj:ok	1.3	223
2026-10-01	v2.virtualflybrain.org	direct-geom:obj:ok	1.4	78
2026-10-01	v2.virtualflybrain.org	direct-geom:obj:ok	1.5	69
2026-10-01	v2.virtualflybrain.org	direct-geom:obj:ok	1.6	79
2026-10-01	v2.virtualflybrain.org	direct-geom:obj:ok	1.7	23
2026-10-01	v2.virtualflybrain.org	direct-geom:obj:ok	1.8	25
2026-10-01	v2.virtualflybrain.org	direct-geom:obj:ok	1.9	13
2026-10-01	v2.virtualflybrain.org	direct-geom:obj:ok	10.0	1
2026-10-01	v2.virtualflybrain.org	direct-geom:obj:ok	10.1	2
2026-10-01	v2.virtualflybrain.org	direct-geom:obj:ok	10.4	1
2026-10-01	v2.virtualflybrain.org	direct-geom:obj:ok	10.8	1
2026-10-01	v2.virtualflybrain.org	direct-geom:obj:ok	103.6	1
2026-10-01	v2.virtualflybrain.org	direct-geom:obj:ok	108.6	1
2026-10-01	v2.virtualflybrain.org	direct-geom:obj:ok	11.0	1
2026-10-01	v2.virtualflybrain.org	direct-geom:obj:ok	11.1	3
2026-10-01	v2.virtualflybrain.org	direct-geom:obj:ok	11.3	1
2026-10-01	v2.virtualflybrain.org	direct-geom:obj:ok	11.6	1
2026-10-01	v2.virtualflybrain.org	direct-geom:obj:ok	11.7	3
2026-10-01	v2.virtualflybrain.org	direct-geom:obj:ok	11.9	1
2026-10-01	v2.virtualflybrain.org	direct-geom:obj:ok	111.5	1
2026-10-01	v2.virtualflybrain.org	direct-geom:obj:ok	118.9	1
2026-10-01	v2.virtualflybrain.org	direct-geom:obj:ok	1191.9	1
2026-10-01	v2.virtualflybrain.org	direct-geom:obj:ok	12.0	1
2026-10-01	v2.virtualflybrain.org	direct-geom:obj:ok	12.1	1
2026-10-01	v2.virtualflybrain.org	direct-geom:obj:ok	12.3	1
2026-10-01	v2.virtualflybrain.org	direct-geom:obj:ok	12.4	1
2026-10-01	v2.virtualflybrain.org	direct-geom:obj:ok	12.6	4
2026-10-01	v2.virtualflybrain.org	direct-geom:obj:ok	12.7	1
2026-10-01	v2.virtualflybrain.org	direct-geom:obj:ok	12.9	1
2026-10-01	v2.virtualflybrain.org	direct-geom:obj:ok	129.7	1
2026-10-01	v2.virtualflybrain.org	direct-geom:obj:ok	13.2	1
2026-10-01	v2.virtualflybrain.org	direct-geom:obj:ok	13.4	2
2026-10-01	v2.virtualflybrain.org	direct-geom:obj:ok	13.5	1
2026-10-01	v2.virtualflybrain.org	direct-geom:obj:ok	13.6	1
2026-10-01	v2.virtualflybrain.org	direct-geom:obj:ok	13.9	1
2026-10-01	v2.virtualflybrain.org	direct-geom:obj:ok	136.5	1
2026-10-01	v2.virtualflybrain.org	direct-geom:obj:ok	14.0	1
2026-10-01	v2.virtualflybrain.org	direct-geom:obj:ok	14.1	3
2026-10-01	v2.virtualflybrain.org	direct-geom:obj:ok	14.2	1
2026-10-01	v2.virtualflybrain.org	direct-geom:obj:ok	14.8	1
2026-10-01	v2.virtualflybrain.org	direct-geom:obj:ok	15.0	1
2026-10-01	v2.virtualflybrain.org	direct-geom:obj:ok	15.1	1
2026-10-01	v2.virtualflybrain.org	direct-geom:obj:ok	15.2	1
2026-10-01	v2.virtualflybrain.org	direct-geom:obj:ok	15.5	1
2026-10-01	v2.virtualflybrain.org	direct-geom:obj:ok	15.6	1
2026-10-01	v2.virtualflybrain.org	direct-geom:obj:ok	15.7	1
2026-10-01	v2.virtualflybrain.org	direct-geom:obj:ok	16.0	1
2026-10-01	v2.virtualflybrain.org	direct-geom:obj:ok	16.1	1
2026-10-01	v2.virtualflybrain.org	direct-geom:obj:ok	16.2	1
2026-10-01	v2.virtualflybrain.org	direct-geom:obj:ok	16.3	3
2026-10-01	v2.virtualflybrain.org	direct-geom:obj:ok	16.4	1
2026-10-01	v2.virtualflybrain.org	direct-geom:obj:ok	16.5	2
2026-10-01	v2.virtualflybrain.org	direct-geom:obj:ok	17.0	1
2026-10-01	v2.virtualflybrain.org	direct-geom:obj:ok	17.1	1
2026-10-01	v2.virtualflybrain.org	direct-geom:obj:ok	17.8	1
2026-10-01	v2.virtualflybrain.org	direct-geom:obj:ok	170.4	1
2026-10-01	v2.virtualflybrain.org	direct-geom:obj:ok	172.8	1
2026-10-01	v2.virtualflybrain.org	direct-geom:obj:ok	18.1	1
2026-10-01	v2.virtualflybrain.org	direct-geom:obj:ok	18.2	1
2026-10-01	v2.virtualflybrain.org	direct-geom:obj:ok	18.4	1
2026-10-01	v2.virtualflybrain.org	direct-geom:obj:ok	18.6	1
2026-10-01	v2.virtualflybrain.org	direct-geom:obj:ok	18.7	1
2026-10-01	v2.virtualflybrain.org	direct-geom:obj:ok	18.8	1
2026-10-01	v2.virtualflybrain.org	direct-geom:obj:ok	19.3	2
2026-10-01	v2.virtualflybrain.org	direct-geom:obj:ok	198.7	1
2026-10-01	v2.virtualflybrain.org	direct-geom:obj:ok	2.0	17
2026-10-01	v2.virtualflybrain.org	direct-geom:obj:ok	2.1	18
2026-10-01	v2.virtualflybrain.org	direct-geom:obj:ok	2.2	22
2026-10-01	v2.virtualflybrain.org	direct-geom:obj:ok	2.3	20
2026-10-01	v2.virtualflybrain.org	direct-geom:obj:ok	2.4	16
2026-10-01	v2.virtualflybrain.org	direct-geom:obj:ok	2.5	13
2026-10-01	v2.virtualflybrain.org	direct-geom:obj:ok	2.6	18
2026-10-01	v2.virtualflybrain.org	direct-geom:obj:ok	2.7	16
2026-10-01	v2.virtualflybrain.org	direct-geom:obj:ok	2.8	10
2026-10-01	v2.virtualflybrain.org	direct-geom:obj:ok	2.9	11
2026-10-01	v2.virtualflybrain.org	direct-geom:obj:ok	20.3	1
2026-10-01	v2.virtualflybrain.org	direct-geom:obj:ok	20.4	1
2026-10-01	v2.virtualflybrain.org	direct-geom:obj:ok	20.5	2
2026-10-01	v2.virtualflybrain.org	direct-geom:obj:ok	21.1	1
2026-10-01	v2.virtualflybrain.org	direct-geom:obj:ok	21.2	1
2026-10-01	v2.virtualflybrain.org	direct-geom:obj:ok	22.5	1
2026-10-01	v2.virtualflybrain.org	direct-geom:obj:ok	22.6	1
2026-10-01	v2.virtualflybrain.org	direct-geom:obj:ok	23.3	1
2026-10-01	v2.virtualflybrain.org	direct-geom:obj:ok	23.5	1
2026-10-01	v2.virtualflybrain.org	direct-geom:obj:ok	23.8	2
2026-10-01	v2.virtualflybrain.org	direct-geom:obj:ok	24.8	1
2026-10-01	v2.virtualflybrain.org	direct-geom:obj:ok	25.4	1
2026-10-01	v2.virtualflybrain.org	direct-geom:obj:ok	26.2	1
2026-10-01	v2.virtualflybrain.org	direct-geom:obj:ok	26.3	1
2026-10-01	v2.virtualflybrain.org	direct-geom:obj:ok	26.8	1
2026-10-01	v2.virtualflybrain.org	direct-geom:obj:ok	26.9	1
2026-10-01	v2.virtualflybrain.org	direct-geom:obj:ok	272.6	1
2026-10-01	v2.virtualflybrain.org	direct-geom:obj:ok	28.0	1
2026-10-01	v2.virtualflybrain.org	direct-geom:obj:ok	282.0	1
2026-10-01	v2.virtualflybrain.org	direct-geom:obj:ok	29.0	1
2026-10-01	v2.virtualflybrain.org	direct-geom:obj:ok	29.2	1
2026-10-01	v2.virtualflybrain.org	direct-geom:obj:ok	291.6	1
2026-10-01	v2.virtualflybrain.org	direct-geom:obj:ok	3.0	14
2026-10-01	v2.virtualflybrain.org	direct-geom:obj:ok	3.1	11
2026-10-01	v2.virtualflybrain.org	direct-geom:obj:ok	3.2	19
2026-10-01	v2.virtualflybrain.org	direct-geom:obj:ok	3.3	13
2026-10-01	v2.virtualflybrain.org	direct-geom:obj:ok	3.4	17
2026-10-01	v2.virtualflybrain.org	direct-geom:obj:ok	3.5	8
2026-10-01	v2.virtualflybrain.org	direct-geom:obj:ok	3.6	9
2026-10-01	v2.virtualflybrain.org	direct-geom:obj:ok	3.7	8
2026-10-01	v2.virtualflybrain.org	direct-geom:obj:ok	3.8	9
2026-10-01	v2.virtualflybrain.org	direct-geom:obj:ok	3.9	12
2026-10-01	v2.virtualflybrain.org	direct-geom:obj:ok	30.7	1
2026-10-01	v2.virtualflybrain.org	direct-geom:obj:ok	30.9	1
2026-10-01	v2.virtualflybrain.org	direct-geom:obj:ok	31.7	2
2026-10-01	v2.virtualflybrain.org	direct-geom:obj:ok	34.9	1
2026-10-01	v2.virtualflybrain.org	direct-geom:obj:ok	340.5	1
2026-10-01	v2.virtualflybrain.org	direct-geom:obj:ok	36.0	1
2026-10-01	v2.virtualflybrain.org	direct-geom:obj:ok	36.1	1
2026-10-01	v2.virtualflybrain.org	direct-geom:obj:ok	36923.0	1
2026-10-01	v2.virtualflybrain.org	direct-geom:obj:ok	37.0	1
2026-10-01	v2.virtualflybrain.org	direct-geom:obj:ok	37.1	1
2026-10-01	v2.virtualflybrain.org	direct-geom:obj:ok	37.4	1
2026-10-01	v2.virtualflybrain.org	direct-geom:obj:ok	38.7	1
2026-10-01	v2.virtualflybrain.org	direct-geom:obj:ok	4.0	6
2026-10-01	v2.virtualflybrain.org	direct-geom:obj:ok	4.1	7
2026-10-01	v2.virtualflybrain.org	direct-geom:obj:ok	4.2	9
2026-10-01	v2.virtualflybrain.org	direct-geom:obj:ok	4.3	6
2026-10-01	v2.virtualflybrain.org	direct-geom:obj:ok	4.4	14
2026-10-01	v2.virtualflybrain.org	direct-geom:obj:ok	4.5	9
2026-10-01	v2.virtualflybrain.org	direct-geom:obj:ok	4.6	11
2026-10-01	v2.virtualflybrain.org	direct-geom:obj:ok	4.7	3
2026-10-01	v2.virtualflybrain.org	direct-geom:obj:ok	4.8	6
2026-10-01	v2.virtualflybrain.org	direct-geom:obj:ok	4.9	8
2026-10-01	v2.virtualflybrain.org	direct-geom:obj:ok	40.2	1
2026-10-01	v2.virtualflybrain.org	direct-geom:obj:ok	42.7	1
2026-10-01	v2.virtualflybrain.org	direct-geom:obj:ok	45.0	1
2026-10-01	v2.virtualflybrain.org	direct-geom:obj:ok	46.0	1
2026-10-01	v2.virtualflybrain.org	direct-geom:obj:ok	46.3	1
2026-10-01	v2.virtualflybrain.org	direct-geom:obj:ok	47.1	1
2026-10-01	v2.virtualflybrain.org	direct-geom:obj:ok	472.0	1
2026-10-01	v2.virtualflybrain.org	direct-geom:obj:ok	480.4	1
2026-10-01	v2.virtualflybrain.org	direct-geom:obj:ok	489.6	1
2026-10-01	v2.virtualflybrain.org	direct-geom:obj:ok	5.0	4
2026-10-01	v2.virtualflybrain.org	direct-geom:obj:ok	5.1	4
2026-10-01	v2.virtualflybrain.org	direct-geom:obj:ok	5.2	4
2026-10-01	v2.virtualflybrain.org	direct-geom:obj:ok	5.3	5
2026-10-01	v2.virtualflybrain.org	direct-geom:obj:ok	5.4	8
2026-10-01	v2.virtualflybrain.org	direct-geom:obj:ok	5.5	4
2026-10-01	v2.virtualflybrain.org	direct-geom:obj:ok	5.6	4
2026-10-01	v2.virtualflybrain.org	direct-geom:obj:ok	5.7	3
2026-10-01	v2.virtualflybrain.org	direct-geom:obj:ok	5.8	5
2026-10-01	v2.virtualflybrain.org	direct-geom:obj:ok	5.9	1
2026-10-01	v2.virtualflybrain.org	direct-geom:obj:ok	51.6	1
2026-10-01	v2.virtualflybrain.org	direct-geom:obj:ok	517.4	1
2026-10-01	v2.virtualflybrain.org	direct-geom:obj:ok	53.3	4
2026-10-01	v2.virtualflybrain.org	direct-geom:obj:ok	53.4	3
2026-10-01	v2.virtualflybrain.org	direct-geom:obj:ok	53.6	2
2026-10-01	v2.virtualflybrain.org	direct-geom:obj:ok	53.9	6
2026-10-01	v2.virtualflybrain.org	direct-geom:obj:ok	54.1	1
2026-10-01	v2.virtualflybrain.org	direct-geom:obj:ok	54.2	8
2026-10-01	v2.virtualflybrain.org	direct-geom:obj:ok	54.3	15
2026-10-01	v2.virtualflybrain.org	direct-geom:obj:ok	54.4	101
2026-10-01	v2.virtualflybrain.org	direct-geom:obj:ok	54.5	169
2026-10-01	v2.virtualflybrain.org	direct-geom:obj:ok	54.6	13
2026-10-01	v2.virtualflybrain.org	direct-geom:obj:ok	54.7	4
2026-10-01	v2.virtualflybrain.org	direct-geom:obj:ok	54.8	7
2026-10-01	v2.virtualflybrain.org	direct-geom:obj:ok	54.9	10
2026-10-01	v2.virtualflybrain.org	direct-geom:obj:ok	55.0	24
2026-10-01	v2.virtualflybrain.org	direct-geom:obj:ok	55.1	39
2026-10-01	v2.virtualflybrain.org	direct-geom:obj:ok	55.2	2
2026-10-01	v2.virtualflybrain.org	direct-geom:obj:ok	55.3	3
2026-10-01	v2.virtualflybrain.org	direct-geom:obj:ok	55.4	18
2026-10-01	v2.virtualflybrain.org	direct-geom:obj:ok	55.5	37
2026-10-01	v2.virtualflybrain.org	direct-geom:obj:ok	55.6	1
2026-10-01	v2.virtualflybrain.org	direct-geom:obj:ok	55.7	1
2026-10-01	v2.virtualflybrain.org	direct-geom:obj:ok	55.8	1
2026-10-01	v2.virtualflybrain.org	direct-geom:obj:ok	55.9	2
2026-10-01	v2.virtualflybrain.org	direct-geom:obj:ok	56.0	5
2026-10-01	v2.virtualflybrain.org	direct-geom:obj:ok	56.1	2
2026-10-01	v2.virtualflybrain.org	direct-geom:obj:ok	56.3	1
2026-10-01	v2.virtualflybrain.org	direct-geom:obj:ok	56.4	1
2026-10-01	v2.virtualflybrain.org	direct-geom:obj:ok	59.0	1
2026-10-01	v2.virtualflybrain.org	direct-geom:obj:ok	6.0	4
2026-10-01	v2.virtualflybrain.org	direct-geom:obj:ok	6.1	4
2026-10-01	v2.virtualflybrain.org	direct-geom:obj:ok	6.2	8
2026-10-01	v2.virtualflybrain.org	direct-geom:obj:ok	6.3	6
2026-10-01	v2.virtualflybrain.org	direct-geom:obj:ok	6.4	2
2026-10-01	v2.virtualflybrain.org	direct-geom:obj:ok	6.5	3
2026-10-01	v2.virtualflybrain.org	direct-geom:obj:ok	6.6	3
2026-10-01	v2.virtualflybrain.org	direct-geom:obj:ok	6.7	2
2026-10-01	v2.virtualflybrain.org	direct-geom:obj:ok	6.8	5
2026-10-01	v2.virtualflybrain.org	direct-geom:obj:ok	6.9	3
2026-10-01	v2.virtualflybrain.org	direct-geom:obj:ok	638.4	1
2026-10-01	v2.virtualflybrain.org	direct-geom:obj:ok	67.1	1
2026-10-01	v2.virtualflybrain.org	direct-geom:obj:ok	69.2	1
2026-10-01	v2.virtualflybrain.org	direct-geom:obj:ok	7.0	1
2026-10-01	v2.virtualflybrain.org	direct-geom:obj:ok	7.1	3
2026-10-01	v2.virtualflybrain.org	direct-geom:obj:ok	7.2	3
2026-10-01	v2.virtualflybrain.org	direct-geom:obj:ok	7.3	3
2026-10-01	v2.virtualflybrain.org	direct-geom:obj:ok	7.4	1
2026-10-01	v2.virtualflybrain.org	direct-geom:obj:ok	7.5	1
2026-10-01	v2.virtualflybrain.org	direct-geom:obj:ok	7.6	2
2026-10-01	v2.virtualflybrain.org	direct-geom:obj:ok	7.7	2
2026-10-01	v2.virtualflybrain.org	direct-geom:obj:ok	7.8	1
2026-10-01	v2.virtualflybrain.org	direct-geom:obj:ok	7.9	1
2026-10-01	v2.virtualflybrain.org	direct-geom:obj:ok	74.8	1
2026-10-01	v2.virtualflybrain.org	direct-geom:obj:ok	75.3	1
2026-10-01	v2.virtualflybrain.org	direct-geom:obj:ok	76.0	1
2026-10-01	v2.virtualflybrain.org	direct-geom:obj:ok	77.5	1
2026-10-01	v2.virtualflybrain.org	direct-geom:obj:ok	8.0	1
2026-10-01	v2.virtualflybrain.org	direct-geom:obj:ok	8.1	4
2026-10-01	v2.virtualflybrain.org	direct-geom:obj:ok	8.3	3
2026-10-01	v2.virtualflybrain.org	direct-geom:obj:ok	8.4	1
2026-10-01	v2.virtualflybrain.org	direct-geom:obj:ok	8.6	1
2026-10-01	v2.virtualflybrain.org	direct-geom:obj:ok	8.7	2
2026-10-01	v2.virtualflybrain.org	direct-geom:obj:ok	8.8	2
2026-10-01	v2.virtualflybrain.org	direct-geom:obj:ok	844.5	1
2026-10-01	v2.virtualflybrain.org	direct-geom:obj:ok	9.0	3
2026-10-01	v2.virtualflybrain.org	direct-geom:obj:ok	9.1	3
2026-10-01	v2.virtualflybrain.org	direct-geom:obj:ok	9.2	3
2026-10-01	v2.virtualflybrain.org	direct-geom:obj:ok	9.4	1
2026-10-01	v2.virtualflybrain.org	direct-geom:obj:ok	9.5	1
2026-10-01	v2.virtualflybrain.org	direct-geom:obj:ok	9.6	1
2026-10-01	v2.virtualflybrain.org	direct-geom:obj:ok	9.9	2
2026-10-01	v2.virtualflybrain.org	direct-geom:obj:ok	93.7	1
2026-10-01	v2.virtualflybrain.org	direct-geom:obj:ok	96173.4	1
2026-10-01	v2.virtualflybrain.org	direct-geom:obj:ok	98.5	1
2026-10-01	v2.virtualflybrain.org	direct-geom:obj:ok	99.0	1
2026-10-01	v2.virtualflybrain.org	direct-geom:swc:ok	1.3	2
2026-10-01	v2.virtualflybrain.org	direct-geom:swc:ok	1.4	1
2026-10-01	v2.virtualflybrain.org	direct-geom:swc:ok	2.1	1
2026-10-01	v2.virtualflybrain.org	direct-geom:swc:ok	2.2	3
2026-10-01	v2.virtualflybrain.org	direct-geom:swc:ok	2.3	1
2026-10-01	v2.virtualflybrain.org	direct-geom:swc:ok	2.6	1
2026-10-01	v2.virtualflybrain.org	direct-geom:swc:ok	2.9	1
2026-10-01	v2.virtualflybrain.org	direct-query:count:ok	0.0	1
2026-10-01	v2.virtualflybrain.org	direct-query:count:ok	0.3	2
2026-10-01	v2.virtualflybrain.org	direct-query:count:ok	0.4	3
2026-10-01	v2.virtualflybrain.org	direct-query:count:ok	0.6	3
2026-10-01	v2.virtualflybrain.org	direct-query:count:ok	0.7	2
2026-10-01	v2.virtualflybrain.org	direct-query:count:ok	0.8	1
2026-10-01	v2.virtualflybrain.org	direct-query:count:ok	0.9	2
2026-10-01	v2.virtualflybrain.org	direct-query:count:ok	1.1	1
2026-10-01	v2.virtualflybrain.org	direct-query:count:ok	1.2	1
2026-10-01	v2.virtualflybrain.org	direct-query:count:ok	1.6	1
2026-10-01	v2.virtualflybrain.org	direct-query:run:fallback	731.4	1
2026-10-01	v2.virtualflybrain.org	direct-query:run:ok	0.0	1
2026-10-01	v2.virtualflybrain.org	direct-query:run:ok	0.1	7
2026-10-01	v2.virtualflybrain.org	direct-query:run:ok	0.2	23
2026-10-01	v2.virtualflybrain.org	direct-query:run:ok	0.3	12
2026-10-01	v2.virtualflybrain.org	direct-query:run:ok	0.4	8
2026-10-01	v2.virtualflybrain.org	direct-query:run:ok	0.5	7
2026-10-01	v2.virtualflybrain.org	direct-query:run:ok	0.6	11
2026-10-01	v2.virtualflybrain.org	direct-query:run:ok	0.7	17
2026-10-01	v2.virtualflybrain.org	direct-query:run:ok	0.8	16
2026-10-01	v2.virtualflybrain.org	direct-query:run:ok	0.9	20
2026-10-01	v2.virtualflybrain.org	direct-query:run:ok	1.0	13
2026-10-01	v2.virtualflybrain.org	direct-query:run:ok	1.1	11
2026-10-01	v2.virtualflybrain.org	direct-query:run:ok	1.2	7
2026-10-01	v2.virtualflybrain.org	direct-query:run:ok	1.3	1
2026-10-01	v2.virtualflybrain.org	direct-query:run:ok	1.4	2
2026-10-01	v2.virtualflybrain.org	direct-query:run:ok	1.5	1
2026-10-01	v2.virtualflybrain.org	direct-query:run:ok	1.6	3
2026-10-01	v2.virtualflybrain.org	direct-query:run:ok	1.7	1
2026-10-01	v2.virtualflybrain.org	direct-query:run:ok	1.8	2
2026-10-01	v2.virtualflybrain.org	direct-query:run:ok	1.9	1
2026-10-01	v2.virtualflybrain.org	direct-query:run:ok	10.2	2
2026-10-01	v2.virtualflybrain.org	direct-query:run:ok	11.2	1
2026-10-01	v2.virtualflybrain.org	direct-query:run:ok	12.1	1
2026-10-01	v2.virtualflybrain.org	direct-query:run:ok	13.0	1
2026-10-01	v2.virtualflybrain.org	direct-query:run:ok	13.2	1
2026-10-01	v2.virtualflybrain.org	direct-query:run:ok	14.2	1
2026-10-01	v2.virtualflybrain.org	direct-query:run:ok	16.7	1
2026-10-01	v2.virtualflybrain.org	direct-query:run:ok	18.5	1
2026-10-01	v2.virtualflybrain.org	direct-query:run:ok	2.0	2
2026-10-01	v2.virtualflybrain.org	direct-query:run:ok	2.1	1
2026-10-01	v2.virtualflybrain.org	direct-query:run:ok	2.2	2
2026-10-01	v2.virtualflybrain.org	direct-query:run:ok	2.3	3
2026-10-01	v2.virtualflybrain.org	direct-query:run:ok	2.4	2
2026-10-01	v2.virtualflybrain.org	direct-query:run:ok	2.6	1
2026-10-01	v2.virtualflybrain.org	direct-query:run:ok	2.7	1
2026-10-01	v2.virtualflybrain.org	direct-query:run:ok	23.9	1
2026-10-01	v2.virtualflybrain.org	direct-query:run:ok	26.0	1
2026-10-01	v2.virtualflybrain.org	direct-query:run:ok	270.9	1
2026-10-01	v2.virtualflybrain.org	direct-query:run:ok	3.0	1
2026-10-01	v2.virtualflybrain.org	direct-query:run:ok	3.1	1
2026-10-01	v2.virtualflybrain.org	direct-query:run:ok	3.2	1
2026-10-01	v2.virtualflybrain.org	direct-query:run:ok	3.4	1
2026-10-01	v2.virtualflybrain.org	direct-query:run:ok	30.9	1
2026-10-01	v2.virtualflybrain.org	direct-query:run:ok	38.9	1
2026-10-01	v2.virtualflybrain.org	direct-query:run:ok	4.3	1
2026-10-01	v2.virtualflybrain.org	direct-query:run:ok	4.5	1
2026-10-01	v2.virtualflybrain.org	direct-query:run:ok	5.1	1
2026-10-01	v2.virtualflybrain.org	direct-query:run:ok	5.2	2
2026-10-01	v2.virtualflybrain.org	direct-query:run:ok	5.3	1
2026-10-01	v2.virtualflybrain.org	direct-query:run:ok	5.5	1
2026-10-01	v2.virtualflybrain.org	direct-query:run:ok	5.7	1
2026-10-01	v2.virtualflybrain.org	direct-query:run:ok	5.9	1
2026-10-01	v2.virtualflybrain.org	direct-query:run:ok	6.0	1
2026-10-01	v2.virtualflybrain.org	direct-query:run:ok	6.1	1
2026-10-01	v2.virtualflybrain.org	direct-query:run:ok	6.2	4
2026-10-01	v2.virtualflybrain.org	direct-query:run:ok	6.3	2
2026-10-01	v2.virtualflybrain.org	direct-query:run:ok	6.6	2
2026-10-01	v2.virtualflybrain.org	direct-query:run:ok	6.7	1
2026-10-01	v2.virtualflybrain.org	direct-query:run:ok	6.9	2
2026-10-01	v2.virtualflybrain.org	direct-query:run:ok	7.0	2
2026-10-01	v2.virtualflybrain.org	direct-query:run:ok	7.1	1
2026-10-01	v2.virtualflybrain.org	direct-query:run:ok	7.3	5
2026-10-01	v2.virtualflybrain.org	direct-query:run:ok	7.6	4
2026-10-01	v2.virtualflybrain.org	direct-query:run:ok	7.9	2
2026-10-01	v2.virtualflybrain.org	direct-query:run:ok	79.9	1
2026-10-01	v2.virtualflybrain.org	direct-query:run:ok	8.0	1
2026-10-01	v2.virtualflybrain.org	direct-query:run:ok	8.3	2
2026-10-01	v2.virtualflybrain.org	direct-query:run:ok	8.4	1
2026-10-01	v2.virtualflybrain.org	direct-query:run:ok	8.5	1
2026-10-01	v2.virtualflybrain.org	direct-query:run:ok	8.9	2
2026-10-01	v2.virtualflybrain.org	direct-query:run:ok	87.3	1
2026-10-01	v2.virtualflybrain.org	direct-query:run:ok	9.0	1
2026-10-01	v2.virtualflybrain.org	direct-query:run:ok	9.4	3
2026-10-01	v2.virtualflybrain.org	direct-query:run:ok	9.9	1
2026-10-01	v2.virtualflybrain.org	direct-terminfo:fallback	0.1	2
2026-10-01	v2.virtualflybrain.org	direct-terminfo:fallback	0.2	1
2026-10-01	v2.virtualflybrain.org	direct-terminfo:fallback	0.6	1
2026-10-01	v2.virtualflybrain.org	direct-terminfo:fallback	1.6	1
2026-10-01	v2.virtualflybrain.org	direct-terminfo:fallback	2.7	1
2026-10-01	v2.virtualflybrain.org	direct-terminfo:fallback	4.8	1
2026-10-01	v2.virtualflybrain.org	direct-terminfo:fallback	56.4	28
2026-10-01	v2.virtualflybrain.org	direct-terminfo:fallback	56.9	1
2026-10-01	v2.virtualflybrain.org	direct-terminfo:fallback	57.4	60
2026-10-01	v2.virtualflybrain.org	direct-terminfo:fallback	58.4	17
2026-10-01	v2.virtualflybrain.org	direct-terminfo:fallback	58.9	1
2026-10-01	v2.virtualflybrain.org	direct-terminfo:fallback	7.4	1
2026-10-01	v2.virtualflybrain.org	direct-terminfo:ok	0.0	20
2026-10-01	v2.virtualflybrain.org	direct-terminfo:ok	0.1	478
2026-10-01	v2.virtualflybrain.org	direct-terminfo:ok	0.2	549
2026-10-01	v2.virtualflybrain.org	direct-terminfo:ok	0.3	537
2026-10-01	v2.virtualflybrain.org	direct-terminfo:ok	0.4	424
2026-10-01	v2.virtualflybrain.org	direct-terminfo:ok	0.5	1210
2026-10-01	v2.virtualflybrain.org	direct-terminfo:ok	0.6	368
2026-10-01	v2.virtualflybrain.org	direct-terminfo:ok	0.7	239
2026-10-01	v2.virtualflybrain.org	direct-terminfo:ok	0.8	195
2026-10-01	v2.virtualflybrain.org	direct-terminfo:ok	0.9	69
2026-10-01	v2.virtualflybrain.org	direct-terminfo:ok	1.0	87
2026-10-01	v2.virtualflybrain.org	direct-terminfo:ok	1.1	48
2026-10-01	v2.virtualflybrain.org	direct-terminfo:ok	1.2	27
2026-10-01	v2.virtualflybrain.org	direct-terminfo:ok	1.3	21
2026-10-01	v2.virtualflybrain.org	direct-terminfo:ok	1.4	20
2026-10-01	v2.virtualflybrain.org	direct-terminfo:ok	1.5	19
2026-10-01	v2.virtualflybrain.org	direct-terminfo:ok	1.6	20
2026-10-01	v2.virtualflybrain.org	direct-terminfo:ok	1.7	10
2026-10-01	v2.virtualflybrain.org	direct-terminfo:ok	1.8	9
2026-10-01	v2.virtualflybrain.org	direct-terminfo:ok	1.9	14
2026-10-01	v2.virtualflybrain.org	direct-terminfo:ok	10.0	2
2026-10-01	v2.virtualflybrain.org	direct-terminfo:ok	10.3	1
2026-10-01	v2.virtualflybrain.org	direct-terminfo:ok	11.0	1
2026-10-01	v2.virtualflybrain.org	direct-terminfo:ok	11.4	2
2026-10-01	v2.virtualflybrain.org	direct-terminfo:ok	12.7	1
2026-10-01	v2.virtualflybrain.org	direct-terminfo:ok	16.4	2
2026-10-01	v2.virtualflybrain.org	direct-terminfo:ok	1680.2	1
2026-10-01	v2.virtualflybrain.org	direct-terminfo:ok	1680.4	1
2026-10-01	v2.virtualflybrain.org	direct-terminfo:ok	2.0	6
2026-10-01	v2.virtualflybrain.org	direct-terminfo:ok	2.1	3
2026-10-01	v2.virtualflybrain.org	direct-terminfo:ok	2.2	5
2026-10-01	v2.virtualflybrain.org	direct-terminfo:ok	2.3	5
2026-10-01	v2.virtualflybrain.org	direct-terminfo:ok	2.4	3
2026-10-01	v2.virtualflybrain.org	direct-terminfo:ok	2.5	3
2026-10-01	v2.virtualflybrain.org	direct-terminfo:ok	2.6	2
2026-10-01	v2.virtualflybrain.org	direct-terminfo:ok	2.7	3
2026-10-01	v2.virtualflybrain.org	direct-terminfo:ok	2.8	4
2026-10-01	v2.virtualflybrain.org	direct-terminfo:ok	20.0	1
2026-10-01	v2.virtualflybrain.org	direct-terminfo:ok	20.5	1
2026-10-01	v2.virtualflybrain.org	direct-terminfo:ok	21.8	2
2026-10-01	v2.virtualflybrain.org	direct-terminfo:ok	3.0	5
2026-10-01	v2.virtualflybrain.org	direct-terminfo:ok	3.1	2
2026-10-01	v2.virtualflybrain.org	direct-terminfo:ok	3.2	2
2026-10-01	v2.virtualflybrain.org	direct-terminfo:ok	3.3	1
2026-10-01	v2.virtualflybrain.org	direct-terminfo:ok	3.4	1
2026-10-01	v2.virtualflybrain.org	direct-terminfo:ok	3.6	3
2026-10-01	v2.virtualflybrain.org	direct-terminfo:ok	3.7	1
2026-10-01	v2.virtualflybrain.org	direct-terminfo:ok	3.8	1
2026-10-01	v2.virtualflybrain.org	direct-terminfo:ok	31.0	1
2026-10-01	v2.virtualflybrain.org	direct-terminfo:ok	36.7	1
2026-10-01	v2.virtualflybrain.org	direct-terminfo:ok	37.1	3
2026-10-01	v2.virtualflybrain.org	direct-terminfo:ok	4.1	2
2026-10-01	v2.virtualflybrain.org	direct-terminfo:ok	4.6	1
2026-10-01	v2.virtualflybrain.org	direct-terminfo:ok	4.7	1
2026-10-01	v2.virtualflybrain.org	direct-terminfo:ok	47.3	1
2026-10-01	v2.virtualflybrain.org	direct-terminfo:ok	5.0	1
2026-10-01	v2.virtualflybrain.org	direct-terminfo:ok	5.3	1
2026-10-01	v2.virtualflybrain.org	direct-terminfo:ok	5.5	1
2026-10-01	v2.virtualflybrain.org	direct-terminfo:ok	52.2	1
2026-10-01	v2.virtualflybrain.org	direct-terminfo:ok	52.6	2
2026-10-01	v2.virtualflybrain.org	direct-terminfo:ok	53.1	2
2026-10-01	v2.virtualflybrain.org	direct-terminfo:ok	53.2	2
2026-10-01	v2.virtualflybrain.org	direct-terminfo:ok	53.3	4
2026-10-01	v2.virtualflybrain.org	direct-terminfo:ok	53.5	8
2026-10-01	v2.virtualflybrain.org	direct-terminfo:ok	53.6	11
2026-10-01	v2.virtualflybrain.org	direct-terminfo:ok	53.8	1
2026-10-01	v2.virtualflybrain.org	direct-terminfo:ok	53.9	35
2026-10-01	v2.virtualflybrain.org	direct-terminfo:ok	54.0	27
2026-10-01	v2.virtualflybrain.org	direct-terminfo:ok	54.1	3
2026-10-01	v2.virtualflybrain.org	direct-terminfo:ok	54.2	66
2026-10-01	v2.virtualflybrain.org	direct-terminfo:ok	54.3	165
2026-10-01	v2.virtualflybrain.org	direct-terminfo:ok	54.5	3
2026-10-01	v2.virtualflybrain.org	direct-terminfo:ok	54.8	2
2026-10-01	v2.virtualflybrain.org	direct-terminfo:ok	54.9	41
2026-10-01	v2.virtualflybrain.org	direct-terminfo:ok	5447.7	2
2026-10-01	v2.virtualflybrain.org	direct-terminfo:ok	5447.9	1
2026-10-01	v2.virtualflybrain.org	direct-terminfo:ok	55.0	16
2026-10-01	v2.virtualflybrain.org	direct-terminfo:ok	55.1	10
2026-10-01	v2.virtualflybrain.org	direct-terminfo:ok	55.2	22
2026-10-01	v2.virtualflybrain.org	direct-terminfo:ok	55.3	27
2026-10-01	v2.virtualflybrain.org	direct-terminfo:ok	55.4	6
2026-10-01	v2.virtualflybrain.org	direct-terminfo:ok	6.2	2
2026-10-01	v2.virtualflybrain.org	direct-terminfo:ok	6.5	2
2026-10-01	v2.virtualflybrain.org	direct-terminfo:ok	6.6	1
2026-10-01	v2.virtualflybrain.org	direct-terminfo:ok	6.9	1
2026-10-01	v2.virtualflybrain.org	direct-terminfo:ok	8.6	1
2026-10-01	v2.virtualflybrain.org	direct-terminfo:ok	8.8	1
2026-10-01	v2.virtualflybrain.org	direct-terminfo:ok	81.0	1
2026-10-01	v2.virtualflybrain.org	direct-terminfo:ok	9.4	2
2026-10-01	v2.virtualflybrain.org	direct-terminfo:ok	9.8	1
2026-10-01	v2.virtualflybrain.org	direct-terminfo:ok	9.9	1
2026-10-01	v2.virtualflybrain.org	query-run:single:aligneddatasets	0.1	3
2026-10-01	v2.virtualflybrain.org	query-run:single:aligneddatasets	0.2	3
2026-10-01	v2.virtualflybrain.org	query-run:single:aligneddatasets	0.3	3
2026-10-01	v2.virtualflybrain.org	query-run:single:aligneddatasets	0.4	1
2026-10-01	v2.virtualflybrain.org	query-run:single:aligneddatasets	0.5	1
2026-10-01	v2.virtualflybrain.org	query-run:single:aligneddatasets	0.7	2
2026-10-01	v2.virtualflybrain.org	query-run:single:aligneddatasets	0.8	1
2026-10-01	v2.virtualflybrain.org	query-run:single:aligneddatasets	0.9	1
2026-10-01	v2.virtualflybrain.org	query-run:single:aligneddatasets	2.2	1
2026-10-01	v2.virtualflybrain.org	query-run:single:allalignedimages	0.2	1
2026-10-01	v2.virtualflybrain.org	query-run:single:allalignedimages	0.6	1
2026-10-01	v2.virtualflybrain.org	query-run:single:allalignedimages	0.7	4
2026-10-01	v2.virtualflybrain.org	query-run:single:allalignedimages	0.8	15
2026-10-01	v2.virtualflybrain.org	query-run:single:allalignedimages	0.9	13
2026-10-01	v2.virtualflybrain.org	query-run:single:allalignedimages	1.0	16
2026-10-01	v2.virtualflybrain.org	query-run:single:allalignedimages	1.1	4
2026-10-01	v2.virtualflybrain.org	query-run:single:allalignedimages	1.2	10
2026-10-01	v2.virtualflybrain.org	query-run:single:allalignedimages	1.4	2
2026-10-01	v2.virtualflybrain.org	query-run:single:allalignedimages	1.5	1
2026-10-01	v2.virtualflybrain.org	query-run:single:allalignedimages	1.6	1
2026-10-01	v2.virtualflybrain.org	query-run:single:allalignedimages	1.8	2
2026-10-01	v2.virtualflybrain.org	query-run:single:allalignedimages	1.9	1
2026-10-01	v2.virtualflybrain.org	query-run:single:allalignedimages	11.0	1
2026-10-01	v2.virtualflybrain.org	query-run:single:allalignedimages	13.0	1
2026-10-01	v2.virtualflybrain.org	query-run:single:allalignedimages	14.0	1
2026-10-01	v2.virtualflybrain.org	query-run:single:allalignedimages	19.0	1
2026-10-01	v2.virtualflybrain.org	query-run:single:allalignedimages	2.1	1
2026-10-01	v2.virtualflybrain.org	query-run:single:allalignedimages	2.4	3
2026-10-01	v2.virtualflybrain.org	query-run:single:allalignedimages	3.6	1
2026-10-01	v2.virtualflybrain.org	query-run:single:allalignedimages	31.0	1
2026-10-01	v2.virtualflybrain.org	query-run:single:allalignedimages	39.0	1
2026-10-01	v2.virtualflybrain.org	query-run:single:allalignedimages	4.4	1
2026-10-01	v2.virtualflybrain.org	query-run:single:allalignedimages	4.5	1
2026-10-01	v2.virtualflybrain.org	query-run:single:allalignedimages	5.1	1
2026-10-01	v2.virtualflybrain.org	query-run:single:allalignedimages	5.2	2
2026-10-01	v2.virtualflybrain.org	query-run:single:allalignedimages	5.5	1
2026-10-01	v2.virtualflybrain.org	query-run:single:allalignedimages	5.8	1
2026-10-01	v2.virtualflybrain.org	query-run:single:allalignedimages	5.9	1
2026-10-01	v2.virtualflybrain.org	query-run:single:allalignedimages	6.1	1
2026-10-01	v2.virtualflybrain.org	query-run:single:allalignedimages	6.2	3
2026-10-01	v2.virtualflybrain.org	query-run:single:allalignedimages	7.1	1
2026-10-01	v2.virtualflybrain.org	query-run:single:allalignedimages	7.6	1
2026-10-01	v2.virtualflybrain.org	query-run:single:allalignedimages	8.0	1
2026-10-01	v2.virtualflybrain.org	query-run:single:allalignedimages	8.5	1
2026-10-01	v2.virtualflybrain.org	query-run:single:allalignedimages	8.6	1
2026-10-01	v2.virtualflybrain.org	query-run:single:allalignedimages	8.9	2
2026-10-01	v2.virtualflybrain.org	query-run:single:allalignedimages	9.0	1
2026-10-01	v2.virtualflybrain.org	query-run:single:allalignedimages	9.4	2
2026-10-01	v2.virtualflybrain.org	query-run:single:alldatasets	0.1	1
2026-10-01	v2.virtualflybrain.org	query-run:single:alldatasets	0.2	2
2026-10-01	v2.virtualflybrain.org	query-run:single:alldatasets	0.5	1
2026-10-01	v2.virtualflybrain.org	query-run:single:alldatasets	0.7	1
2026-10-01	v2.virtualflybrain.org	query-run:single:anatomyexpressedin	0.2	1
2026-10-01	v2.virtualflybrain.org	query-run:single:anatscrnaseqquery	0.6	1
2026-10-01	v2.virtualflybrain.org	query-run:single:datasetimages	10.0	1
2026-10-01	v2.virtualflybrain.org	query-run:single:datasetimages	5.6	1
2026-10-01	v2.virtualflybrain.org	query-run:single:findstocks	0.6	1
2026-10-01	v2.virtualflybrain.org	query-run:single:imagesneurons	0.5	1
2026-10-01	v2.virtualflybrain.org	query-run:single:imagesneurons	0.6	1
2026-10-01	v2.virtualflybrain.org	query-run:single:imagesneurons	0.9	2
2026-10-01	v2.virtualflybrain.org	query-run:single:imagesneurons	1.1	1
2026-10-01	v2.virtualflybrain.org	query-run:single:imagesneurons	1.2	1
2026-10-01	v2.virtualflybrain.org	query-run:single:imagesneurons	10.0	1
2026-10-01	v2.virtualflybrain.org	query-run:single:imagesneurons	2.0	1
2026-10-01	v2.virtualflybrain.org	query-run:single:imagesneurons	2.1	1
2026-10-01	v2.virtualflybrain.org	query-run:single:imagesneurons	6.3	3
2026-10-01	v2.virtualflybrain.org	query-run:single:imagesneurons	6.6	2
2026-10-01	v2.virtualflybrain.org	query-run:single:imagesneurons	6.7	1
2026-10-01	v2.virtualflybrain.org	query-run:single:imagesneurons	6.9	2
2026-10-01	v2.virtualflybrain.org	query-run:single:imagesneurons	7.3	5
2026-10-01	v2.virtualflybrain.org	query-run:single:imagesneurons	7.6	2
2026-10-01	v2.virtualflybrain.org	query-run:single:imagesneurons	7.7	2
2026-10-01	v2.virtualflybrain.org	query-run:single:imagesneurons	8.4	3
2026-10-01	v2.virtualflybrain.org	query-run:single:imagesneurons	8.6	2
2026-10-01	v2.virtualflybrain.org	query-run:single:neuronsparthere	0.2	1
2026-10-01	v2.virtualflybrain.org	query-run:single:neuronsparthere	0.7	1
2026-10-01	v2.virtualflybrain.org	query-run:single:neuronsparthere	0.9	1
2026-10-01	v2.virtualflybrain.org	query-run:single:neuronsparthere	1.8	1
2026-10-01	v2.virtualflybrain.org	query-run:single:neuronsparthere	12.0	1
2026-10-01	v2.virtualflybrain.org	query-run:single:neuronsparthere	2.4	1
2026-10-01	v2.virtualflybrain.org	query-run:single:neuronsparthere	3.2	1
2026-10-01	v2.virtualflybrain.org	query-run:single:neuronsparthere	3.7	1
2026-10-01	v2.virtualflybrain.org	query-run:single:neuronsparthere	9.4	1
2026-10-01	v2.virtualflybrain.org	query-run:single:neuronssynaptic	1.1	1
2026-10-01	v2.virtualflybrain.org	query-run:single:neuronssynaptic	10.0	1
2026-10-01	v2.virtualflybrain.org	query-run:single:painteddomains	0.1	1
2026-10-01	v2.virtualflybrain.org	query-run:single:painteddomains	0.2	5
2026-10-01	v2.virtualflybrain.org	query-run:single:painteddomains	0.3	2
2026-10-01	v2.virtualflybrain.org	query-run:single:painteddomains	0.4	1
2026-10-01	v2.virtualflybrain.org	query-run:single:painteddomains	0.5	1
2026-10-01	v2.virtualflybrain.org	query-run:single:partsof	2.6	1
2026-10-01	v2.virtualflybrain.org	query-run:single:partsof	70.0	1
2026-10-01	v2.virtualflybrain.org	query-run:single:similarmorphologyto	1.0	1
2026-10-01	v2.virtualflybrain.org	query-run:single:subclassesof	0.2	3
2026-10-01	v2.virtualflybrain.org	query-run:single:subclassesof	1.4	1
2026-10-01	v2.virtualflybrain.org	query-run:single:subclassesof	13.0	1
2026-10-01	v2.virtualflybrain.org	query-run:single:subclassesof	2.3	1
2026-10-01	v2.virtualflybrain.org	query-run:single:termsforpub	0.9	1
2026-10-01	v2.virtualflybrain.org	startup-first-term	0.8	1
2026-10-01	v2.virtualflybrain.org	startup-first-term	0.9	2
2026-10-01	v2.virtualflybrain.org	startup-first-term	1.0	3
2026-10-01	v2.virtualflybrain.org	startup-first-term	1.1	15
2026-10-01	v2.virtualflybrain.org	startup-first-term	1.2	25
2026-10-01	v2.virtualflybrain.org	startup-first-term	1.3	18
2026-10-01	v2.virtualflybrain.org	startup-first-term	1.4	17
2026-10-01	v2.virtualflybrain.org	startup-first-term	1.5	4
2026-10-01	v2.virtualflybrain.org	startup-first-term	1.6	10
2026-10-01	v2.virtualflybrain.org	startup-first-term	1.7	4
2026-10-01	v2.virtualflybrain.org	startup-first-term	1.8	8
2026-10-01	v2.virtualflybrain.org	startup-first-term	1.9	10
2026-10-01	v2.virtualflybrain.org	startup-first-term	10.0	22
2026-10-01	v2.virtualflybrain.org	startup-first-term	100.0	2
2026-10-01	v2.virtualflybrain.org	startup-first-term	11.0	29
2026-10-01	v2.virtualflybrain.org	startup-first-term	110.0	1
2026-10-01	v2.virtualflybrain.org	startup-first-term	1190.0	1
2026-10-01	v2.virtualflybrain.org	startup-first-term	12.0	24
2026-10-01	v2.virtualflybrain.org	startup-first-term	120.0	2
2026-10-01	v2.virtualflybrain.org	startup-first-term	13.0	15
2026-10-01	v2.virtualflybrain.org	startup-first-term	130.0	1
2026-10-01	v2.virtualflybrain.org	startup-first-term	14.0	15
2026-10-01	v2.virtualflybrain.org	startup-first-term	140.0	1
2026-10-01	v2.virtualflybrain.org	startup-first-term	15.0	15
2026-10-01	v2.virtualflybrain.org	startup-first-term	16.0	15
2026-10-01	v2.virtualflybrain.org	startup-first-term	160.0	2
2026-10-01	v2.virtualflybrain.org	startup-first-term	17.0	8
2026-10-01	v2.virtualflybrain.org	startup-first-term	1760.0	1
2026-10-01	v2.virtualflybrain.org	startup-first-term	18.0	10
2026-10-01	v2.virtualflybrain.org	startup-first-term	19.0	11
2026-10-01	v2.virtualflybrain.org	startup-first-term	2.0	9
2026-10-01	v2.virtualflybrain.org	startup-first-term	2.1	15
2026-10-01	v2.virtualflybrain.org	startup-first-term	2.2	13
2026-10-01	v2.virtualflybrain.org	startup-first-term	2.3	9
2026-10-01	v2.virtualflybrain.org	startup-first-term	2.4	4
2026-10-01	v2.virtualflybrain.org	startup-first-term	2.5	17
2026-10-01	v2.virtualflybrain.org	startup-first-term	2.6	9
2026-10-01	v2.virtualflybrain.org	startup-first-term	2.7	9
2026-10-01	v2.virtualflybrain.org	startup-first-term	2.8	12
2026-10-01	v2.virtualflybrain.org	startup-first-term	2.9	7
2026-10-01	v2.virtualflybrain.org	startup-first-term	20.0	10
2026-10-01	v2.virtualflybrain.org	startup-first-term	21.0	6
2026-10-01	v2.virtualflybrain.org	startup-first-term	22.0	6
2026-10-01	v2.virtualflybrain.org	startup-first-term	23.0	9
2026-10-01	v2.virtualflybrain.org	startup-first-term	24.0	7
2026-10-01	v2.virtualflybrain.org	startup-first-term	26.0	4
2026-10-01	v2.virtualflybrain.org	startup-first-term	27.0	8
2026-10-01	v2.virtualflybrain.org	startup-first-term	28.0	4
2026-10-01	v2.virtualflybrain.org	startup-first-term	29.0	7
2026-10-01	v2.virtualflybrain.org	startup-first-term	3.0	18
2026-10-01	v2.virtualflybrain.org	startup-first-term	3.1	14
2026-10-01	v2.virtualflybrain.org	startup-first-term	3.2	18
2026-10-01	v2.virtualflybrain.org	startup-first-term	3.3	15
2026-10-01	v2.virtualflybrain.org	startup-first-term	3.4	17
2026-10-01	v2.virtualflybrain.org	startup-first-term	3.5	11
2026-10-01	v2.virtualflybrain.org	startup-first-term	3.6	14
2026-10-01	v2.virtualflybrain.org	startup-first-term	3.7	20
2026-10-01	v2.virtualflybrain.org	startup-first-term	3.8	18
2026-10-01	v2.virtualflybrain.org	startup-first-term	3.9	17
2026-10-01	v2.virtualflybrain.org	startup-first-term	30.0	2
2026-10-01	v2.virtualflybrain.org	startup-first-term	31.0	2
2026-10-01	v2.virtualflybrain.org	startup-first-term	32.0	2
2026-10-01	v2.virtualflybrain.org	startup-first-term	33.0	1
2026-10-01	v2.virtualflybrain.org	startup-first-term	35.0	4
2026-10-01	v2.virtualflybrain.org	startup-first-term	36.0	2
2026-10-01	v2.virtualflybrain.org	startup-first-term	36380.0	1
2026-10-01	v2.virtualflybrain.org	startup-first-term	37.0	2
2026-10-01	v2.virtualflybrain.org	startup-first-term	39.0	3
2026-10-01	v2.virtualflybrain.org	startup-first-term	4.0	24
2026-10-01	v2.virtualflybrain.org	startup-first-term	4.1	26
2026-10-01	v2.virtualflybrain.org	startup-first-term	4.2	32
2026-10-01	v2.virtualflybrain.org	startup-first-term	4.3	69
2026-10-01	v2.virtualflybrain.org	startup-first-term	4.4	46
2026-10-01	v2.virtualflybrain.org	startup-first-term	4.5	32
2026-10-01	v2.virtualflybrain.org	startup-first-term	4.6	16
2026-10-01	v2.virtualflybrain.org	startup-first-term	4.7	21
2026-10-01	v2.virtualflybrain.org	startup-first-term	4.8	14
2026-10-01	v2.virtualflybrain.org	startup-first-term	4.9	12
2026-10-01	v2.virtualflybrain.org	startup-first-term	40.0	1
2026-10-01	v2.virtualflybrain.org	startup-first-term	41.0	3
2026-10-01	v2.virtualflybrain.org	startup-first-term	42.0	3
2026-10-01	v2.virtualflybrain.org	startup-first-term	43.0	3
2026-10-01	v2.virtualflybrain.org	startup-first-term	45.0	2
2026-10-01	v2.virtualflybrain.org	startup-first-term	47.0	1
2026-10-01	v2.virtualflybrain.org	startup-first-term	49.0	2
2026-10-01	v2.virtualflybrain.org	startup-first-term	5.0	15
2026-10-01	v2.virtualflybrain.org	startup-first-term	5.1	13
2026-10-01	v2.virtualflybrain.org	startup-first-term	5.2	16
2026-10-01	v2.virtualflybrain.org	startup-first-term	5.3	20
2026-10-01	v2.virtualflybrain.org	startup-first-term	5.4	11
2026-10-01	v2.virtualflybrain.org	startup-first-term	5.5	8
2026-10-01	v2.virtualflybrain.org	startup-first-term	5.6	6
2026-10-01	v2.virtualflybrain.org	startup-first-term	5.7	13
2026-10-01	v2.virtualflybrain.org	startup-first-term	5.8	12
2026-10-01	v2.virtualflybrain.org	startup-first-term	5.9	9
2026-10-01	v2.virtualflybrain.org	startup-first-term	50.0	1
2026-10-01	v2.virtualflybrain.org	startup-first-term	51.0	2
2026-10-01	v2.virtualflybrain.org	startup-first-term	52.0	1
2026-10-01	v2.virtualflybrain.org	startup-first-term	53.0	1
2026-10-01	v2.virtualflybrain.org	startup-first-term	5450.0	1
2026-10-01	v2.virtualflybrain.org	startup-first-term	5480.0	1
2026-10-01	v2.virtualflybrain.org	startup-first-term	55.0	1
2026-10-01	v2.virtualflybrain.org	startup-first-term	56.0	7
2026-10-01	v2.virtualflybrain.org	startup-first-term	57.0	337
2026-10-01	v2.virtualflybrain.org	startup-first-term	58.0	463
2026-10-01	v2.virtualflybrain.org	startup-first-term	59.0	66
2026-10-01	v2.virtualflybrain.org	startup-first-term	6.0	7
2026-10-01	v2.virtualflybrain.org	startup-first-term	6.1	11
2026-10-01	v2.virtualflybrain.org	startup-first-term	6.2	7
2026-10-01	v2.virtualflybrain.org	startup-first-term	6.3	4
2026-10-01	v2.virtualflybrain.org	startup-first-term	6.4	7
2026-10-01	v2.virtualflybrain.org	startup-first-term	6.5	6
2026-10-01	v2.virtualflybrain.org	startup-first-term	6.6	6
2026-10-01	v2.virtualflybrain.org	startup-first-term	6.7	7
2026-10-01	v2.virtualflybrain.org	startup-first-term	6.8	13
2026-10-01	v2.virtualflybrain.org	startup-first-term	6.9	5
2026-10-01	v2.virtualflybrain.org	startup-first-term	60.0	3
2026-10-01	v2.virtualflybrain.org	startup-first-term	640.0	1
2026-10-01	v2.virtualflybrain.org	startup-first-term	7.0	5
2026-10-01	v2.virtualflybrain.org	startup-first-term	7.1	4
2026-10-01	v2.virtualflybrain.org	startup-first-term	7.2	7
2026-10-01	v2.virtualflybrain.org	startup-first-term	7.3	6
2026-10-01	v2.virtualflybrain.org	startup-first-term	7.4	4
2026-10-01	v2.virtualflybrain.org	startup-first-term	7.5	6
2026-10-01	v2.virtualflybrain.org	startup-first-term	7.6	6
2026-10-01	v2.virtualflybrain.org	startup-first-term	7.7	15
2026-10-01	v2.virtualflybrain.org	startup-first-term	7.8	8
2026-10-01	v2.virtualflybrain.org	startup-first-term	7.9	8
2026-10-01	v2.virtualflybrain.org	startup-first-term	70.0	4
2026-10-01	v2.virtualflybrain.org	startup-first-term	7900.0	1
2026-10-01	v2.virtualflybrain.org	startup-first-term	8.0	8
2026-10-01	v2.virtualflybrain.org	startup-first-term	8.1	4
2026-10-01	v2.virtualflybrain.org	startup-first-term	8.2	6
2026-10-01	v2.virtualflybrain.org	startup-first-term	8.3	3
2026-10-01	v2.virtualflybrain.org	startup-first-term	8.4	6
2026-10-01	v2.virtualflybrain.org	startup-first-term	8.5	7
2026-10-01	v2.virtualflybrain.org	startup-first-term	8.6	5
2026-10-01	v2.virtualflybrain.org	startup-first-term	8.7	7
2026-10-01	v2.virtualflybrain.org	startup-first-term	8.8	5
2026-10-01	v2.virtualflybrain.org	startup-first-term	8.9	8
2026-10-01	v2.virtualflybrain.org	startup-first-term	80.0	3
2026-10-01	v2.virtualflybrain.org	startup-first-term	9.0	1
2026-10-01	v2.virtualflybrain.org	startup-first-term	9.1	1
2026-10-01	v2.virtualflybrain.org	startup-first-term	9.2	2
2026-10-01	v2.virtualflybrain.org	startup-first-term	9.3	4
2026-10-01	v2.virtualflybrain.org	startup-first-term	9.4	3
2026-10-01	v2.virtualflybrain.org	startup-first-term	9.5	5
2026-10-01	v2.virtualflybrain.org	startup-first-term	9.6	4
2026-10-01	v2.virtualflybrain.org	startup-first-term	9.7	3
2026-10-01	v2.virtualflybrain.org	startup-first-term	9.8	4
2026-10-01	v2.virtualflybrain.org	startup-first-term	9.9	2
2026-10-01	v2.virtualflybrain.org	startup-first-term	90.0	17
2026-10-01	v2.virtualflybrain.org	startup-model	0.6	5
2026-10-01	v2.virtualflybrain.org	startup-model	0.7	5
2026-10-01	v2.virtualflybrain.org	startup-model	0.8	3
2026-10-01	v2.virtualflybrain.org	startup-model	0.9	9
2026-10-01	v2.virtualflybrain.org	startup-model	1.0	60
2026-10-01	v2.virtualflybrain.org	startup-model	1.1	17
2026-10-01	v2.virtualflybrain.org	startup-model	1.2	30
2026-10-01	v2.virtualflybrain.org	startup-model	1.3	23
2026-10-01	v2.virtualflybrain.org	startup-model	1.4	28
2026-10-01	v2.virtualflybrain.org	startup-model	1.5	23
2026-10-01	v2.virtualflybrain.org	startup-model	1.6	32
2026-10-01	v2.virtualflybrain.org	startup-model	1.7	25
2026-10-01	v2.virtualflybrain.org	startup-model	1.8	31
2026-10-01	v2.virtualflybrain.org	startup-model	1.9	18
2026-10-01	v2.virtualflybrain.org	startup-model	10.0	9
2026-10-01	v2.virtualflybrain.org	startup-model	11.0	14
2026-10-01	v2.virtualflybrain.org	startup-model	12.0	4
2026-10-01	v2.virtualflybrain.org	startup-model	13.0	10
2026-10-01	v2.virtualflybrain.org	startup-model	14.0	5
2026-10-01	v2.virtualflybrain.org	startup-model	15.0	5
2026-10-01	v2.virtualflybrain.org	startup-model	16.0	6
2026-10-01	v2.virtualflybrain.org	startup-model	17.0	1
2026-10-01	v2.virtualflybrain.org	startup-model	18.0	4
2026-10-01	v2.virtualflybrain.org	startup-model	19.0	3
2026-10-01	v2.virtualflybrain.org	startup-model	2.0	28
2026-10-01	v2.virtualflybrain.org	startup-model	2.1	24
2026-10-01	v2.virtualflybrain.org	startup-model	2.2	73
2026-10-01	v2.virtualflybrain.org	startup-model	2.3	53
2026-10-01	v2.virtualflybrain.org	startup-model	2.4	78
2026-10-01	v2.virtualflybrain.org	startup-model	2.5	65
2026-10-01	v2.virtualflybrain.org	startup-model	2.6	56
2026-10-01	v2.virtualflybrain.org	startup-model	2.7	535
2026-10-01	v2.virtualflybrain.org	startup-model	2.8	667
2026-10-01	v2.virtualflybrain.org	startup-model	2.9	55
2026-10-01	v2.virtualflybrain.org	startup-model	20.0	4
2026-10-01	v2.virtualflybrain.org	startup-model	21.0	4
2026-10-01	v2.virtualflybrain.org	startup-model	22.0	1
2026-10-01	v2.virtualflybrain.org	startup-model	23.0	3
2026-10-01	v2.virtualflybrain.org	startup-model	25.0	2
2026-10-01	v2.virtualflybrain.org	startup-model	26.0	1
2026-10-01	v2.virtualflybrain.org	startup-model	28.0	1
2026-10-01	v2.virtualflybrain.org	startup-model	3.0	39
2026-10-01	v2.virtualflybrain.org	startup-model	3.1	26
2026-10-01	v2.virtualflybrain.org	startup-model	3.2	31
2026-10-01	v2.virtualflybrain.org	startup-model	3.3	27
2026-10-01	v2.virtualflybrain.org	startup-model	3.4	34
2026-10-01	v2.virtualflybrain.org	startup-model	3.5	30
2026-10-01	v2.virtualflybrain.org	startup-model	3.6	39
2026-10-01	v2.virtualflybrain.org	startup-model	3.7	37
2026-10-01	v2.virtualflybrain.org	startup-model	3.8	25
2026-10-01	v2.virtualflybrain.org	startup-model	3.9	18
2026-10-01	v2.virtualflybrain.org	startup-model	30.0	1
2026-10-01	v2.virtualflybrain.org	startup-model	34.0	1
2026-10-01	v2.virtualflybrain.org	startup-model	36.0	1
2026-10-01	v2.virtualflybrain.org	startup-model	36370.0	1
2026-10-01	v2.virtualflybrain.org	startup-model	37.0	1
2026-10-01	v2.virtualflybrain.org	startup-model	38.0	1
2026-10-01	v2.virtualflybrain.org	startup-model	4.0	18
2026-10-01	v2.virtualflybrain.org	startup-model	4.1	17
2026-10-01	v2.virtualflybrain.org	startup-model	4.2	10
2026-10-01	v2.virtualflybrain.org	startup-model	4.3	19
2026-10-01	v2.virtualflybrain.org	startup-model	4.4	14
2026-10-01	v2.virtualflybrain.org	startup-model	4.5	12
2026-10-01	v2.virtualflybrain.org	startup-model	4.6	20
2026-10-01	v2.virtualflybrain.org	startup-model	4.7	13
2026-10-01	v2.virtualflybrain.org	startup-model	4.8	18
2026-10-01	v2.virtualflybrain.org	startup-model	4.9	10
2026-10-01	v2.virtualflybrain.org	startup-model	40.0	1
2026-10-01	v2.virtualflybrain.org	startup-model	41.0	1
2026-10-01	v2.virtualflybrain.org	startup-model	43.0	1
2026-10-01	v2.virtualflybrain.org	startup-model	46.0	1
2026-10-01	v2.virtualflybrain.org	startup-model	5.0	8
2026-10-01	v2.virtualflybrain.org	startup-model	5.1	5
2026-10-01	v2.virtualflybrain.org	startup-model	5.2	9
2026-10-01	v2.virtualflybrain.org	startup-model	5.3	6
2026-10-01	v2.virtualflybrain.org	startup-model	5.4	8
2026-10-01	v2.virtualflybrain.org	startup-model	5.5	4
2026-10-01	v2.virtualflybrain.org	startup-model	5.6	6
2026-10-01	v2.virtualflybrain.org	startup-model	5.7	3
2026-10-01	v2.virtualflybrain.org	startup-model	5.8	6
2026-10-01	v2.virtualflybrain.org	startup-model	5.9	6
2026-10-01	v2.virtualflybrain.org	startup-model	51.0	1
2026-10-01	v2.virtualflybrain.org	startup-model	53.0	1
2026-10-01	v2.virtualflybrain.org	startup-model	5470.0	1
2026-10-01	v2.virtualflybrain.org	startup-model	59.0	1
2026-10-01	v2.virtualflybrain.org	startup-model	6.0	4
2026-10-01	v2.virtualflybrain.org	startup-model	6.1	5
2026-10-01	v2.virtualflybrain.org	startup-model	6.2	3
2026-10-01	v2.virtualflybrain.org	startup-model	6.3	6
2026-10-01	v2.virtualflybrain.org	startup-model	6.4	1
2026-10-01	v2.virtualflybrain.org	startup-model	6.5	4
2026-10-01	v2.virtualflybrain.org	startup-model	6.6	6
2026-10-01	v2.virtualflybrain.org	startup-model	6.7	5
2026-10-01	v2.virtualflybrain.org	startup-model	6.8	7
2026-10-01	v2.virtualflybrain.org	startup-model	6.9	4
2026-10-01	v2.virtualflybrain.org	startup-model	7.0	6
2026-10-01	v2.virtualflybrain.org	startup-model	7.1	3
2026-10-01	v2.virtualflybrain.org	startup-model	7.2	4
2026-10-01	v2.virtualflybrain.org	startup-model	7.3	1
2026-10-01	v2.virtualflybrain.org	startup-model	7.4	1
2026-10-01	v2.virtualflybrain.org	startup-model	7.5	2
2026-10-01	v2.virtualflybrain.org	startup-model	7.6	2
2026-10-01	v2.virtualflybrain.org	startup-model	7.7	6
2026-10-01	v2.virtualflybrain.org	startup-model	7.8	3
2026-10-01	v2.virtualflybrain.org	startup-model	7.9	2
2026-10-01	v2.virtualflybrain.org	startup-model	70.0	2
2026-10-01	v2.virtualflybrain.org	startup-model	8.0	4
2026-10-01	v2.virtualflybrain.org	startup-model	8.1	1
2026-10-01	v2.virtualflybrain.org	startup-model	8.2	4
2026-10-01	v2.virtualflybrain.org	startup-model	8.3	2
2026-10-01	v2.virtualflybrain.org	startup-model	8.4	3
2026-10-01	v2.virtualflybrain.org	startup-model	8.5	3
2026-10-01	v2.virtualflybrain.org	startup-model	8.6	3
2026-10-01	v2.virtualflybrain.org	startup-model	8.7	1
2026-10-01	v2.virtualflybrain.org	startup-model	8.8	3
2026-10-01	v2.virtualflybrain.org	startup-model	8.9	7
2026-10-01	v2.virtualflybrain.org	startup-model	80.0	1
2026-10-01	v2.virtualflybrain.org	startup-model	9.0	1
2026-10-01	v2.virtualflybrain.org	startup-model	9.1	5
2026-10-01	v2.virtualflybrain.org	startup-model	9.5	3
2026-10-01	v2.virtualflybrain.org	startup-model	9.7	2
2026-10-01	v2.virtualflybrain.org	startup-model	9.8	1
2026-10-01	v2.virtualflybrain.org	term-load:failed	0.0	4
2026-10-01	v2.virtualflybrain.org	term-load:failed	0.1	1
2026-10-01	v2.virtualflybrain.org	term-load:failed	0.7	1
2026-10-01	v2.virtualflybrain.org	term-load:failed	5440.0	3
2026-10-01	v2.virtualflybrain.org	term-load:ok	0.0	139
2026-10-01	v2.virtualflybrain.org	term-load:ok	0.1	165
2026-10-01	v2.virtualflybrain.org	term-load:ok	0.2	236
2026-10-01	v2.virtualflybrain.org	term-load:ok	0.3	265
2026-10-01	v2.virtualflybrain.org	term-load:ok	0.4	227
2026-10-01	v2.virtualflybrain.org	term-load:ok	0.5	210
2026-10-01	v2.virtualflybrain.org	term-load:ok	0.6	147
2026-10-01	v2.virtualflybrain.org	term-load:ok	0.7	164
2026-10-01	v2.virtualflybrain.org	term-load:ok	0.8	93
2026-10-01	v2.virtualflybrain.org	term-load:ok	0.9	163
2026-10-01	v2.virtualflybrain.org	term-load:ok	1.0	145
2026-10-01	v2.virtualflybrain.org	term-load:ok	1.1	98
2026-10-01	v2.virtualflybrain.org	term-load:ok	1.2	65
2026-10-01	v2.virtualflybrain.org	term-load:ok	1.3	55
2026-10-01	v2.virtualflybrain.org	term-load:ok	1.4	51
2026-10-01	v2.virtualflybrain.org	term-load:ok	1.5	74
2026-10-01	v2.virtualflybrain.org	term-load:ok	1.6	59
2026-10-01	v2.virtualflybrain.org	term-load:ok	1.7	45
2026-10-01	v2.virtualflybrain.org	term-load:ok	1.8	28
2026-10-01	v2.virtualflybrain.org	term-load:ok	1.9	60
2026-10-01	v2.virtualflybrain.org	term-load:ok	10.0	6
2026-10-01	v2.virtualflybrain.org	term-load:ok	100.0	1
2026-10-01	v2.virtualflybrain.org	term-load:ok	1050.0	1
2026-10-01	v2.virtualflybrain.org	term-load:ok	11.0	18
2026-10-01	v2.virtualflybrain.org	term-load:ok	1180.0	1
2026-10-01	v2.virtualflybrain.org	term-load:ok	12.0	10
2026-10-01	v2.virtualflybrain.org	term-load:ok	13.0	9
2026-10-01	v2.virtualflybrain.org	term-load:ok	14.0	4
2026-10-01	v2.virtualflybrain.org	term-load:ok	15.0	10
2026-10-01	v2.virtualflybrain.org	term-load:ok	16.0	5
2026-10-01	v2.virtualflybrain.org	term-load:ok	1680.0	2
2026-10-01	v2.virtualflybrain.org	term-load:ok	17.0	6
2026-10-01	v2.virtualflybrain.org	term-load:ok	18.0	7
2026-10-01	v2.virtualflybrain.org	term-load:ok	19.0	3
2026-10-01	v2.virtualflybrain.org	term-load:ok	2.0	80
2026-10-01	v2.virtualflybrain.org	term-load:ok	2.1	33
2026-10-01	v2.virtualflybrain.org	term-load:ok	2.2	22
2026-10-01	v2.virtualflybrain.org	term-load:ok	2.3	12
2026-10-01	v2.virtualflybrain.org	term-load:ok	2.4	19
2026-10-01	v2.virtualflybrain.org	term-load:ok	2.5	15
2026-10-01	v2.virtualflybrain.org	term-load:ok	2.6	17
2026-10-01	v2.virtualflybrain.org	term-load:ok	2.7	19
2026-10-01	v2.virtualflybrain.org	term-load:ok	2.8	9
2026-10-01	v2.virtualflybrain.org	term-load:ok	2.9	18
2026-10-01	v2.virtualflybrain.org	term-load:ok	20.0	3
2026-10-01	v2.virtualflybrain.org	term-load:ok	21.0	3
2026-10-01	v2.virtualflybrain.org	term-load:ok	22.0	5
2026-10-01	v2.virtualflybrain.org	term-load:ok	23.0	5
2026-10-01	v2.virtualflybrain.org	term-load:ok	24.0	2
2026-10-01	v2.virtualflybrain.org	term-load:ok	25.0	3
2026-10-01	v2.virtualflybrain.org	term-load:ok	26.0	1
2026-10-01	v2.virtualflybrain.org	term-load:ok	27.0	1
2026-10-01	v2.virtualflybrain.org	term-load:ok	28.0	4
2026-10-01	v2.virtualflybrain.org	term-load:ok	29.0	1
2026-10-01	v2.virtualflybrain.org	term-load:ok	3.0	13
2026-10-01	v2.virtualflybrain.org	term-load:ok	3.1	13
2026-10-01	v2.virtualflybrain.org	term-load:ok	3.2	14
2026-10-01	v2.virtualflybrain.org	term-load:ok	3.3	14
2026-10-01	v2.virtualflybrain.org	term-load:ok	3.4	11
2026-10-01	v2.virtualflybrain.org	term-load:ok	3.5	9
2026-10-01	v2.virtualflybrain.org	term-load:ok	3.6	9
2026-10-01	v2.virtualflybrain.org	term-load:ok	3.7	11
2026-10-01	v2.virtualflybrain.org	term-load:ok	3.8	9
2026-10-01	v2.virtualflybrain.org	term-load:ok	3.9	9
2026-10-01	v2.virtualflybrain.org	term-load:ok	30.0	1
2026-10-01	v2.virtualflybrain.org	term-load:ok	32.0	2
2026-10-01	v2.virtualflybrain.org	term-load:ok	33.0	2
2026-10-01	v2.virtualflybrain.org	term-load:ok	35.0	1
2026-10-01	v2.virtualflybrain.org	term-load:ok	36.0	2
2026-10-01	v2.virtualflybrain.org	term-load:ok	36920.0	1
2026-10-01	v2.virtualflybrain.org	term-load:ok	37.0	3
2026-10-01	v2.virtualflybrain.org	term-load:ok	38.0	2
2026-10-01	v2.virtualflybrain.org	term-load:ok	39.0	1
2026-10-01	v2.virtualflybrain.org	term-load:ok	4.0	9
2026-10-01	v2.virtualflybrain.org	term-load:ok	4.1	6
2026-10-01	v2.virtualflybrain.org	term-load:ok	4.2	8
2026-10-01	v2.virtualflybrain.org	term-load:ok	4.3	11
2026-10-01	v2.virtualflybrain.org	term-load:ok	4.4	13
2026-10-01	v2.virtualflybrain.org	term-load:ok	4.5	12
2026-10-01	v2.virtualflybrain.org	term-load:ok	4.6	10
2026-10-01	v2.virtualflybrain.org	term-load:ok	4.7	4
2026-10-01	v2.virtualflybrain.org	term-load:ok	4.8	11
2026-10-01	v2.virtualflybrain.org	term-load:ok	4.9	7
2026-10-01	v2.virtualflybrain.org	term-load:ok	40.0	1
2026-10-01	v2.virtualflybrain.org	term-load:ok	41.0	1
2026-10-01	v2.virtualflybrain.org	term-load:ok	43.0	1
2026-10-01	v2.virtualflybrain.org	term-load:ok	45.0	1
2026-10-01	v2.virtualflybrain.org	term-load:ok	47.0	2
2026-10-01	v2.virtualflybrain.org	term-load:ok	48.0	1
2026-10-01	v2.virtualflybrain.org	term-load:ok	5.0	12
2026-10-01	v2.virtualflybrain.org	term-load:ok	5.1	8
2026-10-01	v2.virtualflybrain.org	term-load:ok	5.2	6
2026-10-01	v2.virtualflybrain.org	term-load:ok	5.3	1
2026-10-01	v2.virtualflybrain.org	term-load:ok	5.4	5
2026-10-01	v2.virtualflybrain.org	term-load:ok	5.5	4
2026-10-01	v2.virtualflybrain.org	term-load:ok	5.6	3
2026-10-01	v2.virtualflybrain.org	term-load:ok	5.7	3
2026-10-01	v2.virtualflybrain.org	term-load:ok	5.8	5
2026-10-01	v2.virtualflybrain.org	term-load:ok	5.9	5
2026-10-01	v2.virtualflybrain.org	term-load:ok	52.0	1
2026-10-01	v2.virtualflybrain.org	term-load:ok	53.0	11
2026-10-01	v2.virtualflybrain.org	term-load:ok	54.0	124
2026-10-01	v2.virtualflybrain.org	term-load:ok	55.0	746
2026-10-01	v2.virtualflybrain.org	term-load:ok	56.0	146
2026-10-01	v2.virtualflybrain.org	term-load:ok	57.0	5
2026-10-01	v2.virtualflybrain.org	term-load:ok	6.0	1
2026-10-01	v2.virtualflybrain.org	term-load:ok	6.1	4
2026-10-01	v2.virtualflybrain.org	term-load:ok	6.2	6
2026-10-01	v2.virtualflybrain.org	term-load:ok	6.3	3
2026-10-01	v2.virtualflybrain.org	term-load:ok	6.4	1
2026-10-01	v2.virtualflybrain.org	term-load:ok	6.5	4
2026-10-01	v2.virtualflybrain.org	term-load:ok	6.6	4
2026-10-01	v2.virtualflybrain.org	term-load:ok	6.7	6
2026-10-01	v2.virtualflybrain.org	term-load:ok	6.8	3
2026-10-01	v2.virtualflybrain.org	term-load:ok	6.9	2
2026-10-01	v2.virtualflybrain.org	term-load:ok	60.0	3
2026-10-01	v2.virtualflybrain.org	term-load:ok	7.0	6
2026-10-01	v2.virtualflybrain.org	term-load:ok	7.1	2
2026-10-01	v2.virtualflybrain.org	term-load:ok	7.2	2
2026-10-01	v2.virtualflybrain.org	term-load:ok	7.3	3
2026-10-01	v2.virtualflybrain.org	term-load:ok	7.4	2
2026-10-01	v2.virtualflybrain.org	term-load:ok	7.5	3
2026-10-01	v2.virtualflybrain.org	term-load:ok	7.6	3
2026-10-01	v2.virtualflybrain.org	term-load:ok	7.9	4
2026-10-01	v2.virtualflybrain.org	term-load:ok	70.0	4
2026-10-01	v2.virtualflybrain.org	term-load:ok	8.0	2
2026-10-01	v2.virtualflybrain.org	term-load:ok	8.2	3
2026-10-01	v2.virtualflybrain.org	term-load:ok	8.3	2
2026-10-01	v2.virtualflybrain.org	term-load:ok	8.4	1
2026-10-01	v2.virtualflybrain.org	term-load:ok	8.5	2
2026-10-01	v2.virtualflybrain.org	term-load:ok	8.6	2
2026-10-01	v2.virtualflybrain.org	term-load:ok	8.7	1
2026-10-01	v2.virtualflybrain.org	term-load:ok	8.8	2
2026-10-01	v2.virtualflybrain.org	term-load:ok	80.0	1
2026-10-01	v2.virtualflybrain.org	term-load:ok	9.0	1
2026-10-01	v2.virtualflybrain.org	term-load:ok	9.1	2
2026-10-01	v2.virtualflybrain.org	term-load:ok	9.2	1
2026-10-01	v2.virtualflybrain.org	term-load:ok	9.3	2
2026-10-01	v2.virtualflybrain.org	term-load:ok	9.5	1
2026-10-01	v2.virtualflybrain.org	term-load:ok	9.7	2
2026-10-01	v2.virtualflybrain.org	term-load:ok	9.8	2
2026-10-01	v2.virtualflybrain.org	term-load:ok	9.9	1
2026-10-01	v2.virtualflybrain.org	term-load:ok	90.0	36
