month	activeUsers	newUsers	sessions	engagedSessions	screenPageViews	userEngagementDuration	eventCount
2023-05	967	848	2316	903	3680	123885	9138
2023-06	1268	1043	2873	1693	16547	185157	30105
2023-07	1332	1103	1596	591	3805	52374	8545
2023-08	960	722	1282	401	1698	20040	5054
2023-09	1106	805	1337	425	4103	58965	7737
2023-10	1297	1014	1463	470	6626	99923	10895
2023-11	1242	981	1436	430	4153	62102	8159
2023-12	1087	880	1312	407	1878	20005	5486
2024-01	1362	1164	1489	415	4320	57577	8468
2024-02	1557	965	1793	365	1975	18808	6403
2024-03	1492	1093	1708	515	4518	67724	9144
2024-04	1863	1446	4077	2493	26524	240326	48277
2024-05	2053	1419	6686	5220	49142	422384	80863
2024-06	2072	1402	5294	3613	38603	319737	66804
2024-07	2280	1518	7765	6467	66725	774965	106058
2024-08	2479	1727	4799	4002	28236	185846	48649
2024-09	2250	1545	4869	4007	48501	393082	77639
2024-10	4045	3373	9268	8309	83842	524821	138118
2024-11	2756	2307	7746	7183	71342	472195	117132
2024-12	2996	2325	6433	5721	42248	289214	72865
2025-01	2711	1830	7149	6242	57703	340208	102204
2025-02	2483	1473	6460	5448	69682	469628	115306
2025-03	2594	1923	7298	6588	70667	335911	110723
2025-04	2961	2158	5752	4914	46050	387021	89558
2025-05	2634	1976	5584	4818	49953	732144	99815
2025-06	2044	1803	5615	5336	39033	219098	81802
2025-07	1950	1514	6599	6164	43636	244480	95178
2025-08	3396	3134	8653	8275	67983	408712	138202
2025-09	8753	10370	15167	14870	293319	351600	397924
2025-10	15773	15259	19431	18704	62052	321379	144574
2025-11	53078	51557	55532	54112	92601	350967	263776
2025-12	27089	26632	30314	29823	69090	305313	170058
2026-01	35882	35655	41654	41205	84515	335205	211659
2026-02	33896	33815	38136	37434	81618	322346	208643
2026-03	90461	89967	95391	94862	204564	680412	508839
2026-04	81384	81647	85778	85544	152209	398258	415616
2026-05	330801	328117	328909	328404	419823	1782744	1160743
2026-06	118372	120130	125861	124292	215401	434818	597589
2026-07	202893	200564	203206	203058	285273	508767	893753
2026-08	114152	116038	121133	120410	261249	803731	764061
2026-09	135764	136803	175798	169880	1170006	5265596	2613329
