date	linkDomain	eventCount
2026-07-01	facebook.com	1
2026-07-01	flweb.janelia.org	1
2026-07-01	flybase.org	1
2026-07-01	github.com	2
2026-07-01	google.com	3
2026-07-01	insectbraindb.org	1
2026-07-01	splitgal4.janelia.org	2
2026-07-01	wiki.flybase.org	1
2026-07-02	github.com	1
2026-07-02	neuronbridge.janelia.org	2
2026-07-02	temca2data.org	1
2026-07-02	wiki.flybase.org	1
2026-07-03	flweb.janelia.org	1
2026-07-03	flybase.org	1
2026-07-03	insectbraindb.org	1
2026-07-03	neurofly.org	1
2026-07-03	neuronbridge.janelia.org	2
2026-07-03	translate.google.com	3
2026-07-04	creativecommons.org	1
2026-07-04	github.com	2
2026-07-04	google.com	1
2026-07-04	v2.virtualflybrain.org	1
2026-07-05	flweb.janelia.org	5
2026-07-05	flyconnecto.me	1
2026-07-05	github.com	1
2026-07-05	neurofly.org	1
2026-07-05	virtualflybrain.bsky.social	1
2026-07-06	codex.flywire.ai	1
2026-07-06	flybase.org	1
2026-07-06	ncbi.nlm.nih.gov	1
2026-07-06	neurofly.org	1
2026-07-06	neuronbridge.janelia.org	1
2026-07-06	translate.google.com	1
2026-07-06	v2.virtualflybrain.org	1
2026-07-06	virtualflybrain.org	1
2026-07-07	flweb.janelia.org	1
2026-07-07	janelia.org	1
2026-07-07	neuronbridge.janelia.org	20
2026-07-07	plotly.com	1
2026-07-07	splitgal4.janelia.org	1
2026-07-07	wiki.flybase.org	1
2026-07-08	google.com	2
2026-07-08	insectbraindb.org	1
2026-07-08	neuronbridge.janelia.org	1
2026-07-08	translate.google.com	3
2026-07-09	doi.org	1
2026-07-09	flweb.janelia.org	5
2026-07-09	github.com	1
2026-07-09	google.com	1
2026-07-10	flybase.org	2
2026-07-10	flycircuit.tw	1
2026-07-10	gen1mcfo.janelia.org	1
2026-07-10	github.com	1
2026-07-10	google.com	9
2026-07-10	insectbraindb.org	1
2026-07-10	v2.virtualflybrain.org	2
2026-07-10	virtualflybrain.org	1
2026-07-11	github.com	2
2026-07-12	insectbraindb.org	1
2026-07-12	neuprint.janelia.org	1
2026-07-13	catmaid.readthedocs.io	1
2026-07-13	doi.org	2
2026-07-13	flybase.org	2
2026-07-13	github.com	1
2026-07-13	pypi.org	1
2026-07-13	v2.virtualflybrain.org	1
2026-07-14	doi.org	2
2026-07-14	flyconnecto.me	1
2026-07-14	google.com	3
2026-07-14	pypi.org	1
2026-07-14	virtualflybrain.org	2
2026-07-15	flybase.org	2
2026-07-15	github.com	1
2026-07-15	insectbraindb.org	1
2026-07-15	neuprint.janelia.org	1
2026-07-15	neuronbridge.janelia.org	2
2026-07-15	pypi.org	1
2026-07-15	splitgal4.janelia.org	1
2026-07-15	v2.virtualflybrain.org	1
2026-07-16	flybase.org	1
2026-07-16	github.com	1
2026-07-16	v2.virtualflybrain.org	2
2026-07-17	doi.org	1
2026-07-17	flweb.janelia.org	1
2026-07-17	neuprint.janelia.org	1
2026-07-18	flweb.janelia.org	2
2026-07-18	janelia.org	1
2026-07-18	neuronbridge.janelia.org	9
2026-07-19	flweb.janelia.org	3
2026-07-19	github.com	6
2026-07-19	janelia.org	1
2026-07-19	neuronbridge.janelia.org	11
2026-07-19	translate.google.com	1
2026-07-20	doi.org	2
2026-07-20	github.com	1
2026-07-20	neuronbridge.janelia.org	1
2026-07-20	pypi.org	2
2026-07-20	virtualflybrain.org	1
2026-07-21	flweb.janelia.org	3
2026-07-21	github.com	1
2026-07-21	neuronbridge.janelia.org	4
2026-07-21	virtualflybrain.org	1
2026-07-22	doi.org	1
2026-07-22	flybase.org	2
2026-07-22	gen1mcfo.janelia.org	1
2026-07-22	github.com	2
2026-07-22	insectbraindb.org	2
2026-07-22	navis.readthedocs.io	1
2026-07-22	neuronbridge.janelia.org	11
2026-07-23	flweb.janelia.org	1
2026-07-23	github.com	2
2026-07-23	google.com	1
2026-07-23	groups.google.com	1
2026-07-23	insectbraindb.org	1
2026-07-23	janelia.org	1
2026-07-23	neuronbridge.janelia.org	1
2026-07-23	translate.google.com	1
2026-07-23	virtualflybrain.bsky.social	1
2026-07-24	doi.org	1
2026-07-24	flweb.janelia.org	1
2026-07-24	flybase.org	1
2026-07-24	neuronbridge.janelia.org	1
2026-07-24	pypi.org	1
2026-07-25	google.com	5
2026-07-25	splitgal4.janelia.org	1
2026-07-25	translate.google.com	2
2026-07-25	v2.virtualflybrain.org	1
2026-07-26	flweb.janelia.org	1
2026-07-26	translate.google.com	1
2026-07-27	flweb.janelia.org	2
2026-07-27	github.com	2
2026-07-27	google.com	2
2026-07-27	neuronbridge.janelia.org	4
2026-07-27	wiki.flybase.org	1
2026-07-28	catmaid.readthedocs.io	1
2026-07-28	codebeautify.org	1
2026-07-28	flweb.janelia.org	2
2026-07-28	flyconnecto.me	1
2026-07-28	github.com	2
2026-07-28	janelia.org	1
2026-07-28	l1em.catmaid.virtualflybrain.org	1
2026-07-28	neuronbridge.janelia.org	10
2026-07-28	v2.virtualflybrain.org	1
2026-07-29	flybase.org	1
2026-07-29	janelia.org	1
2026-07-30	doi.org	1
2026-07-30	neuprint.janelia.org	1
2026-07-30	neuronbridge.janelia.org	2
2026-07-31	doi.org	1
2026-07-31	flweb.janelia.org	3
2026-07-31	flybase.org	2
2026-07-31	l1em.catmaid.virtualflybrain.org	1
2026-07-31	neuronbridge.janelia.org	6
2026-07-31	translate.google.com	1
