date	streamName	hostName	event	eventCount	usersMin
2023-12-01	virtualflybrain.org - GA4	129.215.197.101	first_visit	1	1
2023-12-01	virtualflybrain.org - GA4	129.215.197.101	page_view	1	1
2023-12-01	virtualflybrain.org - GA4	129.215.197.101	session_start	1	1
2023-12-01	virtualflybrain.org - GA4	129.215.197.144	first_visit	1	1
2023-12-01	virtualflybrain.org - GA4	129.215.197.144	page_view	1	1
2023-12-01	virtualflybrain.org - GA4	129.215.197.144	session_start	1	1
2023-12-01	virtualflybrain.org - GA4	blog.virtualflybrain.org	first_visit	1	1
2023-12-01	virtualflybrain.org - GA4	blog.virtualflybrain.org	page_view	1	1
2023-12-01	virtualflybrain.org - GA4	blog.virtualflybrain.org	session_start	1	1
2023-12-01	virtualflybrain.org - GA4	blog.virtualflybrain.org	user_engagement	1	1
2023-12-01	virtualflybrain.org - GA4	bocian-jenkins.virtualflybrain.org	first_visit	1	1
2023-12-01	virtualflybrain.org - GA4	bocian-jenkins.virtualflybrain.org	page_view	1	1
2023-12-01	virtualflybrain.org - GA4	bocian-jenkins.virtualflybrain.org	session_start	1	1
2023-12-01	virtualflybrain.org - GA4	buttermilk.inf.ed.ac.uk	first_visit	1	1
2023-12-01	virtualflybrain.org - GA4	buttermilk.inf.ed.ac.uk	page_view	1	1
2023-12-01	virtualflybrain.org - GA4	buttermilk.inf.ed.ac.uk	session_start	1	1
2023-12-01	virtualflybrain.org - GA4	buttermilk.inf.ed.ac.uk	user_engagement	1	1
2023-12-01	virtualflybrain.org - GA4	flybrain.inf.ed.ac.uk	session_start	2	2
2023-12-01	virtualflybrain.org - GA4	flybrain.inf.ed.ac.uk	user_engagement	2	2
2023-12-01	virtualflybrain.org - GA4	virtualflybrain.org	first_visit	2	2
2023-12-01	virtualflybrain.org - GA4	virtualflybrain.org	page_view	5	2
2023-12-01	virtualflybrain.org - GA4	virtualflybrain.org	session_start	3	2
2023-12-01	virtualflybrain.org - GA4	www.virtualflybrain.org	first_visit	21	21
2023-12-01	virtualflybrain.org - GA4	www.virtualflybrain.org	page_view	54	27
2023-12-01	virtualflybrain.org - GA4	www.virtualflybrain.org	session_start	31	28
2023-12-01	virtualflybrain.org - GA4	www.virtualflybrain.org	user_engagement	45	21
2023-12-02	virtualflybrain.org - GA4	blog.virtualflybrain.org	first_visit	1	1
2023-12-02	virtualflybrain.org - GA4	blog.virtualflybrain.org	page_view	1	1
2023-12-02	virtualflybrain.org - GA4	blog.virtualflybrain.org	session_start	1	1
2023-12-02	virtualflybrain.org - GA4	blog.virtualflybrain.org	user_engagement	1	1
2023-12-02	virtualflybrain.org - GA4	bocian-jenkins.virtualflybrain.org	first_visit	1	1
2023-12-02	virtualflybrain.org - GA4	bocian-jenkins.virtualflybrain.org	page_view	1	1
2023-12-02	virtualflybrain.org - GA4	bocian-jenkins.virtualflybrain.org	session_start	1	1
2023-12-02	virtualflybrain.org - GA4	buttermilk.inf.ed.ac.uk	first_visit	1	1
2023-12-02	virtualflybrain.org - GA4	buttermilk.inf.ed.ac.uk	page_view	1	1
2023-12-02	virtualflybrain.org - GA4	buttermilk.inf.ed.ac.uk	session_start	1	1
2023-12-02	virtualflybrain.org - GA4	buttermilk.inf.ed.ac.uk	user_engagement	1	1
2023-12-02	virtualflybrain.org - GA4	flybrain.inf.ed.ac.uk	first_visit	1	1
2023-12-02	virtualflybrain.org - GA4	flybrain.inf.ed.ac.uk	page_view	1	1
2023-12-02	virtualflybrain.org - GA4	flybrain.inf.ed.ac.uk	session_start	1	1
2023-12-02	virtualflybrain.org - GA4	flybrain.inf.ed.ac.uk	user_engagement	1	1
2023-12-02	virtualflybrain.org - GA4	nblast.virtualflybrain.org	first_visit	1	1
2023-12-02	virtualflybrain.org - GA4	nblast.virtualflybrain.org	page_view	1	1
2023-12-02	virtualflybrain.org - GA4	nblast.virtualflybrain.org	session_start	1	1
2023-12-02	virtualflybrain.org - GA4	v2.virtualflybrain.org	first_visit	1	1
2023-12-02	virtualflybrain.org - GA4	v2.virtualflybrain.org	page_view	1	1
2023-12-02	virtualflybrain.org - GA4	v2.virtualflybrain.org	session_start	1	1
2023-12-02	virtualflybrain.org - GA4	virtualflybrain.org	first_visit	4	4
2023-12-02	virtualflybrain.org - GA4	virtualflybrain.org	page_view	5	4
2023-12-02	virtualflybrain.org - GA4	virtualflybrain.org	session_start	4	4
2023-12-02	virtualflybrain.org - GA4	virtualflybrain.org	user_engagement	1	1
2023-12-02	virtualflybrain.org - GA4	www.virtualflybrain.org	first_visit	14	14
2023-12-02	virtualflybrain.org - GA4	www.virtualflybrain.org	page_view	35	17
2023-12-02	virtualflybrain.org - GA4	www.virtualflybrain.org	session_start	19	18
2023-12-02	virtualflybrain.org - GA4	www.virtualflybrain.org	user_engagement	32	10
2023-12-03	virtualflybrain.org - GA4	12877200-fe3e-43bd-bf43-557c75765038.virtualflybrain.org	user_engagement	1	1
2023-12-03	virtualflybrain.org - GA4	76e1bce3-27a5-406f-81cd-32f1152396af.virtualflybrain.org	user_engagement	1	1
2023-12-03	virtualflybrain.org - GA4	bocian-jenkins.virtualflybrain.org	first_visit	1	1
2023-12-03	virtualflybrain.org - GA4	bocian-jenkins.virtualflybrain.org	page_view	1	1
2023-12-03	virtualflybrain.org - GA4	bocian-jenkins.virtualflybrain.org	session_start	1	1
2023-12-03	virtualflybrain.org - GA4	geppetto.virtualflybrain.org	user_engagement	1	1
2023-12-03	virtualflybrain.org - GA4	hugo.virtualflybrain.org	user_engagement	1	1
2023-12-03	virtualflybrain.org - GA4	larval.virtualflybrain.org	user_engagement	1	1
2023-12-03	virtualflybrain.org - GA4	natverse1.virtualflybrain.org	user_engagement	1	1
2023-12-03	virtualflybrain.org - GA4	p2.virtualflybrain.org	user_engagement	1	1
2023-12-03	virtualflybrain.org - GA4	sb1.virtualflybrain.org	user_engagement	1	1
2023-12-03	virtualflybrain.org - GA4	solr-alpha.virtualflybrain.org	page_view	1	1
2023-12-03	virtualflybrain.org - GA4	solr-alpha.virtualflybrain.org	user_engagement	1	1
2023-12-03	virtualflybrain.org - GA4	solr.p2.virtualflybrain.org	user_engagement	1	1
2023-12-03	virtualflybrain.org - GA4	test-abd1.5.catmaid.virtualflybrain.org	user_engagement	1	1
2023-12-03	virtualflybrain.org - GA4	v2-dev2.virtualflybrain.org	user_engagement	1	1
2023-12-03	virtualflybrain.org - GA4	virtualflybrain.org	first_visit	4	4
2023-12-03	virtualflybrain.org - GA4	virtualflybrain.org	page_view	4	4
2023-12-03	virtualflybrain.org - GA4	virtualflybrain.org	session_start	4	4
2023-12-03	virtualflybrain.org - GA4	virtualflybrain.org	user_engagement	1	1
2023-12-03	virtualflybrain.org - GA4	vnc.catmaid.virtualflybrain.org	user_engagement	1	1
2023-12-03	virtualflybrain.org - GA4	www.virtualflybrain.org	first_visit	13	13
2023-12-03	virtualflybrain.org - GA4	www.virtualflybrain.org	page_view	17	15
2023-12-03	virtualflybrain.org - GA4	www.virtualflybrain.org	session_start	19	16
2023-12-03	virtualflybrain.org - GA4	www.virtualflybrain.org	user_engagement	14	12
2023-12-04	virtualflybrain.org - GA4	api.virtualflybrain.org	user_engagement	1	1
2023-12-04	virtualflybrain.org - GA4	bocian-jenkins.virtualflybrain.org	first_visit	1	1
2023-12-04	virtualflybrain.org - GA4	bocian-jenkins.virtualflybrain.org	page_view	1	1
2023-12-04	virtualflybrain.org - GA4	bocian-jenkins.virtualflybrain.org	session_start	1	1
2023-12-04	virtualflybrain.org - GA4	buttermilk.inf.ed.ac.uk	first_visit	2	2
2023-12-04	virtualflybrain.org - GA4	buttermilk.inf.ed.ac.uk	page_view	2	2
2023-12-04	virtualflybrain.org - GA4	buttermilk.inf.ed.ac.uk	session_start	2	2
2023-12-04	virtualflybrain.org - GA4	buttermilk.inf.ed.ac.uk	user_engagement	1	1
2023-12-04	virtualflybrain.org - GA4	flybrain.inf.ed.ac.uk	first_visit	2	2
2023-12-04	virtualflybrain.org - GA4	flybrain.inf.ed.ac.uk	page_view	2	2
2023-12-04	virtualflybrain.org - GA4	flybrain.inf.ed.ac.uk	session_start	3	2
2023-12-04	virtualflybrain.org - GA4	flybrain.inf.ed.ac.uk	user_engagement	2	2
2023-12-04	virtualflybrain.org - GA4	ids.virtualflybrain.org	user_engagement	1	1
2023-12-04	virtualflybrain.org - GA4	meet.virtualflybrain.org	user_engagement	1	1
2023-12-04	virtualflybrain.org - GA4	virtualflybrain.org	first_visit	2	2
2023-12-04	virtualflybrain.org - GA4	virtualflybrain.org	page_view	4	4
2023-12-04	virtualflybrain.org - GA4	virtualflybrain.org	session_start	3	3
2023-12-04	virtualflybrain.org - GA4	virtualflybrain.org	user_engagement	2	2
2023-12-04	virtualflybrain.org - GA4	webmail.virtualflybrain.org	user_engagement	1	1
2023-12-04	virtualflybrain.org - GA4	www.virtualflybrain.org	first_visit	26	26
2023-12-04	virtualflybrain.org - GA4	www.virtualflybrain.org	page_view	53	33
2023-12-04	virtualflybrain.org - GA4	www.virtualflybrain.org	session_start	40	34
2023-12-04	virtualflybrain.org - GA4	www.virtualflybrain.org	user_engagement	46	31
2023-12-05	virtualflybrain.org - GA4	12877200-fe3e-43bd-bf43-557c75765038.virtualflybrain.org	user_engagement	1	1
2023-12-05	virtualflybrain.org - GA4	129.215.197.120	user_engagement	1	1
2023-12-05	virtualflybrain.org - GA4	4a67275a-ca9d-4436-a2d4-5291cbf8bca2.virtualflybrain.org	user_engagement	1	1
2023-12-05	virtualflybrain.org - GA4	511e8a24-c663-48f5-9858-cee6c49e3718.virtualflybrain.org	user_engagement	1	1
2023-12-05	virtualflybrain.org - GA4	76e1bce3-27a5-406f-81cd-32f1152396af.virtualflybrain.org	user_engagement	1	1
2023-12-05	virtualflybrain.org - GA4	981gwa2l.virtualflybrain.org	user_engagement	1	1
2023-12-05	virtualflybrain.org - GA4	bocian-jenkins.virtualflybrain.org	first_visit	1	1
2023-12-05	virtualflybrain.org - GA4	bocian-jenkins.virtualflybrain.org	page_view	1	1
2023-12-05	virtualflybrain.org - GA4	bocian-jenkins.virtualflybrain.org	session_start	1	1
2023-12-05	virtualflybrain.org - GA4	debug.virtualflybrain.org	page_view	1	1
2023-12-05	virtualflybrain.org - GA4	debug.virtualflybrain.org	user_engagement	1	1
2023-12-05	virtualflybrain.org - GA4	dev.virtualflybrain.org	user_engagement	1	1
2023-12-05	virtualflybrain.org - GA4	flybrain.inf.ed.ac.uk	first_visit	2	2
2023-12-05	virtualflybrain.org - GA4	flybrain.inf.ed.ac.uk	page_view	3	2
2023-12-05	virtualflybrain.org - GA4	flybrain.inf.ed.ac.uk	session_start	2	2
2023-12-05	virtualflybrain.org - GA4	flybrain.inf.ed.ac.uk	user_engagement	2	2
2023-12-05	virtualflybrain.org - GA4	geppetto-dev1.virtualflybrain.org	page_view	1	1
2023-12-05	virtualflybrain.org - GA4	geppetto-dev1.virtualflybrain.org	user_engagement	1	1
2023-12-05	virtualflybrain.org - GA4	grafana.virtualflybrain.org	user_engagement	1	1
2023-12-05	virtualflybrain.org - GA4	ids.virtualflybrain.org	user_engagement	1	1
2023-12-05	virtualflybrain.org - GA4	jenkins.virtualflybrain.org	page_view	1	1
2023-12-05	virtualflybrain.org - GA4	jenkins.virtualflybrain.org	user_engagement	1	1
2023-12-05	virtualflybrain.org - GA4	kbw.virtualflybrain.org	page_view	1	1
2023-12-05	virtualflybrain.org - GA4	kbw.virtualflybrain.org	user_engagement	1	1
2023-12-05	virtualflybrain.org - GA4	larval.virtualflybrain.org	user_engagement	2	2
2023-12-05	virtualflybrain.org - GA4	mail.virtualflybrain.org	user_engagement	1	1
2023-12-05	virtualflybrain.org - GA4	mayo.inf.ed.ac.uk	user_engagement	1	1
2023-12-05	virtualflybrain.org - GA4	meet.virtualflybrain.org	user_engagement	1	1
2023-12-05	virtualflybrain.org - GA4	mysql.virtualflybrain.org	user_engagement	1	1
2023-12-05	virtualflybrain.org - GA4	natverse1.virtualflybrain.org	user_engagement	1	1
2023-12-05	virtualflybrain.org - GA4	natverse2.virtualflybrain.org	page_view	1	1
2023-12-05	virtualflybrain.org - GA4	natverse2.virtualflybrain.org	user_engagement	1	1
2023-12-05	virtualflybrain.org - GA4	natverse3.virtualflybrain.org	page_view	1	1
2023-12-05	virtualflybrain.org - GA4	natverse3.virtualflybrain.org	user_engagement	1	1
2023-12-05	virtualflybrain.org - GA4	owl-dev.virtualflybrain.org	user_engagement	1	1
2023-12-05	virtualflybrain.org - GA4	owl.virtualflybrain.org	page_view	1	1
2023-12-05	virtualflybrain.org - GA4	owl.virtualflybrain.org	user_engagement	1	1
2023-12-05	virtualflybrain.org - GA4	parsley.inf.ed.ac.uk	user_engagement	1	1
2023-12-05	virtualflybrain.org - GA4	r.virtualflybrain.org	user_engagement	1	1
2023-12-05	virtualflybrain.org - GA4	sb1.virtualflybrain.org	user_engagement	1	1
2023-12-05	virtualflybrain.org - GA4	smtp.virtualflybrain.org	user_engagement	1	1
2023-12-05	virtualflybrain.org - GA4	test-abd1.5.catmaid.virtualflybrain.org	user_engagement	1	1
2023-12-05	virtualflybrain.org - GA4	v1-5.virtualflybrain.org	page_view	1	1
2023-12-05	virtualflybrain.org - GA4	v1-5.virtualflybrain.org	user_engagement	1	1
2023-12-05	virtualflybrain.org - GA4	v2-dev2.virtualflybrain.org	user_engagement	1	1
2023-12-05	virtualflybrain.org - GA4	v2.virtualflybrain.org	first_visit	1	1
2023-12-05	virtualflybrain.org - GA4	v2.virtualflybrain.org	page_view	1	1
2023-12-05	virtualflybrain.org - GA4	v2.virtualflybrain.org	session_start	1	1
2023-12-05	virtualflybrain.org - GA4	v2a.virtualflybrain.org	first_visit	1	1
2023-12-05	virtualflybrain.org - GA4	v2a.virtualflybrain.org	page_view	2	1
2023-12-05	virtualflybrain.org - GA4	v2a.virtualflybrain.org	session_start	1	1
2023-12-05	virtualflybrain.org - GA4	vfbblog.inf.ed.ac.uk	user_engagement	1	1
2023-12-05	virtualflybrain.org - GA4	virtualflybrain.org	first_visit	4	4
2023-12-05	virtualflybrain.org - GA4	virtualflybrain.org	page_view	4	4
2023-12-05	virtualflybrain.org - GA4	virtualflybrain.org	session_start	4	4
2023-12-05	virtualflybrain.org - GA4	virtualflybrain.org	user_engagement	4	4
2023-12-05	virtualflybrain.org - GA4	webtop.virtualflybrain.org	user_engagement	1	1
2023-12-05	virtualflybrain.org - GA4	www.virtualflybrain.org	first_visit	38	38
2023-12-05	virtualflybrain.org - GA4	www.virtualflybrain.org	page_view	105	50
2023-12-05	virtualflybrain.org - GA4	www.virtualflybrain.org	session_start	53	50
2023-12-05	virtualflybrain.org - GA4	www.virtualflybrain.org	user_engagement	104	43
2023-12-06	virtualflybrain.org - GA4	129.215.197.120	first_visit	1	1
2023-12-06	virtualflybrain.org - GA4	129.215.197.120	page_view	1	1
2023-12-06	virtualflybrain.org - GA4	129.215.197.120	session_start	1	1
2023-12-06	virtualflybrain.org - GA4	bocian-jenkins.virtualflybrain.org	first_visit	1	1
2023-12-06	virtualflybrain.org - GA4	bocian-jenkins.virtualflybrain.org	page_view	1	1
2023-12-06	virtualflybrain.org - GA4	bocian-jenkins.virtualflybrain.org	session_start	1	1
2023-12-06	virtualflybrain.org - GA4	buttermilk.inf.ed.ac.uk	first_visit	2	2
2023-12-06	virtualflybrain.org - GA4	buttermilk.inf.ed.ac.uk	page_view	8	3
2023-12-06	virtualflybrain.org - GA4	buttermilk.inf.ed.ac.uk	session_start	4	4
2023-12-06	virtualflybrain.org - GA4	buttermilk.inf.ed.ac.uk	user_engagement	9	4
2023-12-06	virtualflybrain.org - GA4	flybrain.inf.ed.ac.uk	first_visit	1	1
2023-12-06	virtualflybrain.org - GA4	flybrain.inf.ed.ac.uk	page_view	1	1
2023-12-06	virtualflybrain.org - GA4	flybrain.inf.ed.ac.uk	session_start	1	1
2023-12-06	virtualflybrain.org - GA4	flybrain.inf.ed.ac.uk	user_engagement	1	1
2023-12-06	virtualflybrain.org - GA4	virtualflybrain.org	first_visit	5	5
2023-12-06	virtualflybrain.org - GA4	virtualflybrain.org	page_view	6	5
2023-12-06	virtualflybrain.org - GA4	virtualflybrain.org	session_start	5	5
2023-12-06	virtualflybrain.org - GA4	virtualflybrain.org	user_engagement	1	1
2023-12-06	virtualflybrain.org - GA4	www.virtualflybrain.org	first_visit	27	27
2023-12-06	virtualflybrain.org - GA4	www.virtualflybrain.org	page_view	60	35
2023-12-06	virtualflybrain.org - GA4	www.virtualflybrain.org	session_start	40	36
2023-12-06	virtualflybrain.org - GA4	www.virtualflybrain.org	user_engagement	51	28
2023-12-07	virtualflybrain.org - GA4	129.215.197.144	first_visit	1	1
2023-12-07	virtualflybrain.org - GA4	129.215.197.144	page_view	1	1
2023-12-07	virtualflybrain.org - GA4	129.215.197.144	session_start	1	1
2023-12-07	virtualflybrain.org - GA4	bocian-jenkins.virtualflybrain.org	first_visit	1	1
2023-12-07	virtualflybrain.org - GA4	bocian-jenkins.virtualflybrain.org	page_view	1	1
2023-12-07	virtualflybrain.org - GA4	bocian-jenkins.virtualflybrain.org	session_start	1	1
2023-12-07	virtualflybrain.org - GA4	virtualflybrain.org	first_visit	8	8
2023-12-07	virtualflybrain.org - GA4	virtualflybrain.org	page_view	26	8
2023-12-07	virtualflybrain.org - GA4	virtualflybrain.org	session_start	10	8
2023-12-07	virtualflybrain.org - GA4	virtualflybrain.org	user_engagement	17	1
2023-12-07	virtualflybrain.org - GA4	www.virtualflybrain.org	first_visit	33	33
2023-12-07	virtualflybrain.org - GA4	www.virtualflybrain.org	page_view	60	42
2023-12-07	virtualflybrain.org - GA4	www.virtualflybrain.org	session_start	48	44
2023-12-07	virtualflybrain.org - GA4	www.virtualflybrain.org	user_engagement	51	32
2023-12-08	virtualflybrain.org - GA4	bocian-jenkins.virtualflybrain.org	first_visit	1	1
2023-12-08	virtualflybrain.org - GA4	bocian-jenkins.virtualflybrain.org	page_view	1	1
2023-12-08	virtualflybrain.org - GA4	bocian-jenkins.virtualflybrain.org	session_start	1	1
2023-12-08	virtualflybrain.org - GA4	virtualflybrain.org	first_visit	7	7
2023-12-08	virtualflybrain.org - GA4	virtualflybrain.org	page_view	9	7
2023-12-08	virtualflybrain.org - GA4	virtualflybrain.org	session_start	7	7
2023-12-08	virtualflybrain.org - GA4	virtualflybrain.org	user_engagement	6	4
2023-12-08	virtualflybrain.org - GA4	www.virtualflybrain.org	first_visit	27	27
2023-12-08	virtualflybrain.org - GA4	www.virtualflybrain.org	page_view	56	33
2023-12-08	virtualflybrain.org - GA4	www.virtualflybrain.org	session_start	40	36
2023-12-08	virtualflybrain.org - GA4	www.virtualflybrain.org	user_engagement	50	29
2023-12-09	virtualflybrain.org - GA4	129.215.197.101	first_visit	2	2
2023-12-09	virtualflybrain.org - GA4	129.215.197.101	page_view	2	2
2023-12-09	virtualflybrain.org - GA4	129.215.197.101	session_start	2	2
2023-12-09	virtualflybrain.org - GA4	129.215.197.144	first_visit	1	1
2023-12-09	virtualflybrain.org - GA4	129.215.197.144	page_view	1	1
2023-12-09	virtualflybrain.org - GA4	129.215.197.144	session_start	1	1
2023-12-09	virtualflybrain.org - GA4	bocian-jenkins.virtualflybrain.org	first_visit	1	1
2023-12-09	virtualflybrain.org - GA4	bocian-jenkins.virtualflybrain.org	page_view	1	1
2023-12-09	virtualflybrain.org - GA4	bocian-jenkins.virtualflybrain.org	session_start	1	1
2023-12-09	virtualflybrain.org - GA4	ids.virtualflybrain.org	user_engagement	1	1
2023-12-09	virtualflybrain.org - GA4	meet.virtualflybrain.org	user_engagement	1	1
2023-12-09	virtualflybrain.org - GA4	pdb.sl.virtualflybrain.org	page_view	1	1
2023-12-09	virtualflybrain.org - GA4	pdb.sl.virtualflybrain.org	session_start	1	1
2023-12-09	virtualflybrain.org - GA4	pdb.sl.virtualflybrain.org	user_engagement	1	1
2023-12-09	virtualflybrain.org - GA4	v2.virtualflybrain.org	first_visit	1	1
2023-12-09	virtualflybrain.org - GA4	v2.virtualflybrain.org	page_view	1	1
2023-12-09	virtualflybrain.org - GA4	v2.virtualflybrain.org	session_start	1	1
2023-12-09	virtualflybrain.org - GA4	virtualflybrain.org	first_visit	7	7
2023-12-09	virtualflybrain.org - GA4	virtualflybrain.org	page_view	8	7
2023-12-09	virtualflybrain.org - GA4	virtualflybrain.org	session_start	7	7
2023-12-09	virtualflybrain.org - GA4	virtualflybrain.org	user_engagement	1	1
2023-12-09	virtualflybrain.org - GA4	www.virtualflybrain.org	first_visit	18	18
2023-12-09	virtualflybrain.org - GA4	www.virtualflybrain.org	page_view	48	21
2023-12-09	virtualflybrain.org - GA4	www.virtualflybrain.org	session_start	24	22
2023-12-09	virtualflybrain.org - GA4	www.virtualflybrain.org	user_engagement	39	11
2023-12-10	virtualflybrain.org - GA4	129.215.197.120	user_engagement	1	1
2023-12-10	virtualflybrain.org - GA4	bocian-jenkins.virtualflybrain.org	first_visit	2	2
2023-12-10	virtualflybrain.org - GA4	bocian-jenkins.virtualflybrain.org	page_view	2	2
2023-12-10	virtualflybrain.org - GA4	bocian-jenkins.virtualflybrain.org	session_start	2	2
2023-12-10	virtualflybrain.org - GA4	buttermilk.inf.ed.ac.uk	first_visit	1	1
2023-12-10	virtualflybrain.org - GA4	buttermilk.inf.ed.ac.uk	page_view	2	1
2023-12-10	virtualflybrain.org - GA4	buttermilk.inf.ed.ac.uk	session_start	1	1
2023-12-10	virtualflybrain.org - GA4	buttermilk.inf.ed.ac.uk	user_engagement	1	1
2023-12-10	virtualflybrain.org - GA4	catmaid-fafb.virtualflybrain.org	first_visit	1	1
2023-12-10	virtualflybrain.org - GA4	catmaid-fafb.virtualflybrain.org	page_view	1	1
2023-12-10	virtualflybrain.org - GA4	catmaid-fafb.virtualflybrain.org	session_start	1	1
2023-12-10	virtualflybrain.org - GA4	virtualflybrain.org	first_visit	4	4
2023-12-10	virtualflybrain.org - GA4	virtualflybrain.org	page_view	9	5
2023-12-10	virtualflybrain.org - GA4	virtualflybrain.org	session_start	7	5
2023-12-10	virtualflybrain.org - GA4	www.virtualflybrain.org	first_visit	8	8
2023-12-10	virtualflybrain.org - GA4	www.virtualflybrain.org	page_view	18	10
2023-12-10	virtualflybrain.org - GA4	www.virtualflybrain.org	session_start	12	10
2023-12-10	virtualflybrain.org - GA4	www.virtualflybrain.org	user_engagement	16	9
2023-12-11	virtualflybrain.org - GA4	bocian-jenkins.virtualflybrain.org	first_visit	1	1
2023-12-11	virtualflybrain.org - GA4	bocian-jenkins.virtualflybrain.org	page_view	1	1
2023-12-11	virtualflybrain.org - GA4	bocian-jenkins.virtualflybrain.org	session_start	1	1
2023-12-11	virtualflybrain.org - GA4	buttermilk.inf.ed.ac.uk	first_visit	1	1
2023-12-11	virtualflybrain.org - GA4	buttermilk.inf.ed.ac.uk	page_view	1	1
2023-12-11	virtualflybrain.org - GA4	buttermilk.inf.ed.ac.uk	session_start	2	1
2023-12-11	virtualflybrain.org - GA4	buttermilk.inf.ed.ac.uk	user_engagement	1	1
2023-12-11	virtualflybrain.org - GA4	virtualflybrain.org	first_visit	8	8
2023-12-11	virtualflybrain.org - GA4	virtualflybrain.org	page_view	8	8
2023-12-11	virtualflybrain.org - GA4	virtualflybrain.org	session_start	8	8
2023-12-11	virtualflybrain.org - GA4	virtualflybrain.org	user_engagement	2	2
2023-12-11	virtualflybrain.org - GA4	www.virtualflybrain.org	first_visit	16	16
2023-12-11	virtualflybrain.org - GA4	www.virtualflybrain.org	page_view	38	23
2023-12-11	virtualflybrain.org - GA4	www.virtualflybrain.org	session_start	28	24
2023-12-11	virtualflybrain.org - GA4	www.virtualflybrain.org	user_engagement	34	21
2023-12-12	virtualflybrain.org - GA4	129.215.197.101	first_visit	1	1
2023-12-12	virtualflybrain.org - GA4	129.215.197.101	page_view	1	1
2023-12-12	virtualflybrain.org - GA4	129.215.197.101	session_start	1	1
2023-12-12	virtualflybrain.org - GA4	bocian-jenkins.virtualflybrain.org	first_visit	1	1
2023-12-12	virtualflybrain.org - GA4	bocian-jenkins.virtualflybrain.org	page_view	1	1
2023-12-12	virtualflybrain.org - GA4	bocian-jenkins.virtualflybrain.org	session_start	1	1
2023-12-12	virtualflybrain.org - GA4	buttermilk.inf.ed.ac.uk	first_visit	1	1
2023-12-12	virtualflybrain.org - GA4	buttermilk.inf.ed.ac.uk	page_view	1	1
2023-12-12	virtualflybrain.org - GA4	buttermilk.inf.ed.ac.uk	session_start	1	1
2023-12-12	virtualflybrain.org - GA4	buttermilk.inf.ed.ac.uk	user_engagement	1	1
2023-12-12	virtualflybrain.org - GA4	nblast.virtualflybrain.org	first_visit	1	1
2023-12-12	virtualflybrain.org - GA4	nblast.virtualflybrain.org	page_view	1	1
2023-12-12	virtualflybrain.org - GA4	nblast.virtualflybrain.org	session_start	1	1
2023-12-12	virtualflybrain.org - GA4	v2.virtualflybrain.org	first_visit	1	1
2023-12-12	virtualflybrain.org - GA4	v2.virtualflybrain.org	page_view	1	1
2023-12-12	virtualflybrain.org - GA4	v2.virtualflybrain.org	session_start	1	1
2023-12-12	virtualflybrain.org - GA4	virtualflybrain.org	first_visit	8	8
2023-12-12	virtualflybrain.org - GA4	virtualflybrain.org	page_view	10	9
2023-12-12	virtualflybrain.org - GA4	virtualflybrain.org	session_start	10	9
2023-12-12	virtualflybrain.org - GA4	www.virtualflybrain.org	first_visit	33	33
2023-12-12	virtualflybrain.org - GA4	www.virtualflybrain.org	page_view	70	40
2023-12-12	virtualflybrain.org - GA4	www.virtualflybrain.org	session_start	45	40
2023-12-12	virtualflybrain.org - GA4	www.virtualflybrain.org	user_engagement	59	27
2023-12-13	virtualflybrain.org - GA4	bocian-jenkins.virtualflybrain.org	first_visit	1	1
2023-12-13	virtualflybrain.org - GA4	bocian-jenkins.virtualflybrain.org	page_view	1	1
2023-12-13	virtualflybrain.org - GA4	bocian-jenkins.virtualflybrain.org	session_start	1	1
2023-12-13	virtualflybrain.org - GA4	buttermilk.inf.ed.ac.uk	first_visit	1	1
2023-12-13	virtualflybrain.org - GA4	buttermilk.inf.ed.ac.uk	page_view	2	2
2023-12-13	virtualflybrain.org - GA4	buttermilk.inf.ed.ac.uk	session_start	3	2
2023-12-13	virtualflybrain.org - GA4	buttermilk.inf.ed.ac.uk	user_engagement	2	2
2023-12-13	virtualflybrain.org - GA4	flybrain.inf.ed.ac.uk	first_visit	1	1
2023-12-13	virtualflybrain.org - GA4	flybrain.inf.ed.ac.uk	page_view	1	1
2023-12-13	virtualflybrain.org - GA4	flybrain.inf.ed.ac.uk	session_start	1	1
2023-12-13	virtualflybrain.org - GA4	flybrain.inf.ed.ac.uk	user_engagement	1	1
2023-12-13	virtualflybrain.org - GA4	virtualflybrain.org	first_visit	7	7
2023-12-13	virtualflybrain.org - GA4	virtualflybrain.org	page_view	7	7
2023-12-13	virtualflybrain.org - GA4	virtualflybrain.org	session_start	7	7
2023-12-13	virtualflybrain.org - GA4	virtualflybrain.org	user_engagement	1	1
2023-12-13	virtualflybrain.org - GA4	www.virtualflybrain.org	first_visit	36	36
2023-12-13	virtualflybrain.org - GA4	www.virtualflybrain.org	page_view	87	49
2023-12-13	virtualflybrain.org - GA4	www.virtualflybrain.org	session_start	60	51
2023-12-13	virtualflybrain.org - GA4	www.virtualflybrain.org	user_engagement	82	43
2023-12-14	virtualflybrain.org - GA4	61d21a5c-c24c-4060-9a1d-185c49b8cd22.virtualflybrain.org	user_engagement	1	1
2023-12-14	virtualflybrain.org - GA4	981gwa2l.virtualflybrain.org	user_engagement	1	1
2023-12-14	virtualflybrain.org - GA4	admin.virtualflybrain.org	user_engagement	1	1
2023-12-14	virtualflybrain.org - GA4	bocian-jenkins.virtualflybrain.org	first_visit	1	1
2023-12-14	virtualflybrain.org - GA4	bocian-jenkins.virtualflybrain.org	page_view	1	1
2023-12-14	virtualflybrain.org - GA4	bocian-jenkins.virtualflybrain.org	session_start	1	1
2023-12-14	virtualflybrain.org - GA4	flybrain.inf.ed.ac.uk	first_visit	1	1
2023-12-14	virtualflybrain.org - GA4	flybrain.inf.ed.ac.uk	page_view	1	1
2023-12-14	virtualflybrain.org - GA4	flybrain.inf.ed.ac.uk	session_start	1	1
2023-12-14	virtualflybrain.org - GA4	karenin-jenkins.virtualflybrain.org	user_engagement	1	1
2023-12-14	virtualflybrain.org - GA4	mail.virtualflybrain.org	user_engagement	1	1
2023-12-14	virtualflybrain.org - GA4	monitor.virtualflybrain.org	user_engagement	1	1
2023-12-14	virtualflybrain.org - GA4	virtualflybrain.org	first_visit	6	6
2023-12-14	virtualflybrain.org - GA4	virtualflybrain.org	page_view	8	7
2023-12-14	virtualflybrain.org - GA4	virtualflybrain.org	session_start	6	6
2023-12-14	virtualflybrain.org - GA4	virtualflybrain.org	user_engagement	1	1
2023-12-14	virtualflybrain.org - GA4	www.virtualflybrain.org	first_visit	27	27
2023-12-14	virtualflybrain.org - GA4	www.virtualflybrain.org	page_view	67	31
2023-12-14	virtualflybrain.org - GA4	www.virtualflybrain.org	session_start	33	31
2023-12-14	virtualflybrain.org - GA4	www.virtualflybrain.org	user_engagement	63	28
2023-12-15	virtualflybrain.org - GA4	123456789abcdefghijklmnopq.v2.virtualflybrain.org	user_engagement	1	1
2023-12-15	virtualflybrain.org - GA4	129.215.197.144	user_engagement	1	1
2023-12-15	virtualflybrain.org - GA4	blanik-jenkins.virtualflybrain.org	user_engagement	1	1
2023-12-15	virtualflybrain.org - GA4	blog.virtualflybrain.org	page_view	1	1
2023-12-15	virtualflybrain.org - GA4	blog.virtualflybrain.org	session_start	2	1
2023-12-15	virtualflybrain.org - GA4	blog.virtualflybrain.org	user_engagement	1	1
2023-12-15	virtualflybrain.org - GA4	bocian-jenkins.virtualflybrain.org	first_visit	1	1
2023-12-15	virtualflybrain.org - GA4	bocian-jenkins.virtualflybrain.org	page_view	1	1
2023-12-15	virtualflybrain.org - GA4	bocian-jenkins.virtualflybrain.org	session_start	1	1
2023-12-15	virtualflybrain.org - GA4	build.virtualflybrain.org	user_engagement	1	1
2023-12-15	virtualflybrain.org - GA4	catmaid-fafb.virtualflybrain.org	user_engagement	1	1
2023-12-15	virtualflybrain.org - GA4	geppetto-dev.virtualflybrain.org	user_engagement	1	1
2023-12-15	virtualflybrain.org - GA4	herd.virtualflybrain.org	user_engagement	1	1
2023-12-15	virtualflybrain.org - GA4	mayo.inf.ed.ac.uk	first_visit	2	2
2023-12-15	virtualflybrain.org - GA4	mayo.inf.ed.ac.uk	page_view	2	2
2023-12-15	virtualflybrain.org - GA4	mayo.inf.ed.ac.uk	session_start	2	2
2023-12-15	virtualflybrain.org - GA4	mayo.inf.ed.ac.uk	user_engagement	1	1
2023-12-15	virtualflybrain.org - GA4	monitor.virtualflybrain.org	user_engagement	1	1
2023-12-15	virtualflybrain.org - GA4	natverse1.virtualflybrain.org	user_engagement	1	1
2023-12-15	virtualflybrain.org - GA4	natverse2.virtualflybrain.org	user_engagement	1	1
2023-12-15	virtualflybrain.org - GA4	sb.virtualflybrain.org	user_engagement	1	1
2023-12-15	virtualflybrain.org - GA4	sb2.virtualflybrain.org	user_engagement	1	1
2023-12-15	virtualflybrain.org - GA4	solr.p2.virtualflybrain.org	user_engagement	1	1
2023-12-15	virtualflybrain.org - GA4	v2-dev2.virtualflybrain.org	user_engagement	1	1
2023-12-15	virtualflybrain.org - GA4	virtualflybrain.org	first_visit	3	3
2023-12-15	virtualflybrain.org - GA4	virtualflybrain.org	page_view	3	3
2023-12-15	virtualflybrain.org - GA4	virtualflybrain.org	session_start	3	3
2023-12-15	virtualflybrain.org - GA4	virtualflybrain.org	user_engagement	1	1
2023-12-15	virtualflybrain.org - GA4	www.virtualflybrain.org	first_visit	16	16
2023-12-15	virtualflybrain.org - GA4	www.virtualflybrain.org	page_view	30	19
2023-12-15	virtualflybrain.org - GA4	www.virtualflybrain.org	session_start	21	19
2023-12-15	virtualflybrain.org - GA4	www.virtualflybrain.org	user_engagement	25	13
2023-12-15	virtualflybrain.org - GA4	zip.virtualflybrain.org	user_engagement	1	1
2023-12-16	virtualflybrain.org - GA4	129.215.197.110	user_engagement	1	1
2023-12-16	virtualflybrain.org - GA4	129.215.197.147	first_visit	1	1
2023-12-16	virtualflybrain.org - GA4	129.215.197.147	page_view	1	1
2023-12-16	virtualflybrain.org - GA4	129.215.197.147	session_start	1	1
2023-12-16	virtualflybrain.org - GA4	981gwa2l.virtualflybrain.org	user_engagement	1	1
2023-12-16	virtualflybrain.org - GA4	api.virtualflybrain.org	user_engagement	1	1
2023-12-16	virtualflybrain.org - GA4	blog.virtualflybrain.org	user_engagement	1	1
2023-12-16	virtualflybrain.org - GA4	bocian-jenkins.virtualflybrain.org	first_visit	1	1
2023-12-16	virtualflybrain.org - GA4	bocian-jenkins.virtualflybrain.org	page_view	1	1
2023-12-16	virtualflybrain.org - GA4	bocian-jenkins.virtualflybrain.org	session_start	1	1
2023-12-16	virtualflybrain.org - GA4	buttermilk.inf.ed.ac.uk	first_visit	1	1
2023-12-16	virtualflybrain.org - GA4	buttermilk.inf.ed.ac.uk	page_view	1	1
2023-12-16	virtualflybrain.org - GA4	buttermilk.inf.ed.ac.uk	session_start	1	1
2023-12-16	virtualflybrain.org - GA4	buttermilk.inf.ed.ac.uk	user_engagement	1	1
2023-12-16	virtualflybrain.org - GA4	debug.virtualflybrain.org	user_engagement	1	1
2023-12-16	virtualflybrain.org - GA4	geppetto-dev1.virtualflybrain.org	user_engagement	1	1
2023-12-16	virtualflybrain.org - GA4	grafana.virtualflybrain.org	user_engagement	1	1
2023-12-16	virtualflybrain.org - GA4	monitor.virtualflybrain.org	user_engagement	1	1
2023-12-16	virtualflybrain.org - GA4	natverse4.virtualflybrain.org	user_engagement	1	1
2023-12-16	virtualflybrain.org - GA4	nblast.virtualflybrain.org	user_engagement	1	1
2023-12-16	virtualflybrain.org - GA4	parsley.inf.ed.ac.uk	first_visit	1	1
2023-12-16	virtualflybrain.org - GA4	parsley.inf.ed.ac.uk	page_view	1	1
2023-12-16	virtualflybrain.org - GA4	parsley.inf.ed.ac.uk	session_start	1	1
2023-12-16	virtualflybrain.org - GA4	parsley.inf.ed.ac.uk	user_engagement	1	1
2023-12-16	virtualflybrain.org - GA4	smtp.virtualflybrain.org	page_view	1	1
2023-12-16	virtualflybrain.org - GA4	smtp.virtualflybrain.org	user_engagement	1	1
2023-12-16	virtualflybrain.org - GA4	solr-dev.virtualflybrain.org	user_engagement	1	1
2023-12-16	virtualflybrain.org - GA4	sourcream.inf.ed.ac.uk	first_visit	1	1
2023-12-16	virtualflybrain.org - GA4	sourcream.inf.ed.ac.uk	page_view	1	1
2023-12-16	virtualflybrain.org - GA4	sourcream.inf.ed.ac.uk	session_start	1	1
2023-12-16	virtualflybrain.org - GA4	test-abd1.5.catmaid.virtualflybrain.org	page_view	1	1
2023-12-16	virtualflybrain.org - GA4	test-abd1.5.catmaid.virtualflybrain.org	user_engagement	1	1
2023-12-16	virtualflybrain.org - GA4	vfbblog.inf.ed.ac.uk	user_engagement	1	1
2023-12-16	virtualflybrain.org - GA4	virtualflybrain.org	first_visit	5	5
2023-12-16	virtualflybrain.org - GA4	virtualflybrain.org	page_view	5	5
2023-12-16	virtualflybrain.org - GA4	virtualflybrain.org	session_start	5	5
2023-12-16	virtualflybrain.org - GA4	vnc.catmaid.virtualflybrain.org	user_engagement	1	1
2023-12-16	virtualflybrain.org - GA4	webtop.virtualflybrain.org	user_engagement	1	1
2023-12-16	virtualflybrain.org - GA4	www.virtualflybrain.org	first_visit	10	10
2023-12-16	virtualflybrain.org - GA4	www.virtualflybrain.org	page_view	104	13
2023-12-16	virtualflybrain.org - GA4	www.virtualflybrain.org	session_start	14	14
2023-12-16	virtualflybrain.org - GA4	www.virtualflybrain.org	user_engagement	96	10
2023-12-17	virtualflybrain.org - GA4	129.215.197.110	user_engagement	1	1
2023-12-17	virtualflybrain.org - GA4	blog.virtualflybrain.org	user_engagement	1	1
2023-12-17	virtualflybrain.org - GA4	bocian-jenkins.virtualflybrain.org	first_visit	1	1
2023-12-17	virtualflybrain.org - GA4	bocian-jenkins.virtualflybrain.org	page_view	1	1
2023-12-17	virtualflybrain.org - GA4	bocian-jenkins.virtualflybrain.org	session_start	1	1
2023-12-17	virtualflybrain.org - GA4	buttermilk.inf.ed.ac.uk	first_visit	1	1
2023-12-17	virtualflybrain.org - GA4	buttermilk.inf.ed.ac.uk	page_view	1	1
2023-12-17	virtualflybrain.org - GA4	buttermilk.inf.ed.ac.uk	session_start	1	1
2023-12-17	virtualflybrain.org - GA4	buttermilk.inf.ed.ac.uk	user_engagement	1	1
2023-12-17	virtualflybrain.org - GA4	chive.inf.ed.ac.uk	first_visit	2	2
2023-12-17	virtualflybrain.org - GA4	chive.inf.ed.ac.uk	page_view	2	2
2023-12-17	virtualflybrain.org - GA4	chive.inf.ed.ac.uk	session_start	2	2
2023-12-17	virtualflybrain.org - GA4	chive.inf.ed.ac.uk	user_engagement	2	2
2023-12-17	virtualflybrain.org - GA4	debug.virtualflybrain.org	user_engagement	1	1
2023-12-17	virtualflybrain.org - GA4	flybrain.inf.ed.ac.uk	first_visit	2	2
2023-12-17	virtualflybrain.org - GA4	flybrain.inf.ed.ac.uk	page_view	2	2
2023-12-17	virtualflybrain.org - GA4	flybrain.inf.ed.ac.uk	session_start	2	2
2023-12-17	virtualflybrain.org - GA4	geppetto-dev.virtualflybrain.org	user_engagement	1	1
2023-12-17	virtualflybrain.org - GA4	geppetto.virtualflybrain.org	user_engagement	1	1
2023-12-17	virtualflybrain.org - GA4	herd.virtualflybrain.org	page_view	1	1
2023-12-17	virtualflybrain.org - GA4	herd.virtualflybrain.org	user_engagement	1	1
2023-12-17	virtualflybrain.org - GA4	jupyter.virtualflybrain.org	page_view	1	1
2023-12-17	virtualflybrain.org - GA4	jupyter.virtualflybrain.org	user_engagement	1	1
2023-12-17	virtualflybrain.org - GA4	karenin-jenkins.virtualflybrain.org	user_engagement	1	1
2023-12-17	virtualflybrain.org - GA4	meet.virtualflybrain.org	user_engagement	1	1
2023-12-17	virtualflybrain.org - GA4	natverse2.virtualflybrain.org	user_engagement	1	1
2023-12-17	virtualflybrain.org - GA4	natverse3.virtualflybrain.org	user_engagement	1	1
2023-12-17	virtualflybrain.org - GA4	natverse5.virtualflybrain.org	user_engagement	1	1
2023-12-17	virtualflybrain.org - GA4	owl.virtualflybrain.org	user_engagement	1	1
2023-12-17	virtualflybrain.org - GA4	p2.virtualflybrain.org	page_view	1	1
2023-12-17	virtualflybrain.org - GA4	p2.virtualflybrain.org	user_engagement	1	1
2023-12-17	virtualflybrain.org - GA4	parsley.inf.ed.ac.uk	first_visit	1	1
2023-12-17	virtualflybrain.org - GA4	parsley.inf.ed.ac.uk	page_view	1	1
2023-12-17	virtualflybrain.org - GA4	parsley.inf.ed.ac.uk	session_start	1	1
2023-12-17	virtualflybrain.org - GA4	parsley.inf.ed.ac.uk	user_engagement	1	1
2023-12-17	virtualflybrain.org - GA4	r.virtualflybrain.org	user_engagement	1	1
2023-12-17	virtualflybrain.org - GA4	sb1.virtualflybrain.org	user_engagement	1	1
2023-12-17	virtualflybrain.org - GA4	solr.p2.virtualflybrain.org	user_engagement	1	1
2023-12-17	virtualflybrain.org - GA4	solr.virtualflybrain.org	user_engagement	1	1
2023-12-17	virtualflybrain.org - GA4	sourcream.inf.ed.ac.uk	first_visit	1	1
2023-12-17	virtualflybrain.org - GA4	sourcream.inf.ed.ac.uk	page_view	1	1
2023-12-17	virtualflybrain.org - GA4	sourcream.inf.ed.ac.uk	session_start	1	1
2023-12-17	virtualflybrain.org - GA4	sourcream.inf.ed.ac.uk	user_engagement	1	1
2023-12-17	virtualflybrain.org - GA4	ubuntu.virtualflybrain.org	page_view	1	1
2023-12-17	virtualflybrain.org - GA4	ubuntu.virtualflybrain.org	user_engagement	1	1
2023-12-17	virtualflybrain.org - GA4	v1.virtualflybrain.org	user_engagement	1	1
2023-12-17	virtualflybrain.org - GA4	virtualflybrain.org	first_visit	4	4
2023-12-17	virtualflybrain.org - GA4	virtualflybrain.org	page_view	7	5
2023-12-17	virtualflybrain.org - GA4	virtualflybrain.org	session_start	6	5
2023-12-17	virtualflybrain.org - GA4	webtop.virtualflybrain.org	page_view	1	1
2023-12-17	virtualflybrain.org - GA4	webtop.virtualflybrain.org	user_engagement	1	1
2023-12-17	virtualflybrain.org - GA4	www.virtualflybrain.org	first_visit	7	7
2023-12-17	virtualflybrain.org - GA4	www.virtualflybrain.org	page_view	8	8
2023-12-17	virtualflybrain.org - GA4	www.virtualflybrain.org	session_start	8	8
2023-12-17	virtualflybrain.org - GA4	www.virtualflybrain.org	user_engagement	5	5
2023-12-17	virtualflybrain.org - GA4	zip.virtualflybrain.org	page_view	1	1
2023-12-17	virtualflybrain.org - GA4	zip.virtualflybrain.org	user_engagement	1	1
2023-12-18	virtualflybrain.org - GA4	76e1bce3-27a5-406f-81cd-32f1152396af.virtualflybrain.org	user_engagement	1	1
2023-12-18	virtualflybrain.org - GA4	bocian-jenkins.virtualflybrain.org	first_visit	1	1
2023-12-18	virtualflybrain.org - GA4	bocian-jenkins.virtualflybrain.org	page_view	1	1
2023-12-18	virtualflybrain.org - GA4	bocian-jenkins.virtualflybrain.org	session_start	1	1
2023-12-18	virtualflybrain.org - GA4	buttermilk.inf.ed.ac.uk	first_visit	2	2
2023-12-18	virtualflybrain.org - GA4	buttermilk.inf.ed.ac.uk	page_view	2	2
2023-12-18	virtualflybrain.org - GA4	buttermilk.inf.ed.ac.uk	session_start	2	2
2023-12-18	virtualflybrain.org - GA4	buttermilk.inf.ed.ac.uk	user_engagement	2	1
2023-12-18	virtualflybrain.org - GA4	dev.virtualflybrain.org	user_engagement	1	1
2023-12-18	virtualflybrain.org - GA4	flybrain.inf.ed.ac.uk	first_visit	1	1
2023-12-18	virtualflybrain.org - GA4	flybrain.inf.ed.ac.uk	page_view	1	1
2023-12-18	virtualflybrain.org - GA4	flybrain.inf.ed.ac.uk	session_start	1	1
2023-12-18	virtualflybrain.org - GA4	larval.virtualflybrain.org	user_engagement	1	1
2023-12-18	virtualflybrain.org - GA4	natverse2.virtualflybrain.org	user_engagement	1	1
2023-12-18	virtualflybrain.org - GA4	solr.virtualflybrain.org	user_engagement	1	1
2023-12-18	virtualflybrain.org - GA4	v2test1.virtualflybrain.org	user_engagement	1	1
2023-12-18	virtualflybrain.org - GA4	virtualflybrain.org	first_visit	6	6
2023-12-18	virtualflybrain.org - GA4	virtualflybrain.org	page_view	6	6
2023-12-18	virtualflybrain.org - GA4	virtualflybrain.org	session_start	6	6
2023-12-18	virtualflybrain.org - GA4	virtualflybrain.org	user_engagement	1	1
2023-12-18	virtualflybrain.org - GA4	www.virtualflybrain.org	first_visit	30	30
2023-12-18	virtualflybrain.org - GA4	www.virtualflybrain.org	page_view	80	37
2023-12-18	virtualflybrain.org - GA4	www.virtualflybrain.org	session_start	42	37
2023-12-18	virtualflybrain.org - GA4	www.virtualflybrain.org	user_engagement	66	29
2023-12-19	virtualflybrain.org - GA4	129.215.197.144	first_visit	1	1
2023-12-19	virtualflybrain.org - GA4	129.215.197.144	page_view	1	1
2023-12-19	virtualflybrain.org - GA4	129.215.197.144	session_start	1	1
2023-12-19	virtualflybrain.org - GA4	bocian-jenkins.virtualflybrain.org	first_visit	1	1
2023-12-19	virtualflybrain.org - GA4	bocian-jenkins.virtualflybrain.org	page_view	1	1
2023-12-19	virtualflybrain.org - GA4	bocian-jenkins.virtualflybrain.org	session_start	1	1
2023-12-19	virtualflybrain.org - GA4	buttermilk.inf.ed.ac.uk	page_view	2	1
2023-12-19	virtualflybrain.org - GA4	buttermilk.inf.ed.ac.uk	session_start	1	1
2023-12-19	virtualflybrain.org - GA4	buttermilk.inf.ed.ac.uk	user_engagement	2	1
2023-12-19	virtualflybrain.org - GA4	solr-alpha.virtualflybrain.org	page_view	2	1
2023-12-19	virtualflybrain.org - GA4	solr-alpha.virtualflybrain.org	session_start	1	1
2023-12-19	virtualflybrain.org - GA4	solr-alpha.virtualflybrain.org	user_engagement	2	1
2023-12-19	virtualflybrain.org - GA4	solr.p2.virtualflybrain.org	page_view	7	1
2023-12-19	virtualflybrain.org - GA4	solr.p2.virtualflybrain.org	user_engagement	7	1
2023-12-19	virtualflybrain.org - GA4	v2.virtualflybrain.org	first_visit	3	3
2023-12-19	virtualflybrain.org - GA4	v2.virtualflybrain.org	page_view	3	3
2023-12-19	virtualflybrain.org - GA4	v2.virtualflybrain.org	session_start	3	3
2023-12-19	virtualflybrain.org - GA4	virtualflybrain.github.io	first_visit	1	1
2023-12-19	virtualflybrain.org - GA4	virtualflybrain.github.io	page_view	1	1
2023-12-19	virtualflybrain.org - GA4	virtualflybrain.github.io	session_start	1	1
2023-12-19	virtualflybrain.org - GA4	virtualflybrain.org	first_visit	9	9
2023-12-19	virtualflybrain.org - GA4	virtualflybrain.org	page_view	12	10
2023-12-19	virtualflybrain.org - GA4	virtualflybrain.org	session_start	11	10
2023-12-19	virtualflybrain.org - GA4	virtualflybrain.org	user_engagement	2	2
2023-12-19	virtualflybrain.org - GA4	www.virtualflybrain.org	first_visit	34	34
2023-12-19	virtualflybrain.org - GA4	www.virtualflybrain.org	page_view	99	41
2023-12-19	virtualflybrain.org - GA4	www.virtualflybrain.org	session_start	45	41
2023-12-19	virtualflybrain.org - GA4	www.virtualflybrain.org	user_engagement	79	25
2023-12-20	virtualflybrain.org - GA4	8c212b03-94d4-4b64-b132-a3ddc580239c.virtualflybrain.org	user_engagement	1	1
2023-12-20	virtualflybrain.org - GA4	bocian-jenkins.virtualflybrain.org	first_visit	1	1
2023-12-20	virtualflybrain.org - GA4	bocian-jenkins.virtualflybrain.org	page_view	1	1
2023-12-20	virtualflybrain.org - GA4	bocian-jenkins.virtualflybrain.org	session_start	1	1
2023-12-20	virtualflybrain.org - GA4	flybrain.inf.ed.ac.uk	first_visit	1	1
2023-12-20	virtualflybrain.org - GA4	flybrain.inf.ed.ac.uk	page_view	2	1
2023-12-20	virtualflybrain.org - GA4	flybrain.inf.ed.ac.uk	session_start	1	1
2023-12-20	virtualflybrain.org - GA4	flybrain.inf.ed.ac.uk	user_engagement	2	1
2023-12-20	virtualflybrain.org - GA4	natverse1.virtualflybrain.org	user_engagement	1	1
2023-12-20	virtualflybrain.org - GA4	sb.virtualflybrain.org	user_engagement	1	1
2023-12-20	virtualflybrain.org - GA4	sourcream.inf.ed.ac.uk	user_engagement	1	1
2023-12-20	virtualflybrain.org - GA4	v1.virtualflybrain.org	user_engagement	1	1
2023-12-20	virtualflybrain.org - GA4	v2.virtualflybrain.org	first_visit	1	1
2023-12-20	virtualflybrain.org - GA4	v2.virtualflybrain.org	page_view	3	2
2023-12-20	virtualflybrain.org - GA4	v2.virtualflybrain.org	session_start	2	2
2023-12-20	virtualflybrain.org - GA4	v2a.virtualflybrain.org	first_visit	1	1
2023-12-20	virtualflybrain.org - GA4	v2a.virtualflybrain.org	page_view	1	1
2023-12-20	virtualflybrain.org - GA4	v2a.virtualflybrain.org	session_start	1	1
2023-12-20	virtualflybrain.org - GA4	virtualflybrain.org	first_visit	3	3
2023-12-20	virtualflybrain.org - GA4	virtualflybrain.org	page_view	4	4
2023-12-20	virtualflybrain.org - GA4	virtualflybrain.org	session_start	4	4
2023-12-20	virtualflybrain.org - GA4	www.virtualflybrain.org	first_visit	16	16
2023-12-20	virtualflybrain.org - GA4	www.virtualflybrain.org	page_view	66	25
2023-12-20	virtualflybrain.org - GA4	www.virtualflybrain.org	session_start	29	26
2023-12-20	virtualflybrain.org - GA4	www.virtualflybrain.org	user_engagement	60	18
2023-12-21	virtualflybrain.org - GA4	bocian-jenkins.virtualflybrain.org	first_visit	1	1
2023-12-21	virtualflybrain.org - GA4	bocian-jenkins.virtualflybrain.org	page_view	1	1
2023-12-21	virtualflybrain.org - GA4	bocian-jenkins.virtualflybrain.org	session_start	1	1
2023-12-21	virtualflybrain.org - GA4	flybrain.inf.ed.ac.uk	first_visit	1	1
2023-12-21	virtualflybrain.org - GA4	flybrain.inf.ed.ac.uk	page_view	1	1
2023-12-21	virtualflybrain.org - GA4	flybrain.inf.ed.ac.uk	session_start	1	1
2023-12-21	virtualflybrain.org - GA4	flybrain.inf.ed.ac.uk	user_engagement	1	1
2023-12-21	virtualflybrain.org - GA4	mail.virtualflybrain.org	user_engagement	1	1
2023-12-21	virtualflybrain.org - GA4	solr.p2.virtualflybrain.org	user_engagement	1	1
2023-12-21	virtualflybrain.org - GA4	v2-dev2.virtualflybrain.org	user_engagement	1	1
2023-12-21	virtualflybrain.org - GA4	v2test1.virtualflybrain.org	user_engagement	1	1
2023-12-21	virtualflybrain.org - GA4	virtualflybrain.org	first_visit	6	6
2023-12-21	virtualflybrain.org - GA4	virtualflybrain.org	page_view	9	6
2023-12-21	virtualflybrain.org - GA4	virtualflybrain.org	session_start	9	6
2023-12-21	virtualflybrain.org - GA4	virtualflybrain.org	user_engagement	3	2
2023-12-21	virtualflybrain.org - GA4	www.virtualflybrain.org	first_visit	19	19
2023-12-21	virtualflybrain.org - GA4	www.virtualflybrain.org	page_view	47	23
2023-12-21	virtualflybrain.org - GA4	www.virtualflybrain.org	session_start	29	25
2023-12-21	virtualflybrain.org - GA4	www.virtualflybrain.org	user_engagement	44	21
2023-12-22	virtualflybrain.org - GA4	buttermilk.inf.ed.ac.uk	first_visit	1	1
2023-12-22	virtualflybrain.org - GA4	buttermilk.inf.ed.ac.uk	page_view	1	1
2023-12-22	virtualflybrain.org - GA4	buttermilk.inf.ed.ac.uk	session_start	1	1
2023-12-22	virtualflybrain.org - GA4	buttermilk.inf.ed.ac.uk	user_engagement	1	1
2023-12-22	virtualflybrain.org - GA4	v2.virtualflybrain.org	first_visit	2	2
2023-12-22	virtualflybrain.org - GA4	v2.virtualflybrain.org	page_view	2	2
2023-12-22	virtualflybrain.org - GA4	v2.virtualflybrain.org	session_start	2	2
2023-12-22	virtualflybrain.org - GA4	virtualflybrain.org	first_visit	8	8
2023-12-22	virtualflybrain.org - GA4	virtualflybrain.org	page_view	10	9
2023-12-22	virtualflybrain.org - GA4	virtualflybrain.org	session_start	10	9
2023-12-22	virtualflybrain.org - GA4	virtualflybrain.org	user_engagement	4	4
2023-12-22	virtualflybrain.org - GA4	www.virtualflybrain.org	first_visit	27	27
2023-12-22	virtualflybrain.org - GA4	www.virtualflybrain.org	page_view	36	29
2023-12-22	virtualflybrain.org - GA4	www.virtualflybrain.org	session_start	32	29
2023-12-22	virtualflybrain.org - GA4	www.virtualflybrain.org	user_engagement	28	16
2023-12-23	virtualflybrain.org - GA4	bocian-jenkins.virtualflybrain.org	first_visit	2	2
2023-12-23	virtualflybrain.org - GA4	bocian-jenkins.virtualflybrain.org	page_view	2	2
2023-12-23	virtualflybrain.org - GA4	bocian-jenkins.virtualflybrain.org	session_start	2	2
2023-12-23	virtualflybrain.org - GA4	virtualflybrain.org	first_visit	4	4
2023-12-23	virtualflybrain.org - GA4	virtualflybrain.org	page_view	4	4
2023-12-23	virtualflybrain.org - GA4	virtualflybrain.org	session_start	4	4
2023-12-23	virtualflybrain.org - GA4	virtualflybrain.org	user_engagement	1	1
2023-12-23	virtualflybrain.org - GA4	www.virtualflybrain.org	first_visit	7	7
2023-12-23	virtualflybrain.org - GA4	www.virtualflybrain.org	page_view	28	9
2023-12-23	virtualflybrain.org - GA4	www.virtualflybrain.org	session_start	11	10
2023-12-23	virtualflybrain.org - GA4	www.virtualflybrain.org	user_engagement	31	7
2023-12-24	virtualflybrain.org - GA4	129.215.197.120	first_visit	1	1
2023-12-24	virtualflybrain.org - GA4	129.215.197.120	page_view	1	1
2023-12-24	virtualflybrain.org - GA4	129.215.197.120	session_start	1	1
2023-12-24	virtualflybrain.org - GA4	bocian-jenkins.virtualflybrain.org	first_visit	1	1
2023-12-24	virtualflybrain.org - GA4	bocian-jenkins.virtualflybrain.org	page_view	1	1
2023-12-24	virtualflybrain.org - GA4	bocian-jenkins.virtualflybrain.org	session_start	1	1
2023-12-24	virtualflybrain.org - GA4	virtualflybrain.github.io	page_view	1	1
2023-12-24	virtualflybrain.org - GA4	virtualflybrain.github.io	session_start	1	1
2023-12-24	virtualflybrain.org - GA4	virtualflybrain.org	first_visit	8	8
2023-12-24	virtualflybrain.org - GA4	virtualflybrain.org	page_view	12	9
2023-12-24	virtualflybrain.org - GA4	virtualflybrain.org	session_start	10	9
2023-12-24	virtualflybrain.org - GA4	virtualflybrain.org	user_engagement	5	2
2023-12-24	virtualflybrain.org - GA4	www.virtualflybrain.org	first_visit	9	9
2023-12-24	virtualflybrain.org - GA4	www.virtualflybrain.org	page_view	58	11
2023-12-24	virtualflybrain.org - GA4	www.virtualflybrain.org	session_start	11	10
2023-12-24	virtualflybrain.org - GA4	www.virtualflybrain.org	user_engagement	49	7
2023-12-25	virtualflybrain.org - GA4	129.215.197.101	user_engagement	1	1
2023-12-25	virtualflybrain.org - GA4	129.215.197.120	user_engagement	1	1
2023-12-25	virtualflybrain.org - GA4	482bm8l9immm8z9tw8t4k.virtualflybrain.org	user_engagement	1	1
2023-12-25	virtualflybrain.org - GA4	6ca6ec05-0e7c-414b-ab69-6aba90258b6b.virtualflybrain.org	user_engagement	1	1
2023-12-25	virtualflybrain.org - GA4	981gwa2l.virtualflybrain.org	user_engagement	1	1
2023-12-25	virtualflybrain.org - GA4	admin.virtualflybrain.org	user_engagement	1	1
2023-12-25	virtualflybrain.org - GA4	blanik-jenkins.virtualflybrain.org	user_engagement	1	1
2023-12-25	virtualflybrain.org - GA4	blog.virtualflybrain.org	user_engagement	1	1
2023-12-25	virtualflybrain.org - GA4	bocian-jenkins.virtualflybrain.org	first_visit	1	1
2023-12-25	virtualflybrain.org - GA4	bocian-jenkins.virtualflybrain.org	page_view	1	1
2023-12-25	virtualflybrain.org - GA4	bocian-jenkins.virtualflybrain.org	session_start	1	1
2023-12-25	virtualflybrain.org - GA4	bocian-jenkins.virtualflybrain.org	user_engagement	1	1
2023-12-25	virtualflybrain.org - GA4	chive.inf.ed.ac.uk	user_engagement	1	1
2023-12-25	virtualflybrain.org - GA4	i3vnc.catmaid.virtualflybrain.org	user_engagement	1	1
2023-12-25	virtualflybrain.org - GA4	jitsi.virtualflybrain.org	user_engagement	1	1
2023-12-25	virtualflybrain.org - GA4	jupyter.virtualflybrain.org	user_engagement	1	1
2023-12-25	virtualflybrain.org - GA4	karenin-jenkins.virtualflybrain.org	page_view	1	1
2023-12-25	virtualflybrain.org - GA4	karenin-jenkins.virtualflybrain.org	user_engagement	1	1
2023-12-25	virtualflybrain.org - GA4	larval.virtualflybrain.org	user_engagement	1	1
2023-12-25	virtualflybrain.org - GA4	meet.virtualflybrain.org	user_engagement	1	1
2023-12-25	virtualflybrain.org - GA4	natverse4.virtualflybrain.org	user_engagement	1	1
2023-12-25	virtualflybrain.org - GA4	natverse5.virtualflybrain.org	user_engagement	1	1
2023-12-25	virtualflybrain.org - GA4	solr-dev.virtualflybrain.org	user_engagement	1	1
2023-12-25	virtualflybrain.org - GA4	solr.p2.virtualflybrain.org	user_engagement	1	1
2023-12-25	virtualflybrain.org - GA4	virtualflybrain.org	first_visit	7	7
2023-12-25	virtualflybrain.org - GA4	virtualflybrain.org	page_view	11	7
2023-12-25	virtualflybrain.org - GA4	virtualflybrain.org	session_start	7	7
2023-12-25	virtualflybrain.org - GA4	virtualflybrain.org	user_engagement	5	2
2023-12-25	virtualflybrain.org - GA4	webtop.virtualflybrain.org	user_engagement	1	1
2023-12-25	virtualflybrain.org - GA4	www.virtualflybrain.org	first_visit	10	10
2023-12-25	virtualflybrain.org - GA4	www.virtualflybrain.org	page_view	21	12
2023-12-25	virtualflybrain.org - GA4	www.virtualflybrain.org	session_start	13	12
2023-12-25	virtualflybrain.org - GA4	www.virtualflybrain.org	user_engagement	19	10
2023-12-26	virtualflybrain.org - GA4	981gwa2l.virtualflybrain.org	user_engagement	1	1
2023-12-26	virtualflybrain.org - GA4	bocian-jenkins.virtualflybrain.org	first_visit	1	1
2023-12-26	virtualflybrain.org - GA4	bocian-jenkins.virtualflybrain.org	page_view	1	1
2023-12-26	virtualflybrain.org - GA4	bocian-jenkins.virtualflybrain.org	session_start	1	1
2023-12-26	virtualflybrain.org - GA4	owl.virtualflybrain.org	first_visit	11	11
2023-12-26	virtualflybrain.org - GA4	owl.virtualflybrain.org	page_view	11	11
2023-12-26	virtualflybrain.org - GA4	owl.virtualflybrain.org	session_start	11	11
2023-12-26	virtualflybrain.org - GA4	virtualflybrain.org	first_visit	6	6
2023-12-26	virtualflybrain.org - GA4	virtualflybrain.org	page_view	14	7
2023-12-26	virtualflybrain.org - GA4	virtualflybrain.org	session_start	8	7
2023-12-26	virtualflybrain.org - GA4	virtualflybrain.org	user_engagement	6	2
2023-12-26	virtualflybrain.org - GA4	www.virtualflybrain.org	first_visit	18	18
2023-12-26	virtualflybrain.org - GA4	www.virtualflybrain.org	page_view	28	20
2023-12-26	virtualflybrain.org - GA4	www.virtualflybrain.org	session_start	21	20
2023-12-26	virtualflybrain.org - GA4	www.virtualflybrain.org	user_engagement	21	13
2023-12-27	virtualflybrain.org - GA4	12877200-fe3e-43bd-bf43-557c75765038.virtualflybrain.org	user_engagement	1	1
2023-12-27	virtualflybrain.org - GA4	129.215.197.101	first_visit	1	1
2023-12-27	virtualflybrain.org - GA4	129.215.197.101	page_view	1	1
2023-12-27	virtualflybrain.org - GA4	129.215.197.101	session_start	1	1
2023-12-27	virtualflybrain.org - GA4	blanik-jenkins.virtualflybrain.org	user_engagement	1	1
2023-12-27	virtualflybrain.org - GA4	dev.virtualflybrain.org	user_engagement	1	1
2023-12-27	virtualflybrain.org - GA4	flybrain.inf.ed.ac.uk	first_visit	1	1
2023-12-27	virtualflybrain.org - GA4	flybrain.inf.ed.ac.uk	page_view	1	1
2023-12-27	virtualflybrain.org - GA4	flybrain.inf.ed.ac.uk	session_start	2	1
2023-12-27	virtualflybrain.org - GA4	flybrain.inf.ed.ac.uk	user_engagement	1	1
2023-12-27	virtualflybrain.org - GA4	kbw.virtualflybrain.org	user_engagement	1	1
2023-12-27	virtualflybrain.org - GA4	larval.virtualflybrain.org	user_engagement	1	1
2023-12-27	virtualflybrain.org - GA4	natverse.virtualflybrain.org	user_engagement	1	1
2023-12-27	virtualflybrain.org - GA4	solr.p2.virtualflybrain.org	user_engagement	1	1
2023-12-27	virtualflybrain.org - GA4	solr.virtualflybrain.org	user_engagement	1	1
2023-12-27	virtualflybrain.org - GA4	v2test1.virtualflybrain.org	page_view	1	1
2023-12-27	virtualflybrain.org - GA4	v2test1.virtualflybrain.org	user_engagement	1	1
2023-12-27	virtualflybrain.org - GA4	vfbblog.inf.ed.ac.uk	user_engagement	1	1
2023-12-27	virtualflybrain.org - GA4	virtualflybrain.org	first_visit	6	6
2023-12-27	virtualflybrain.org - GA4	virtualflybrain.org	page_view	7	7
2023-12-27	virtualflybrain.org - GA4	virtualflybrain.org	session_start	7	7
2023-12-27	virtualflybrain.org - GA4	virtualflybrain.org	user_engagement	1	1
2023-12-27	virtualflybrain.org - GA4	www.virtualflybrain.org	first_visit	16	16
2023-12-27	virtualflybrain.org - GA4	www.virtualflybrain.org	page_view	25	19
2023-12-27	virtualflybrain.org - GA4	www.virtualflybrain.org	session_start	24	19
2023-12-27	virtualflybrain.org - GA4	www.virtualflybrain.org	user_engagement	17	13
2023-12-28	virtualflybrain.org - GA4	bocian-jenkins.virtualflybrain.org	first_visit	2	2
2023-12-28	virtualflybrain.org - GA4	bocian-jenkins.virtualflybrain.org	page_view	2	2
2023-12-28	virtualflybrain.org - GA4	bocian-jenkins.virtualflybrain.org	session_start	2	2
2023-12-28	virtualflybrain.org - GA4	flybrain.inf.ed.ac.uk	first_visit	1	1
2023-12-28	virtualflybrain.org - GA4	flybrain.inf.ed.ac.uk	page_view	1	1
2023-12-28	virtualflybrain.org - GA4	flybrain.inf.ed.ac.uk	session_start	1	1
2023-12-28	virtualflybrain.org - GA4	flybrain.inf.ed.ac.uk	user_engagement	1	1
2023-12-28	virtualflybrain.org - GA4	v2.virtualflybrain.org	first_visit	2	2
2023-12-28	virtualflybrain.org - GA4	v2.virtualflybrain.org	page_view	2	2
2023-12-28	virtualflybrain.org - GA4	v2.virtualflybrain.org	session_start	2	2
2023-12-28	virtualflybrain.org - GA4	virtualflybrain.org	first_visit	6	6
2023-12-28	virtualflybrain.org - GA4	virtualflybrain.org	page_view	6	6
2023-12-28	virtualflybrain.org - GA4	virtualflybrain.org	session_start	6	6
2023-12-28	virtualflybrain.org - GA4	www.virtualflybrain.org	first_visit	10	10
2023-12-28	virtualflybrain.org - GA4	www.virtualflybrain.org	page_view	24	15
2023-12-28	virtualflybrain.org - GA4	www.virtualflybrain.org	session_start	15	15
2023-12-28	virtualflybrain.org - GA4	www.virtualflybrain.org	user_engagement	15	9
2023-12-29	virtualflybrain.org - GA4	bocian-jenkins.virtualflybrain.org	first_visit	1	1
2023-12-29	virtualflybrain.org - GA4	bocian-jenkins.virtualflybrain.org	page_view	1	1
2023-12-29	virtualflybrain.org - GA4	bocian-jenkins.virtualflybrain.org	session_start	1	1
2023-12-29	virtualflybrain.org - GA4	virtualflybrain.org	first_visit	7	7
2023-12-29	virtualflybrain.org - GA4	virtualflybrain.org	page_view	17	7
2023-12-29	virtualflybrain.org - GA4	virtualflybrain.org	session_start	7	7
2023-12-29	virtualflybrain.org - GA4	virtualflybrain.org	user_engagement	9	2
2023-12-29	virtualflybrain.org - GA4	www.virtualflybrain.org	first_visit	11	11
2023-12-29	virtualflybrain.org - GA4	www.virtualflybrain.org	page_view	15	13
2023-12-29	virtualflybrain.org - GA4	www.virtualflybrain.org	session_start	13	13
2023-12-29	virtualflybrain.org - GA4	www.virtualflybrain.org	user_engagement	9	8
2023-12-30	virtualflybrain.org - GA4	129.215.197.101	first_visit	1	1
2023-12-30	virtualflybrain.org - GA4	129.215.197.101	page_view	1	1
2023-12-30	virtualflybrain.org - GA4	129.215.197.101	session_start	1	1
2023-12-30	virtualflybrain.org - GA4	bocian-jenkins.virtualflybrain.org	first_visit	1	1
2023-12-30	virtualflybrain.org - GA4	bocian-jenkins.virtualflybrain.org	page_view	1	1
2023-12-30	virtualflybrain.org - GA4	bocian-jenkins.virtualflybrain.org	session_start	1	1
2023-12-30	virtualflybrain.org - GA4	v2.virtualflybrain.org	first_visit	2	2
2023-12-30	virtualflybrain.org - GA4	v2.virtualflybrain.org	page_view	2	2
2023-12-30	virtualflybrain.org - GA4	v2.virtualflybrain.org	session_start	2	2
2023-12-30	virtualflybrain.org - GA4	virtualflybrain.org	first_visit	5	5
2023-12-30	virtualflybrain.org - GA4	virtualflybrain.org	page_view	5	5
2023-12-30	virtualflybrain.org - GA4	virtualflybrain.org	session_start	5	5
2023-12-30	virtualflybrain.org - GA4	virtualflybrain.org	user_engagement	1	1
2023-12-30	virtualflybrain.org - GA4	www.virtualflybrain.org	first_visit	9	9
2023-12-30	virtualflybrain.org - GA4	www.virtualflybrain.org	page_view	19	10
2023-12-30	virtualflybrain.org - GA4	www.virtualflybrain.org	session_start	10	10
2023-12-30	virtualflybrain.org - GA4	www.virtualflybrain.org	user_engagement	13	6
2023-12-31	virtualflybrain.org - GA4	virtualflybrain.org	first_visit	4	4
2023-12-31	virtualflybrain.org - GA4	virtualflybrain.org	page_view	4	4
2023-12-31	virtualflybrain.org - GA4	virtualflybrain.org	session_start	4	4
2023-12-31	virtualflybrain.org - GA4	www.virtualflybrain.org	first_visit	6	6
2023-12-31	virtualflybrain.org - GA4	www.virtualflybrain.org	page_view	12	7
2023-12-31	virtualflybrain.org - GA4	www.virtualflybrain.org	session_start	7	7
2023-12-31	virtualflybrain.org - GA4	www.virtualflybrain.org	user_engagement	8	2
