date	deviceCategory	operatingSystem	browser	activeUsers	sessions	userEngagementDuration
2026-02-01	desktop	Chrome OS	Chrome	1	1	17
2026-02-01	desktop	Linux	Chrome	7	7	67
2026-02-01	desktop	Macintosh	Chrome	33	63	360
2026-02-01	desktop	Macintosh	Safari	5	9	3
2026-02-01	desktop	Windows	Chrome	915	950	615
2026-02-01	desktop	Windows	Edge	2	4	211
2026-02-01	desktop	Windows	Firefox	1	2	468
2026-02-01	mobile	Android	Android Webview	1	1	0
2026-02-01	mobile	Android	Chrome	3	3	59
2026-02-01	mobile	Android	Firefox	1	1	0
2026-02-01	mobile	iOS	Chrome	0	1	0
2026-02-01	mobile	iOS	Safari	33	33	109
2026-02-01	tablet	Android	Chrome	1	1	119
2026-02-02	desktop	(not set)	Safari	3	3	66
2026-02-02	desktop	Linux	Chrome	9	9	49
2026-02-02	desktop	Linux	Firefox	1	1	9
2026-02-02	desktop	Macintosh	Chrome	47	95	2952
2026-02-02	desktop	Macintosh	Firefox	4	5	176
2026-02-02	desktop	Macintosh	Safari	7	11	610
2026-02-02	desktop	Windows	Chrome	842	893	2186
2026-02-02	desktop	Windows	Edge	8	12	658
2026-02-02	desktop	Windows	Opera	1	3	336
2026-02-02	mobile	Android	Chrome	10	12	260
2026-02-02	mobile	Android	Samsung Internet	1	1	46
2026-02-02	mobile	iOS	Safari	22	21	3
2026-02-03	desktop	(not set)	Safari	1	1	5
2026-02-03	desktop	Chrome OS	Chrome	2	3	50
2026-02-03	desktop	Linux	Chrome	5	7	35
2026-02-03	desktop	Macintosh	Chrome	51	102	3597
2026-02-03	desktop	Macintosh	Firefox	1	1	4
2026-02-03	desktop	Macintosh	Safari	9	21	2152
2026-02-03	desktop	Windows	Chrome	841	954	8831
2026-02-03	desktop	Windows	Edge	11	24	3025
2026-02-03	desktop	Windows	Firefox	2	3	5
2026-02-03	mobile	Android	Chrome	2	2	41
2026-02-03	mobile	iOS	Safari	34	35	113
2026-02-04	desktop	(not set)	Safari	1	1	4
2026-02-04	desktop	Linux	Chrome	3	4	332
2026-02-04	desktop	Linux	Firefox	1	1	45
2026-02-04	desktop	Macintosh	Chrome	55	109	8022
2026-02-04	desktop	Macintosh	Firefox	3	3	18
2026-02-04	desktop	Macintosh	Safari	7	9	442
2026-02-04	desktop	Windows	Chrome	1198	1283	3855
2026-02-04	desktop	Windows	Edge	9	15	2158
2026-02-04	desktop	Windows	Firefox	4	5	284
2026-02-04	desktop	Windows	Opera	2	2	15
2026-02-04	mobile	Android	Chrome	1	2	0
2026-02-04	mobile	iOS	Safari	26	26	295
2026-02-04	tablet	iOS	Chrome	1	1	284
2026-02-05	desktop	Chrome OS	Chrome	1	1	25
2026-02-05	desktop	Linux	Chrome	24	25	70
2026-02-05	desktop	Macintosh	Chrome	66	84	2952
2026-02-05	desktop	Macintosh	Firefox	2	2	51
2026-02-05	desktop	Macintosh	Safari	7	8	876
2026-02-05	desktop	Windows	Chrome	899	1011	10110
2026-02-05	desktop	Windows	Edge	11	16	140
2026-02-05	desktop	Windows	Firefox	1	1	0
2026-02-05	mobile	Android	Chrome	1	1	0
2026-02-05	mobile	iOS	Chrome	1	2	0
2026-02-05	mobile	iOS	Safari	23	23	4
2026-02-06	desktop	(not set)	(not set)	2	1	0
2026-02-06	desktop	Linux	Chrome	3	3	7
2026-02-06	desktop	Macintosh	Chrome	35	65	1292
2026-02-06	desktop	Macintosh	Firefox	2	2	540
2026-02-06	desktop	Macintosh	Safari	5	8	111
2026-02-06	desktop	Windows	Chrome	840	974	8701
2026-02-06	desktop	Windows	Edge	6	9	175
2026-02-06	desktop	Windows	Firefox	2	4	220
2026-02-06	mobile	Android	Chrome	3	3	32
2026-02-06	mobile	Android	Firefox	1	1	58
2026-02-06	mobile	Android	Opera	0	1	0
2026-02-06	mobile	Android	Phoenix Browser	1	1	0
2026-02-06	mobile	iOS	Safari	19	19	48
2026-02-07	desktop	(not set)	(not set)	62	34	0
2026-02-07	desktop	Linux	Chrome	4	4	32
2026-02-07	desktop	Linux	Firefox	1	1	0
2026-02-07	desktop	Macintosh	Chrome	46	86	1740
2026-02-07	desktop	Macintosh	Safari	4	4	102
2026-02-07	desktop	Windows	Chrome	1006	1147	2526
2026-02-07	desktop	Windows	Edge	5	5	312
2026-02-07	desktop	Windows	Firefox	1	1	0
2026-02-07	mobile	Android	Android Webview	1	1	0
2026-02-07	mobile	Android	Chrome	5	6	40
2026-02-07	mobile	iOS	Chrome	1	1	40
2026-02-07	mobile	iOS	Safari	33	33	7
2026-02-07	tablet	iOS	Chrome	1	1	0
2026-02-08	desktop	(not set)	(not set)	26	13	0
2026-02-08	desktop	Linux	Chrome	8	8	42
2026-02-08	desktop	Linux	Firefox	1	1	42
2026-02-08	desktop	Linux	Mozilla Compatible Agent	1	1	42
2026-02-08	desktop	Linux	Seznam	1	1	42
2026-02-08	desktop	Macintosh	Chrome	41	97	461
2026-02-08	desktop	Macintosh	Firefox	3	3	126
2026-02-08	desktop	Macintosh	Opera	1	1	42
2026-02-08	desktop	Macintosh	Safari	1	1	181
2026-02-08	desktop	Macintosh	Waterfox	3	3	126
2026-02-08	desktop	Macintosh	Whale Browser	1	1	42
2026-02-08	desktop	Windows	Chrome	1053	1194	3458
2026-02-08	desktop	Windows	Coc Coc	1	1	42
2026-02-08	desktop	Windows	Edge	3	4	148
2026-02-08	desktop	Windows	Firefox	7	8	257
2026-02-08	desktop	Windows	Internet Explorer	4	4	168
2026-02-08	desktop	Windows	Mozilla	1	1	42
2026-02-08	desktop	Windows	Opera	6	6	252
2026-02-08	desktop	Windows	Vivaldi	2	2	84
2026-02-08	desktop	Windows	YaBrowser	2	2	84
2026-02-08	mobile	Android	Aloha Browser	5	5	210
2026-02-08	mobile	Android	Amazon Silk	1	1	42
2026-02-08	mobile	Android	Android Runtime	1	1	42
2026-02-08	mobile	Android	Android Webview	88	88	3696
2026-02-08	mobile	Android	Chrome	223	223	9053
2026-02-08	mobile	Android	Edge	1	1	90
2026-02-08	mobile	Android	Firefox	2	2	42
2026-02-08	mobile	Android	Maxthon	1	1	42
2026-02-08	mobile	Android	Opera	23	23	966
2026-02-08	mobile	Android	Opera Mini	2	2	84
2026-02-08	mobile	Android	Phoenix Browser	3	3	126
2026-02-08	mobile	Android	Puffin	4	4	168
2026-02-08	mobile	Android	Samsung Internet	18	18	756
2026-02-08	mobile	Android	Seznam	2	2	84
2026-02-08	mobile	Android	UC Browser	29	29	1218
2026-02-08	mobile	Android	Whale Browser	2	2	84
2026-02-08	mobile	Android	YaBrowser	1	1	42
2026-02-08	mobile	iOS	Safari	29	29	185
2026-02-08	mobile	iOS	Safari (in-app)	10	10	420
2026-02-08	smart tv	Android	Amazon Silk	1	1	42
2026-02-08	smart tv	Android	Chrome	2	2	84
2026-02-08	tablet	(not set)	Mozilla Compatible Agent	1	1	42
2026-02-08	tablet	Android	Chrome	2	2	84
2026-02-08	tablet	Android	Opera	1	1	42
2026-02-08	tablet	Windows	Internet Explorer	1	1	42
2026-02-09	desktop	(not set)	(not set)	76	49	0
2026-02-09	desktop	Chrome OS	Chrome	1	1	106
2026-02-09	desktop	Linux	Chrome	2	2	0
2026-02-09	desktop	Linux	Firefox	1	2	83
2026-02-09	desktop	Macintosh	Chrome	55	115	2435
2026-02-09	desktop	Macintosh	Firefox	1	1	31
2026-02-09	desktop	Macintosh	Safari	9	16	284
2026-02-09	desktop	Windows	Chrome	1089	1246	6957
2026-02-09	desktop	Windows	Edge	12	17	1057
2026-02-09	desktop	Windows	Firefox	2	2	15
2026-02-09	mobile	Android	Chrome	28	30	533
2026-02-09	mobile	Android	Firefox	1	1	5
2026-02-09	mobile	Android	Samsung Internet	2	2	11
2026-02-09	mobile	iOS	Chrome	1	1	4
2026-02-09	mobile	iOS	Safari	23	23	3
2026-02-09	tablet	Android	Chrome	1	1	0
2026-02-10	desktop	(not set)	(not set)	9	7	0
2026-02-10	desktop	Chrome OS	Chrome	1	1	14
2026-02-10	desktop	Linux	Chrome	9	11	43
2026-02-10	desktop	Linux	Firefox	2	3	3
2026-02-10	desktop	Macintosh	Chrome	72	176	550
2026-02-10	desktop	Macintosh	Firefox	3	3	122
2026-02-10	desktop	Macintosh	Safari	9	18	411
2026-02-10	desktop	Windows	Chrome	1132	1206	5725
2026-02-10	desktop	Windows	Edge	4	8	239
2026-02-10	desktop	Windows	Firefox	4	4	46
2026-02-10	mobile	Android	Android Webview	1	1	0
2026-02-10	mobile	Android	Chrome	6	7	5
2026-02-10	mobile	iOS	Chrome	1	1	25
2026-02-10	mobile	iOS	Safari	21	21	70
2026-02-10	tablet	iOS	Safari	1	1	0
2026-02-11	desktop	(not set)	(not set)	3	3	0
2026-02-11	desktop	Chrome OS	Chrome	1	1	2
2026-02-11	desktop	Linux	Chrome	2	2	1534
2026-02-11	desktop	Linux	Firefox	2	2	123
2026-02-11	desktop	Macintosh	Chrome	56	128	2116
2026-02-11	desktop	Macintosh	Firefox	1	1	1099
2026-02-11	desktop	Macintosh	Mozilla Compatible Agent	1	1	0
2026-02-11	desktop	Macintosh	Safari	5	12	1646
2026-02-11	desktop	Windows	Chrome	1088	1137	4425
2026-02-11	desktop	Windows	Edge	6	14	2306
2026-02-11	desktop	Windows	Firefox	3	3	524
2026-02-11	mobile	Android	Chrome	3	3	41
2026-02-11	mobile	iOS	Safari	13	13	0
2026-02-12	desktop	Linux	Chrome	2	2	0
2026-02-12	desktop	Linux	Firefox	1	1	150
2026-02-12	desktop	Macintosh	Chrome	51	95	954
2026-02-12	desktop	Macintosh	Firefox	2	3	4
2026-02-12	desktop	Macintosh	Safari	5	9	527
2026-02-12	desktop	Windows	Chrome	1068	1124	5588
2026-02-12	desktop	Windows	Edge	6	12	685
2026-02-12	desktop	Windows	Firefox	2	5	513
2026-02-12	mobile	Android	Amazon Silk	1	1	12
2026-02-12	mobile	Android	Chrome	2	2	10
2026-02-12	mobile	iOS	Chrome	1	1	5
2026-02-12	mobile	iOS	Safari	20	21	46
2026-02-13	desktop	Chrome OS	Chrome	1	1	38
2026-02-13	desktop	Linux	Chrome	4	4	173
2026-02-13	desktop	Macintosh	Chrome	33	60	1770
2026-02-13	desktop	Macintosh	Firefox	4	6	26
2026-02-13	desktop	Macintosh	Opera	1	1	2
2026-02-13	desktop	Macintosh	Safari	9	13	701
2026-02-13	desktop	Windows	Chrome	859	908	8185
2026-02-13	desktop	Windows	Edge	9	13	398
2026-02-13	desktop	Windows	Firefox	2	3	194
2026-02-13	desktop	Windows	Opera	1	1	2
2026-02-13	mobile	Android	Android Webview	1	1	0
2026-02-13	mobile	Android	Chrome	7	7	27
2026-02-13	mobile	iOS	Safari	25	27	24
2026-02-13	tablet	iOS	Chrome	1	1	4
2026-02-14	desktop	Linux	Chrome	4	4	81
2026-02-14	desktop	Macintosh	Chrome	28	47	667
2026-02-14	desktop	Macintosh	Safari	2	3	0
2026-02-14	desktop	Windows	Chrome	835	942	6173
2026-02-14	desktop	Windows	Edge	1	3	0
2026-02-14	desktop	Windows	Firefox	1	1	254
2026-02-14	mobile	Android	Android Browser	1	1	0
2026-02-14	mobile	Android	Chrome	6	6	111
2026-02-14	mobile	iOS	Safari	29	29	6
2026-02-15	desktop	Linux	Chrome	18	18	70
2026-02-15	desktop	Macintosh	Chrome	38	54	2669
2026-02-15	desktop	Macintosh	Safari	2	2	0
2026-02-15	desktop	Windows	Chrome	908	1036	6050
2026-02-15	desktop	Windows	Edge	3	3	3
2026-02-15	desktop	Windows	Opera	1	2	86
2026-02-15	mobile	Android	Chrome	3	3	0
2026-02-15	mobile	iOS	Safari	21	21	19
2026-02-15	mobile	iOS	Safari (in-app)	1	1	0
2026-02-16	desktop	(not set)	Safari	1	1	3
2026-02-16	desktop	Linux	Chrome	6	6	28
2026-02-16	desktop	Macintosh	Chrome	64	107	2420
2026-02-16	desktop	Macintosh	Firefox	1	1	0
2026-02-16	desktop	Macintosh	Safari	7	7	856
2026-02-16	desktop	Windows	Chrome	736	808	8425
2026-02-16	desktop	Windows	Edge	5	6	462
2026-02-16	desktop	Windows	Opera	1	1	2
2026-02-16	mobile	Android	Chrome	1	1	7
2026-02-16	mobile	iOS	Chrome	1	1	5
2026-02-16	mobile	iOS	Safari	23	23	13
2026-02-17	desktop	Linux	Chrome	9	9	0
2026-02-17	desktop	Linux	Firefox	1	1	29
2026-02-17	desktop	Macintosh	Chrome	54	84	4188
2026-02-17	desktop	Macintosh	Firefox	1	2	792
2026-02-17	desktop	Macintosh	Safari	8	9	492
2026-02-17	desktop	Windows	Chrome	903	941	4283
2026-02-17	desktop	Windows	Edge	5	8	396
2026-02-17	desktop	Windows	Firefox	1	1	0
2026-02-17	mobile	Android	Chrome	1	1	0
2026-02-17	mobile	Android	Opera	1	1	30
2026-02-17	mobile	iOS	Safari	11	11	7
2026-02-18	desktop	(not set)	(not set)	2	2	0
2026-02-18	desktop	Linux	Chrome	7	9	504
2026-02-18	desktop	Linux	Firefox	3	3	35
2026-02-18	desktop	Macintosh	Chrome	36	56	990
2026-02-18	desktop	Macintosh	Firefox	2	3	12
2026-02-18	desktop	Macintosh	Safari	12	12	704
2026-02-18	desktop	Windows	Chrome	960	1030	7323
2026-02-18	desktop	Windows	Edge	2	2	231
2026-02-18	desktop	Windows	Firefox	1	1	39
2026-02-18	mobile	Android	Chrome	4	4	44
2026-02-18	mobile	Android	Firefox	1	1	134
2026-02-18	mobile	iOS	Chrome	1	2	0
2026-02-18	mobile	iOS	Safari	21	21	25
2026-02-18	tablet	iOS	Chrome	1	1	0
2026-02-19	desktop	Linux	Chrome	6	11	758
2026-02-19	desktop	Macintosh	Chrome	45	78	236
2026-02-19	desktop	Macintosh	Firefox	1	2	2378
2026-02-19	desktop	Macintosh	Safari	7	10	650
2026-02-19	desktop	Windows	Chrome	933	993	7492
2026-02-19	desktop	Windows	Edge	5	6	100
2026-02-19	desktop	Windows	Firefox	3	4	326
2026-02-19	desktop	Windows	Opera	1	1	20
2026-02-19	mobile	Android	Android Webview	1	1	0
2026-02-19	mobile	Android	Chrome	2	2	13
2026-02-19	mobile	iOS	Safari	10	11	6
2026-02-20	desktop	Chrome OS	Chrome	1	2	57
2026-02-20	desktop	Linux	Chrome	4	4	119
2026-02-20	desktop	Macintosh	Chrome	29	61	1266
2026-02-20	desktop	Macintosh	Firefox	1	5	3534
2026-02-20	desktop	Macintosh	Safari	9	14	1538
2026-02-20	desktop	Windows	Chrome	1058	1160	5317
2026-02-20	desktop	Windows	Edge	3	4	634
2026-02-20	desktop	Windows	Firefox	2	23	34
2026-02-20	mobile	Android	Chrome	6	6	39
2026-02-20	mobile	iOS	Chrome	1	1	32
2026-02-20	mobile	iOS	Safari	11	12	601
2026-02-21	desktop	Linux	Chrome	3	3	39
2026-02-21	desktop	Macintosh	Chrome	33	46	29
2026-02-21	desktop	Macintosh	Firefox	1	2	229
2026-02-21	desktop	Macintosh	Safari	6	10	726
2026-02-21	desktop	Windows	Chrome	1086	1144	4330
2026-02-21	desktop	Windows	Edge	1	1	0
2026-02-21	desktop	Windows	Firefox	2	4	0
2026-02-21	desktop	Windows	Opera	1	1	2
2026-02-21	mobile	Android	Android Browser	1	1	5
2026-02-21	mobile	Android	Chrome	1	1	33
2026-02-21	mobile	iOS	Safari	13	13	8
2026-02-21	tablet	iOS	Chrome	1	1	7
2026-02-22	desktop	(not set)	(not set)	1	1	0
2026-02-22	desktop	Linux	Chrome	3	3	0
2026-02-22	desktop	Macintosh	Chrome	30	49	106
2026-02-22	desktop	Macintosh	Firefox	2	6	22
2026-02-22	desktop	Macintosh	Safari	4	5	0
2026-02-22	desktop	Windows	Chrome	1123	1207	6122
2026-02-22	desktop	Windows	Edge	1	1	4
2026-02-22	desktop	Windows	Firefox	3	3	604
2026-02-22	desktop	Windows	Opera	1	1	9
2026-02-22	mobile	Android	Chrome	2	2	1
2026-02-22	mobile	iOS	Safari	26	26	30
2026-02-22	tablet	Android	Chrome	1	1	8
2026-02-22	tablet	iOS	Chrome	1	1	53
2026-02-23	desktop	Linux	Chrome	10	10	112
2026-02-23	desktop	Macintosh	Chrome	39	74	4336
2026-02-23	desktop	Macintosh	Firefox	2	4	17
2026-02-23	desktop	Macintosh	Safari	7	10	401
2026-02-23	desktop	Windows	Chrome	1202	1306	9085
2026-02-23	desktop	Windows	Edge	7	12	450
2026-02-23	desktop	Windows	Firefox	5	17	50
2026-02-23	mobile	Android	Chrome	3	3	48
2026-02-23	mobile	iOS	Chrome	1	2	0
2026-02-23	mobile	iOS	Safari	22	22	134
2026-02-24	desktop	(not set)	(not set)	1	1	0
2026-02-24	desktop	(not set)	Safari	1	1	2
2026-02-24	desktop	Linux	Chrome	4	4	94
2026-02-24	desktop	Macintosh	Chrome	34	48	1566
2026-02-24	desktop	Macintosh	Firefox	1	2	9
2026-02-24	desktop	Macintosh	Safari	10	18	419
2026-02-24	desktop	Windows	Chrome	1531	1613	12420
2026-02-24	desktop	Windows	Edge	14	22	1589
2026-02-24	desktop	Windows	Firefox	4	4	675
2026-02-24	desktop	Windows	Opera	2	2	80
2026-02-24	mobile	Android	Android Browser	1	1	6
2026-02-24	mobile	Android	Android Webview	2	2	16
2026-02-24	mobile	Android	Chrome	17	18	381
2026-02-24	mobile	Android	Firefox	5	5	120
2026-02-24	mobile	Android	Opera	1	1	0
2026-02-24	mobile	Android	Samsung Internet	3	4	27
2026-02-24	mobile	iOS	Chrome	2	2	10
2026-02-24	mobile	iOS	Safari	46	47	356
2026-02-25	desktop	(not set)	(not set)	1	1	0
2026-02-25	desktop	Chrome OS	Chrome	2	2	1159
2026-02-25	desktop	Linux	Chrome	4	4	189
2026-02-25	desktop	Macintosh	Chrome	29	60	7458
2026-02-25	desktop	Macintosh	Firefox	2	6	1257
2026-02-25	desktop	Macintosh	Opera	1	1	84
2026-02-25	desktop	Macintosh	Safari	9	16	675
2026-02-25	desktop	Windows	Chrome	1874	1958	7596
2026-02-25	desktop	Windows	Edge	15	25	1216
2026-02-25	desktop	Windows	Firefox	3	5	27
2026-02-25	mobile	Android	Chrome	4	5	139
2026-02-25	mobile	iOS	Chrome	1	1	3
2026-02-25	mobile	iOS	Safari	24	24	42
2026-02-26	desktop	Chrome OS	Chrome	1	1	0
2026-02-26	desktop	Linux	Chrome	5	5	65
2026-02-26	desktop	Macintosh	Chrome	38	68	3526
2026-02-26	desktop	Macintosh	Firefox	1	3	583
2026-02-26	desktop	Macintosh	Mozilla Compatible Agent	1	1	0
2026-02-26	desktop	Macintosh	Opera	1	2	0
2026-02-26	desktop	Macintosh	Safari	13	22	1076
2026-02-26	desktop	Windows	Chrome	1464	1553	8733
2026-02-26	desktop	Windows	Edge	7	12	323
2026-02-26	desktop	Windows	Mozilla Compatible Agent	4	4	2
2026-02-26	mobile	Android	Android Browser	1	1	5
2026-02-26	mobile	Android	Chrome	4	4	63
2026-02-26	mobile	Android	Opera	0	1	0
2026-02-26	mobile	iOS	Safari	20	21	15
2026-02-27	desktop	(not set)	(not set)	2	0	0
2026-02-27	desktop	Linux	Chrome	7	7	0
2026-02-27	desktop	Macintosh	Chrome	76	112	457
2026-02-27	desktop	Macintosh	Firefox	6	10	1365
2026-02-27	desktop	Macintosh	Safari	6	9	63
2026-02-27	desktop	Windows	Chrome	2104	2147	6470
2026-02-27	desktop	Windows	Edge	8	12	1169
2026-02-27	desktop	Windows	Firefox	3	3	3128
2026-02-27	desktop	Windows	Opera	0	1	0
2026-02-27	mobile	Android	Chrome	2	2	23
2026-02-27	mobile	iOS	Safari	20	22	195
2026-02-28	desktop	(not set)	(not set)	2	2	0
2026-02-28	desktop	Linux	Chrome	6	6	0
2026-02-28	desktop	Macintosh	Chrome	46	94	289
2026-02-28	desktop	Macintosh	Safari	3	3	58
2026-02-28	desktop	Windows	Chrome	1976	2001	7030
2026-02-28	desktop	Windows	Edge	3	3	16
2026-02-28	desktop	Windows	Firefox	1	1	9
2026-02-28	mobile	Android	Android Webview	1	1	0
2026-02-28	mobile	Android	Chrome	5	5	42
2026-02-28	mobile	iOS	Safari	41	41	8
2026-02-28	mobile	iOS	Seznam	1	1	0
