date	activeUsers	newUsers	sessions	engagedSessions	screenPageViews	userEngagementDuration	eventCount
2024-01-01	20	20	23	5	30	100	85
2024-01-02	25	22	28	9	32	565	99
2024-01-03	34	26	37	16	90	678	223
2024-01-04	30	27	36	11	46	239	135
2024-01-05	49	48	53	17	101	907	281
2024-01-06	148	145	151	7	162	265	479
2024-01-07	14	10	17	6	27	486	71
2024-01-08	57	36	63	24	93	1158	267
2024-01-09	45	40	52	13	85	1173	237
2024-01-10	39	33	48	24	80	759	229
2024-01-11	34	27	39	12	38	252	138
2024-01-12	25	21	33	11	45	312	134
2024-01-13	21	17	23	5	32	450	95
2024-01-14	39	16	42	3	31	294	115
2024-01-15	45	33	48	22	69	858	216
2024-01-16	49	31	56	17	58	342	190
2024-01-17	114	101	49	15	2317	40711	2601
2024-01-18	32	28	38	13	118	1861	286
2024-01-19	26	21	32	14	57	517	147
2024-01-20	31	11	32	3	20	140	78
2024-01-21	17	16	20	7	57	450	141
2024-01-22	44	37	48	27	109	754	284
2024-01-23	50	43	56	28	76	844	242
2024-01-24	50	33	52	18	72	559	216
2024-01-25	34	23	37	13	42	388	141
2024-01-26	33	28	37	18	78	666	210
2024-01-27	46	46	46	6	48	328	152
2024-01-28	133	129	136	2	134	86	410
2024-01-29	50	32	54	20	58	338	186
2024-01-30	34	20	40	13	48	461	152
2024-01-31	56	44	64	16	67	636	228
